timestamp,density,viscosity,diameter,length,velocity,is_anomaly,reynolds_number,friction_factor,expected_pressure_drop,actual_pressure_drop
2026-06-09 16:29:50.827177,998.9934283060225,0.0010285306498609766,0.5,1000.0,1.9576240317977296,0,950702.6081936457,0.010132702772868674,38792.38759082089,38812.259624358376
2026-06-09 16:34:50.827177,997.7234713976576,0.001048409233026643,0.5,1000.0,1.9546585891616146,0,930079.9208652208,0.010188409864489708,38838.13984734968,38884.900916367
2026-06-09 16:39:50.827177,999.2953770762014,0.0009834345808408338,0.5,1000.0,1.8204356827369985,0,924897.8007608145,0.010202651165583988,33787.61957219336,33867.391551819455
2026-06-09 16:44:50.827177,1001.046059712816,0.0009693881632746125,0.5,1000.0,1.0373352408415297,1,535606.0630748026,0.011695669939603352,12598.459047391887,40333.83090987324
2026-06-09 16:49:50.827177,997.5316932505533,0.0009457424736721101,0.5,1000.0,2.0732829081821746,0,1093408.3366036024,0.009784550512597252,41955.09582564634,41924.25054634512
2026-06-09 16:54:50.827177,997.5317260861017,0.0009587294735010522,0.5,1000.0,1.8725767880923205,0,974182.3983115768,0.010071088334531467,35227.54624969553,35336.846199893946
2026-06-09 16:59:50.827177,1001.1584256310148,0.0011474547212654363,0.5,1000.0,1.2739985905563431,1,555784.2063567011,0.011588038368260783,18830.013277255133,59183.709104411355
2026-06-09 17:04:50.827177,999.5348694583058,0.0010622339790368393,0.5,1000.0,2.048777482108434,0,963923.4733317401,0.010097778401559399,42365.60078891259,42395.02823403304
2026-06-09 17:09:50.827177,997.06105122813,0.0009324462816895989,0.5,1000.0,1.9265766678028962,0,1030040.3333639946,0.009931684552138852,36755.070607093614,36771.31453293802
2026-06-09 17:14:50.827177,999.085120087172,0.0009338771021628216,0.5,1000.0,1.9858470362662153,0,1062254.455167523,0.009855515255292595,38830.53833318263,38960.662048311744
2026-06-09 17:19:50.827177,997.0731646143751,0.0010240933030859246,0.5,1000.0,2.1598321807641034,0,1051423.098374536,0.009880799720179287,45957.79034556087,45911.19942614331
2026-06-09 17:24:50.827177,997.0685404928595,0.0010273632398688983,0.5,1000.0,2.0733547813505866,0,1006108.0373232578,0.009990226166397534,42820.09032186963,42681.09542899933
2026-06-09 17:29:50.827177,998.483924543132,0.0010274441917658683,0.5,1000.0,2.0008783654898146,0,972240.0977682405,0.01007611447032809,40278.709416831065,40181.92222781748
2026-06-09 17:34:50.827177,994.1734395106844,0.0009872522103223152,0.5,1000.0,1.9762316683039016,0,995043.1178605276,0.010017884027537928,38896.79919516716,38915.68359316551
2026-06-09 17:39:50.827177,994.5501643349739,0.0009937272869998551,0.5,1000.0,2.007660907045166,0,1004661.697002874,0.009993819782265106,40062.58166514072,39905.62759050772
2026-06-09 17:44:50.827177,996.8754249415181,0.001016393976207968,0.5,1000.0,1.9488236442057696,0,955699.484614121,0.010119432011100618,38312.64247628349,38258.20107777674
2026-06-09 17:49:50.827177,995.9743377593312,0.0010042946503146665,0.5,1000.0,1.7895250494280985,0,887349.6565223397,0.010308910719902585,32880.354471787665,32887.89611108509
2026-06-09 17:54:50.827177,998.6284946651906,0.0008890349813626232,0.5,1000.0,2.2042177910534733,0,1237968.5505851482,0.009485474739750407,46022.693528388816,45946.034317924474
2026-06-09 17:59:50.827177,996.1839518489576,0.0009885100184712403,0.5,1000.0,2.01553249991994,0,1015589.6719971739,0.009966826675956544,40334.44244056031,40367.127765335645
2026-06-09 18:04:50.827177,995.1753925973294,0.0009574296782869843,0.5,1000.0,2.0398147265122537,0,1060116.1982541827,0.009860481150260315,40829.981368934576,40902.42254516941
2026-06-09 18:09:50.827177,1000.9312975378431,0.0010087605709454255,0.5,1000.0,1.9942092250123091,0,989365.804257577,0.010032224701594832,39934.013639662124,39979.50449965739
2026-06-09 18:14:50.827177,997.5484473990269,0.0011492629501301706,0.5,1000.0,1.926488319927541,0,836086.0463910417,0.010463421753466007,38738.29379273679,38583.543296731565
2026-06-09 18:19:50.827177,998.1350564093758,0.0010183740832737152,0.5,1000.0,1.9814075519051229,0,971014.6649810313,0.010079292012908574,39497.259608288274,39505.177827045234
2026-06-09 18:24:50.827177,995.1505036275731,0.00098432351569138,0.5,1000.0,1.840060523780569,0,930150.0613135686,0.010188217787997327,34328.21357767646,34343.95780836034
2026-06-09 18:29:50.827177,996.9112345509496,0.0010460900750988626,0.5,1000.0,2.2277086498053302,0,1061489.7479489888,0.009857289777489614,48767.53410413448,48729.44109231323
2026-06-09 18:34:50.827177,998.2218451794197,0.0010241343943604606,0.5,1000.0,1.8765488001577604,0,914534.2721511013,0.010231433326541167,35965.26577291884,35996.59687420448
2026-06-09 18:39:50.827177,995.6980128451554,0.0010210047245225921,0.5,1000.0,1.8968033716152821,0,924894.5193463385,0.010202660215016649,36549.8576288514,36577.60008642596
2026-06-09 18:44:50.827177,998.7513960366913,0.0010303425296607836,0.5,1000.0,1.95597407956136,0,948001.1677362507,0.010139913652934393,38745.19461027353,38736.10708658723
2026-06-09 18:49:50.827177,996.7987226201624,0.0011028271782414772,0.5,1000.0,2.1288075724852376,0,962069.4478807894,0.010102639803164825,45636.79685054901,45536.36968274768
2026-06-09 18:54:50.827177,997.4166125004134,0.0009434555782337042,0.5,1000.0,2.0014508999262652,0,1057962.0401565207,0.009865496650606187,39417.16919442104,39414.507099191025
2026-06-09 18:59:50.827177,996.7965867755412,0.0010236816038405728,0.5,1000.0,1.8763864203969538,0,913553.3804195184,0.01023417862041677,35917.334334770094,36104.027427537534
2026-06-09 19:04:50.827177,1001.7045563690178,0.000953680943500923,0.5,1000.0,2.125433836075734,0,1116231.1527596768,0.009734147888141502,44048.666913270885,44009.43621036931
2026-06-09 19:09:50.827177,997.9730055505241,0.0010277756323171124,0.5,1000.0,2.0731000626785483,0,1006492.9714737331,0.009989270836607866,42844.305940024184,42949.03648584178
2026-06-09 19:14:50.827177,995.8845781420882,0.0009540656744256953,0.5,1000.0,2.053843495721645,0,1071934.1016737951,0.009833190501416152,41308.37910272178,41312.26480477854
2026-06-09 19:19:50.827177,999.6450898242064,0.0009791316593197458,0.5,1000.0,2.071573424117084,0,1057487.1019223714,0.009866604161190678,42326.679915029665,42246.607017496026
2026-06-09 19:24:50.827177,995.558312700058,0.0009852455042881048,0.5,1000.0,2.239436190058245,0,1131438.461312627,0.009701273319584562,48436.50828029186,48406.848610469926
2026-06-09 19:29:50.827177,998.4177271900095,0.0010487908359672355,0.5,1000.0,2.218509489503611,0,1055977.5726000245,0.009870128372122039,48501.77873732107,48500.09169995026
2026-06-09 19:34:50.827177,994.0806597522404,0.0010459227221971208,0.5,1000.0,1.9313284656996705,0,917800.2516992722,0.010222319051499945,37903.85127823419,37969.372424862086
2026-06-09 19:39:50.827177,995.3436279022031,0.0009377141311776808,0.5,1000.0,2.162388499281115,0,1147641.6651124554,0.00966684818316021,44990.972875409665,45228.9774202916
2026-06-09 19:44:50.827177,998.3937224717382,0.0010027467055499925,0.5,1000.0,2.0383168189758902,0,1014734.1822269558,0.009968926689949,41351.72395292737,41357.1904135288
2026-06-09 19:49:50.827177,999.4769331599908,0.0009645210072625413,0.5,1000.0,2.049909581613775,0,1062100.942571241,0.009855871356976818,41393.982584199926,41270.89666107077
2026-06-09 19:54:50.827177,998.34273656238,0.0009370747544662333,0.5,1000.0,1.830772916835667,0,975236.4126270309,0.01006836607763675,33690.51258751213,33525.05484738431
2026-06-09 19:59:50.827177,997.7687034352235,0.0009891491474787815,0.5,1000.0,1.9829614234611803,0,1000120.5851978805,0.010005144912316029,39253.80780844327,39211.62935151044
2026-06-09 20:04:50.827177,997.3977926088214,0.000984575860577209,0.5,1000.0,1.9187176409663436,0,971852.3561087068,0.010077119341316176,37002.14849118161,36889.33970118328
2026-06-09 20:09:50.827177,995.0429560192651,0.0011213358243172761,0.5,1000.0,2.082805881489331,0,924112.686042686,0.010204817487113268,44049.87315690569,44105.663786659614
2026-06-09 20:14:50.827177,996.5603115832106,0.0010216479912680348,0.5,1000.0,2.1071080500402806,0,1027682.8579094831,0.009937375409949135,43969.233677212454,44025.759249563096
2026-06-09 20:19:50.827177,997.0787224580804,0.0009311191249622881,0.5,1000.0,1.7925513648983689,0,959767.0034571264,0.010108693321934469,32386.773781845106,32372.17623861434
2026-06-09 20:24:50.827177,1000.1142444524378,0.0009717612997914529,0.5,1000.0,1.997796513599573,0,1028042.972691515,0.00993650505091434,39663.01939621881,39728.758040008775
2026-06-09 20:29:50.827177,998.6872365791369,0.0010510691647714699,0.5,1000.0,2.1121861504794253,0,1003460.7714049267,0.00999680855166863,44540.51721607141,44546.99315084833
2026-06-09 20:34:50.827177,994.4739196892746,0.0011044221386434963,0.5,1000.0,1.9813321037686555,0,892042.5598590089,0.01029532547741235,40192.77872746556,40379.536107002394
2026-06-09 20:39:50.827177,998.6481679387896,0.0009207008343881021,0.5,1000.0,2.0729063645002364,0,1124200.2102629836,0.009716851359122087,41696.29232770517,41758.90482234067
2026-06-09 20:44:50.827177,997.2298354391673,0.0009060037807430477,0.5,1000.0,2.0351165467627084,0,1120016.815693225,0.009725912073654861,40170.216574911945,40259.77828252677
2026-06-09 20:49:50.827177,996.646155999388,0.0010935482587685892,0.5,1000.0,2.0341660231952625,0,926956.689577216,0.010196981093885475,42051.87861324878,41907.06587216676
2026-06-09 20:54:50.827177,999.2233525776817,0.0010194807088685452,0.5,1000.0,1.9728685021931702,0,966833.5368229899,0.010090171507295957,39242.56639650469,39125.442851781765
2026-06-09 20:59:50.827177,1000.0619990449919,0.0009565853634061817,0.5,1000.0,1.878341919586429,0,981856.1138667495,0.010051352701708028,35465.06331021694,35512.947152827386
2026-06-09 21:04:50.827177,999.8625602382324,0.0010267314543061217,0.5,1000.0,1.8878469852574973,0,919221.6290350459,0.010218365106948334,36412.90299792433,36257.98064710369
2026-06-09 21:09:50.827177,996.3215649535547,0.0008682126130491561,0.5,1000.0,2.070935251445532,0,1188255.860158113,0.00958316539420434,40948.83547967842,40886.38789539091
2026-06-09 21:14:50.827177,997.3815752482976,0.001000168775329858,0.5,1000.0,2.0019458255518883,0,998183.4717806394,0.010009995476503847,40012.884843582775,40130.82610489161
2026-06-09 21:19:50.827177,998.6625268628071,0.0010163910586421542,0.5,1000.0,1.9861487755392775,0,975752.5600212226,0.010067034338345968,39659.19162726305,39594.6060472925
2026-06-09 21:24:50.827177,999.9510902542447,0.0010462135069768915,0.5,1000.0,1.9576109957677648,0,935523.7895790763,0.010173555669911849,38985.60835922452,38864.63508859581
2026-06-09 21:29:50.827177,997.0416515243094,0.0009493052023853731,0.5,1000.0,1.9694811154519247,0,1034258.8974873093,0.009921541616500202,38370.38011748538,38437.13444861596
2026-06-09 21:34:50.827177,997.6286820466723,0.001004284358070168,0.5,1000.0,2.104691179448814,0,1045371.3983475551,0.009895068874384705,43728.492945496786,43935.84617010087
2026-06-09 21:39:50.827177,995.787330051988,0.0009537287686970207,0.5,1000.0,1.9664755918131973,0,1026597.678215861,0.009940000480646721,38276.31518508927,38195.45066940301
2026-06-09 21:44:50.827177,995.6075867518387,0.0010127691877837158,0.5,1000.0,1.865893528669843,0,917137.7721710368,0.010224164533087707,35439.67610733676,35562.07868715104
2026-06-09 21:49:50.827177,999.6250516447884,0.0009552326838818488,0.5,1000.0,2.0743651775540175,0,1085383.400678878,0.009802586447691325,42164.6246947021,42071.307198045644
2026-06-09 21:54:50.827177,1000.7124800571416,0.000979594958041989,0.5,1000.0,1.9795123336135283,0,1011092.7380810307,0.009977890349769954,39125.9113928325,39114.6646147218
2026-06-09 21:59:50.827177,997.8559797568394,0.0009502092302604886,0.5,1000.0,2.0031395865532775,0,1051791.9375408883,0.009879933364116912,39558.90912877397,39551.995834803856
2026-06-09 22:04:50.827177,1000.007065795784,0.001032556812091183,0.5,1000.0,2.160757830639951,0,1046321.6516568328,0.009892821471318402,46188.66729502579,46110.469121017595
2026-06-09 22:09:50.827177,998.7232720500953,0.0010429225558328333,0.5,1000.0,1.9979439442649494,0,956635.3236053698,0.01011695624136294,40333.1034011113,40420.64293226611
2026-06-09 22:14:50.827177,996.7097604907898,0.0009882689715021292,0.5,1000.0,2.0289183673118725,0,1023123.6628147158,0.009948427573394014,40818.05449831904,40664.08240726663
2026-06-09 22:19:50.827177,998.7227912110168,0.0010019118997480014,0.5,1000.0,1.8821076508701675,0,938058.4295432774,0.010166676442228115,35967.71789124892,35987.22265226483
2026-06-09 22:24:50.827177,1001.0760731329319,0.0009275704292683228,0.5,1000.0,1.978033054764904,0,1067391.4888345243,0.009843635887865314,38555.79938623593,38663.21584405522
2026-06-09 22:29:50.827177,997.9283479217801,0.0009850161675996607,0.5,1000.0,2.06095260452086,0,1043984.4011831933,0.009898353789392305,41956.41196727838,42035.6283142028
2026-06-09 22:34:50.827177,1001.129287311628,0.0009974897691479127,0.5,1000.0,1.8444626266158757,0,925596.2376607945,0.010200725940239644,34742.491964066445,34791.613470145014
2026-06-09 22:39:50.827177,992.7605097918205,0.0011310396545514989,0.5,1000.0,2.020084509311571,0,886556.0633601116,0.010311216929464184,41772.79106561487,41931.321004935
2026-06-09 22:44:50.827177,999.6438050087504,0.0009444016487112918,0.5,1000.0,2.0100791072644806,0,1063828.6844884201,0.009851867238888971,39791.48332025112,39769.52158354305
2026-06-09 22:49:50.827177,998.1740941364764,0.001073208861937622,0.5,1000.0,2.0041287455587438,0,932003.7627714097,0.010183148061509254,40826.259076013026,40673.78646115135
2026-06-09 22:54:50.827177,997.4019852990683,0.0010498429386732904,0.5,1000.0,2.1037158898658244,0,999316.3395035901,0.010007157329977987,44172.820513222214,44186.34120177941
2026-06-09 22:59:50.827177,998.183521553071,0.001014031820224507,0.5,1000.0,2.033443851484852,0,1000831.5834241782,0.010003367506335903,41287.7285032104,41275.152272154926
2026-06-09 23:04:50.827177,994.0248621707982,0.0010879310242097567,0.5,1000.0,2.1478071898356443,0,981208.228433697,0.010053011501787949,46098.20448992244,45886.622432818454
2026-06-09 23:09:50.827177,997.5606562243249,0.0010186052736303431,0.5,1000.0,1.9006410484405964,0,930686.6853201468,0.010186748865946043,36709.216981698155,36596.70685564732
2026-06-09 23:14:50.827177,998.7142251430234,0.0010194579597833965,0.5,1000.0,2.0135924567218346,0,986310.1321981244,0.010039985860409332,40655.32977176417,40530.067168132475
2026-06-09 23:19:50.827177,1000.955788089483,0.0009973439673491228,0.5,1000.0,2.008446678638995,0,1007860.0732885698,0.00998588165028596,40320.12989196432,40238.67659941304
2026-06-09 23:24:50.827177,996.9634595634527,0.0010611784441209313,0.5,1000.0,1.893074550624492,0,889259.5602832672,0.010303371025484695,36812.389991756674,36777.27256534681
2026-06-09 23:29:50.827177,996.3830127942136,0.0010548234616905442,0.5,1000.0,2.0956295002091347,0,989762.6052857864,0.010031219057497327,43894.391810437985,43863.104414317546
2026-06-09 23:34:50.827177,996.996485912831,0.0009687161356251894,0.5,1000.0,2.2324673305852816,0,1148820.5892597542,0.00966436718892306,48021.67168896965,47943.79121610931
2026-06-09 23:39:50.827177,999.8308042354041,0.0009340376402700617,0.5,1000.0,1.9982993925516168,0,1069529.3222767366,0.009838713197581488,39281.30673331415,39155.912879190786
2026-06-09 23:44:50.827177,998.6575022193193,0.000989850968130217,0.5,1000.0,2.0505021088273767,0,1034372.536991654,0.00992126910212918,41658.55858123504,41696.30375211095
2026-06-09 23:49:50.827177,996.940479592466,0.0009599980717801176,0.5,1000.0,1.039846953007916,1,539931.0428364688,0.011672177960712777,12582.298322290706,29121.97609949311
2026-06-09 23:54:50.827177,999.0265348662267,0.0009968237712692323,0.5,1000.0,1.9286415330092823,0,966451.7055346941,0.010091167980395376,37499.15566025592,37513.82281012162
2026-06-09 23:59:50.827177,998.1941550986961,0.001061871906734207,0.5,1000.0,1.8179239722197984,0,854453.852661262,0.010406730831497214,34330.55127927691,34508.45240121033
2026-06-10 00:04:50.827177,999.9372899810658,0.0009771349172456604,0.5,1000.0,1.9294226516904636,0,987223.7822581056,0.010037662117025305,37364.57810802029,37380.865513374265
2026-06-10 00:09:50.827177,996.5958938122453,0.0009978588309344212,0.5,1000.0,1.8608041619048268,0,929224.5202693215,0.010190753798800422,35166.30515800504,35129.639380776985
2026-06-10 00:14:50.827177,997.3446757068044,0.0010029011367404198,0.5,1000.0,1.3291665890519535,1,660901.2454741357,0.011096916860287118,19552.68653342946,63689.19923240446
2026-06-10 00:19:50.827177,997.2157836937357,0.0010424215441102642,0.5,1000.0,1.9884890306076761,0,951128.0048976424,0.01013156960743915,39949.58530155283,39959.467223670785
2026-06-10 00:24:50.827177,995.0729701037358,0.0008876555333007698,0.5,1000.0,1.965408067095283,0,1101623.5292974147,0.009766257571014313,37539.5076156751,37601.08695049624
2026-06-10 00:29:50.827177,998.5922405541291,0.0009696649852617352,0.5,1000.0,2.0889153824787807,0,1075616.178692076,0.00982476436920739,42810.67016601938,42806.19812333512
2026-06-10 00:34:50.827177,998.5221105443597,0.0010105641846139737,0.5,1000.0,1.3012802081618793,1,642886.9534693366,0.011173849606661682,18893.053596289537,45590.794403842694
2026-06-10 00:39:50.827177,998.0102269132849,0.001060003947821343,0.5,1000.0,1.9233135961995447,0,905414.8536492201,0.01025709956211155,37866.901168379605,37823.226356054685
2026-06-10 00:44:50.827177,997.5308257332497,0.0009754048776246897,0.5,1000.0,2.0068072269248622,0,1026164.680987002,0.009941048877622635,39936.485833054176,39936.63515059052
2026-06-10 00:49:50.827177,995.1692585158992,0.0009061723646979063,0.5,1000.0,2.102876899142348,0,1154702.1990498244,0.009652036967594722,42476.001630117746,42606.42178668291
2026-06-10 00:54:50.827177,997.1587093544692,0.001030985572298307,0.5,1000.0,2.0501685045168787,0,991451.0129205376,0.010026945620529647,42025.41988856159,41946.830323966955
2026-06-10 00:59:50.827177,997.3145709669465,0.0009682318805587186,0.5,1000.0,0.8205440171462676,1,422595.310509452,0.01240952923360886,8332.805352395695,19515.338528287783
2026-06-10 01:04:50.827177,996.3954454615567,0.000940516667045482,0.5,1000.0,2.007811773523602,0,1063550.7995661404,0.009852510700669363,39575.33884691127,39581.77656756734
2026-06-10 01:09:50.827177,997.677428576668,0.0009687827305143389,0.5,1000.0,2.0400235855526776,0,1050434.4374457374,0.009883123833497542,41035.03053323619,41121.65422538706
2026-06-10 01:14:50.827177,998.8081017136291,0.0009907737321172075,0.5,1000.0,2.0201652905129253,0,1018273.5944427917,0.009960252639560201,40600.01749969563,40560.67520555539
2026-06-10 01:19:50.827177,1001.772371802421,0.0009697627667730893,0.5,1000.0,1.8970027725223064,0,979809.2027542741,0.01005659814313082,36254.01227796141,36492.31722666515
2026-06-10 01:24:50.827177,998.3491556256637,0.0008897216971450466,0.5,1000.0,2.004607922163315,0,1124676.757279305,0.00971582189166784,38978.11965454115,39192.869461140115
2026-06-10 01:29:50.827177,998.5151007814455,0.0010448533098443567,0.5,1000.0,1.8926311341082247,0,904347.4092538821,0.010260124959307802,36697.73391479989,36690.48664334499
2026-06-10 01:34:50.827177,997.8511081684677,0.001063743752063936,0.5,1000.0,2.0081082542900823,0,941858.9030383176,0.010156405055572361,40867.681452861376,40886.3527685447
2026-06-10 01:39:50.827177,994.1624575694019,0.0010325760995669752,0.5,1000.0,1.9519352058511759,0,939659.8962919214,0.01016234189243861,38493.01732890363,38629.890476324494
2026-06-10 01:44:50.827177,997.9469722491016,0.0009431157164787591,0.5,1000.0,2.253938162278286,0,1192489.2806793656,0.009574648820696769,48541.6251691683,48532.641696455285
2026-06-10 01:49:50.827177,998.1204604198821,0.000989925423302624,0.5,1000.0,1.9960105616248287,0,1006267.2065362645,0.009989831084763976,39725.26226820103,39644.85341647568
2026-06-10 01:54:50.827177,1002.9264842249705,0.0009996739342385272,0.5,1000.0,1.859576043373841,0,932813.1901080983,0.010180938293798852,35308.94897124968,35397.8421618732
2026-06-10 01:59:50.827177,997.6152780704377,0.0010299397194780955,0.5,1000.0,1.9865819789323076,0,962116.760739425,0.010102515599533027,39774.58017138609,39821.02145562962
2026-06-10 02:04:50.827177,998.6030946846672,0.001033417024435904,0.5,1000.0,2.051935874563789,0,991404.9536547861,0.010027062077913049,42159.37657132812,42078.64209012654
2026-06-10 02:09:50.827177,997.9305764605895,0.0009632913100610752,0.5,1000.0,2.167336394615252,0,1122636.1304584404,0.009720234021752672,45564.824126097454,45592.74054312243
2026-06-10 02:14:50.827177,995.6626439247609,0.0010040997778206781,0.5,1000.0,1.941054760006128,0,962372.3443824885,0.010101844784607723,37895.573138219035,37879.567086358205
2026-06-10 02:19:50.827177,1000.28564562903,0.001022864020230762,0.5,1000.0,1.8417572025976359,0,900551.4203523683,0.010270919986319892,34849.627182010554,34811.11761287632
2026-06-10 02:24:50.827177,999.5038660653736,0.0010727911161073384,0.5,1000.0,2.081683701143098,0,969737.2004568418,0.01008260981440996,43670.375156889,43591.791194055615
2026-06-10 02:29:50.827177,999.5820638940861,0.0010352253269912362,0.5,1000.0,1.8619401294100348,0,898916.3561193766,0.010275587320227842,35608.73397870079,35620.874289863044
2026-06-10 02:34:50.827177,996.1812250904105,0.001039452834368776,0.5,1000.0,1.9563844558492516,0,937470.8498242018,0.010168269112907084,38769.82058045583,38743.234843766884
2026-06-10 02:39:50.827177,1000.8055886218722,0.001004191331396468,0.5,1000.0,1.9742379514489006,0,983790.7942960388,0.01004640741438573,39188.57760689216,39217.04826456804
2026-06-10 02:44:50.827177,995.1962978744154,0.0010705229572601752,0.5,1000.0,1.0894174539583317,1,506380.6477321568,0.011860887859763858,14009.241099716237,28334.70668882192
2026-06-10 02:49:50.827177,999.1737141876006,0.0010204881397979748,0.5,1000.0,2.0689164457074334,0,1012852.0111025242,0.00997355475125525,42655.68101570658,42678.837652649665
2026-06-10 02:54:50.827177,1002.38091125162,0.0009569456044913215,0.5,1000.0,1.9316365717713613,0,1011674.8631957857,0.00997645470218289,37312.97363524672,37337.84209518436
2026-06-10 02:59:50.827177,996.0189273497386,0.0010701684985062595,0.5,1000.0,1.9726270747833239,0,917974.0881128388,0.010221835067934618,39617.442828188825,39563.32512137208
2026-06-10 03:04:50.827177,996.8674045407945,0.0010348951636269515,0.5,1000.0,1.9985729647050612,0,962567.1827127717,0.010101333553801368,40221.301941849575,40338.73754330106
2026-06-10 03:09:50.827177,998.1993027301753,0.0009778477989435758,0.5,1000.0,2.014959795751879,0,1028448.1211297999,0.009935526305784885,40266.22444637645,40181.37151427857
2026-06-10 03:14:50.827177,996.9930486917676,0.0009760253516300379,0.5,1000.0,2.009782717470792,0,1026479.1766693512,0.009940287348238847,40030.34046396059,39869.14126377978
2026-06-10 03:19:50.827177,994.8986731378677,0.0010148287772570382,0.5,1000.0,1.0358519082725188,1,507754.4666663669,0.011852856777513522,12653.108416585856,23477.540062395376
2026-06-10 03:24:50.827177,998.137125949612,0.0010231592397633793,0.5,1000.0,2.084383950964174,0,1016704.4020792032,0.009964093607109085,43209.91874114623,43313.34513228952
2026-06-10 03:29:50.827177,995.8753925725478,0.0010098646132815604,0.5,1000.0,2.0392634115650967,0,1005507.1857364912,0.009991718273737528,41380.128593756715,41426.01837577654
2026-06-10 03:34:50.827177,998.9471848612703,0.0010155654336721442,0.5,1000.0,2.0453585523509217,0,1005944.6196957143,0.009990631874520118,41751.721430830235,41882.91569312344
2026-06-10 03:39:50.827177,996.1611515315324,0.001084997868728819,0.5,1000.0,1.8417776833253523,0,845488.9317137554,0.010434208078873913,35258.473591513146,35126.16843899648
2026-06-10 03:44:50.827177,1001.0998688100351,0.0010535771576117444,0.5,1000.0,2.005022769916568,0,952577.6149487747,0.010127712910192798,40759.364532702646,40991.386354729395
2026-06-10 03:49:50.827177,996.4334934153276,0.0010095317795632513,0.5,1000.0,2.0479507548001608,0,1010689.6911313261,0.009978884956978549,41703.19720101268,41674.82878248864
2026-06-10 03:54:50.827177,997.3558769675886,0.001047065529038374,0.5,1000.0,2.072894119457045,0,987241.521679523,0.01003761702585099,43016.494083117046,42840.459736272904
2026-06-10 03:59:50.827177,999.6270344347394,0.0009483738048236231,0.5,1000.0,1.9307649225766206,0,1017554.8944568501,0.009962010907897539,37123.06331432502,37342.64163102259
2026-06-10 04:04:50.827177,995.5382713671321,0.0010198963524973405,0.5,1000.0,1.9340960725111356,0,943952.1261013218,0.010150769885526077,37801.84777033542,37670.837544181486
2026-06-10 04:09:50.827177,998.4549198692083,0.0010904653174866556,0.5,1000.0,1.9425899324716402,0,889339.8278063245,0.010303138534473318,38820.4234162237,38780.633844871976
2026-06-10 04:14:50.827177,1000.6142855085649,0.0009890977052303812,0.5,1000.0,2.053641389989134,0,1038776.5037106037,0.0099107368615998,41823.64327790626,41803.06805386229
2026-06-10 04:19:50.827177,994.7850335308775,0.0009576183035690458,0.5,1000.0,2.103388105492421,0,1092512.0161406042,0.009786556759626256,43072.2926849717,43116.70099922173
2026-06-10 04:24:50.827177,998.3692677170646,0.000967395555570347,0.5,1000.0,1.9592539892708398,0,1010992.3284621837,0.009978138086282584,38240.37945741409,38161.249109820754
2026-06-10 04:29:50.827177,998.5197655884969,0.0009455183481328806,0.5,1000.0,2.090796231362705,0,1103998.3343296268,0.00976100129270798,42606.36206300101,42710.29338587859
2026-06-10 04:34:50.827177,999.5636457435546,0.0009607619045936148,0.5,1000.0,2.0123479809164593,0,1046809.7635284327,0.00989166805062259,40039.26999155157,40114.63360850264
2026-06-10 04:39:50.827177,995.5260985782438,0.0009814745950704985,0.5,1000.0,1.9875714222837564,0,1008013.4695333771,0.009985501723773502,39270.64445652115,39272.5511384992
2026-06-10 04:44:50.827177,995.3590867738315,0.000929721649041068,0.5,1000.0,1.9788615770182032,0,1059283.6330014605,0.009862418090277521,38440.94247078745,38573.3754142336
2026-06-10 04:49:50.827177,999.0438831312338,0.0010007809166974802,0.5,1000.0,2.074661136460216,0,1035530.0962324451,0.009918495335801223,42650.55645769843,42643.77078561462
2026-06-10 04:54:50.827177,998.5939693464663,0.0010451138586893324,0.5,1000.0,0.8954806388990648,1,427810.59605915175,0.012371535069709989,9906.606903446216,24582.201436865194
2026-06-10 04:59:50.827177,998.5009857006918,0.000954612190992654,0.5,1000.0,2.2275825427647638,0,1164998.4075561562,0.00963063984389035,47716.79342028047,47916.60369694635
2026-06-10 05:04:50.827177,998.692896418994,0.0010759641961820884,0.5,1000.0,1.9147775357002677,0,888633.0650740837,0.01030518654050795,37733.271960410166,37762.84556463915
2026-06-10 05:09:50.827177,996.639950556843,0.0010255396044263798,0.5,1000.0,2.0518101702029976,0,996995.1320051341,0.010012976926024507,42012.24250394869,41913.67736566943
2026-06-10 05:14:50.827177,998.464507394322,0.001051529029281203,0.5,1000.0,1.9470798990188487,0,924411.0804816149,0.010203993873701436,38625.16674727545,38540.13981925577
2026-06-10 05:19:50.827177,998.5861449465974,0.0009671082723073932,0.5,1000.0,1.9130713013011356,0,987669.4008709015,0.010036529722405279,36680.177162941145,36682.07297700642
2026-06-10 05:24:50.827177,996.5712971639473,0.0010427262613533308,0.5,1000.0,1.998913286296503,0,955216.9540917219,0.010120709733946898,40300.204806128604,40060.40497854237
2026-06-10 05:29:50.827177,1001.7315490222895,0.0009454033049802344,0.5,1000.0,2.0137352479407036,0,1066857.9846368316,0.009844866285118685,39991.33642348533,39928.03747696382
2026-06-10 05:34:50.827177,998.9476658418236,0.0010445123750418255,0.5,1000.0,2.291817355506009,0,1095920.762895142,0.009778937852220915,51309.103959865795,51299.064561019106
2026-06-10 05:39:50.827177,995.6173930055947,0.0010085919669896766,0.5,1000.0,1.98158541843168,0,978047.1057118004,0.010061124699643506,39333.682001024456,39316.962248992684
2026-06-10 05:44:50.827177,999.3131072172677,0.0010276625609992392,0.5,1000.0,1.8869821270515317,0,917463.5936983945,0.010223256677817474,36376.9616287455,36251.21730397117
2026-06-10 05:49:50.827177,996.0506366595454,0.0009412202697187574,0.5,1000.0,2.0273010717494384,0,1072700.2956597954,0.009831434151037113,40247.11846910708,40202.266889963095
2026-06-10 05:54:50.827177,999.5741692074849,0.0009552465078861697,0.5,1000.0,1.792535996245363,0,937858.7958339773,0.01016721742167753,32655.24200768733,32773.22239740387
2026-06-10 05:59:50.827177,1000.3171911580148,0.0010298614109126693,0.5,1000.0,1.204285417129907,1,584868.6983758152,0.011441207973235239,16598.485657118403,37293.3456994944
2026-06-10 06:04:50.827177,996.3586353632966,0.00095258259978879,0.5,1000.0,2.0016025282295162,0,1046793.1935816755,0.009891707194801456,39485.9529106715,39495.5145501444
2026-06-10 06:09:50.827177,999.9267522584886,0.0010231603146049562,0.5,1000.0,2.079460038294521,0,1016120.1978137593,0.009965525477913292,43089.310938395094,43082.41994075599
2026-06-10 06:14:50.827177,998.825561853873,0.0009316431096769878,0.5,1000.0,2.097362224942785,0,1124303.3845148566,0.00971662842922057,42692.553085122585,42676.39041027639
2026-06-10 06:19:50.827177,999.6441203199889,0.0010424087106333335,0.5,1000.0,1.9496430381092282,0,934829.6785550517,0.010175443610557425,38664.195167932994,38687.82617419249
2026-06-10 06:24:50.827177,1001.7935859653079,0.0009383738342615746,0.5,1000.0,1.9849385985370067,0,1059545.0789152335,0.009861809638690851,38925.03536993167,38935.29225439912
2026-06-10 06:29:50.827177,997.5092237679943,0.0010276149968839762,0.5,1000.0,1.923387916938933,0,933519.4571158615,0.010179012114947738,37562.65818612799,37595.07228321509
2026-06-10 06:34:50.827177,996.4925276712851,0.0010312815466823001,0.5,1000.0,1.8871937445192306,0,911765.7882715617,0.010239191174753132,36338.97513872969,36389.15455622358
2026-06-10 06:39:50.827177,996.2209711407489,0.0009651614090785212,0.5,1000.0,2.0309894779380633,0,1048174.0624191762,0.009888447740127319,40634.895687147866,40513.784938229146
2026-06-10 06:44:50.827177,996.3683794300691,0.0010291013283542363,0.5,1000.0,1.8726414451403401,0,906538.8754924459,0.010253918626131776,35827.71120423814,35796.68433507667
2026-06-10 06:49:50.827177,997.8457965811718,0.0010130221131666778,0.5,1000.0,1.9585373099428136,0,964598.0066835313,0.010096012620596439,38643.549937693904,38663.34117868352
2026-06-10 06:54:50.827177,998.6823039496333,0.0009730579071903631,0.5,1000.0,1.9004826040100762,0,975264.848866632,0.010068292684855023,36317.085110313514,36220.50160264116
2026-06-10 06:59:50.827177,998.55338159866,0.0009495722657961896,0.5,1000.0,2.054968318629026,0,1080484.149315685,0.00981367959738944,41382.1854909525,41314.80335551656
2026-06-10 07:04:50.827177,999.654366498072,0.000901868715416371,0.5,1000.0,2.180143009926649,0,1208263.1552737989,0.009543245402143269,45343.59239663674,45321.802725874884
2026-06-10 07:09:50.827177,998.0260037837559,0.0010174825023649848,0.5,1000.0,1.8698412017196668,0,917042.8670394381,0.010224429048537414,35677.167960948944,35660.28449512529
2026-06-10 07:14:50.827177,1000.9070681543146,0.0009217598614318972,0.5,1000.0,1.814698151710243,0,985258.8958428793,0.010042662866898469,33101.78652454677,33123.4468032359
2026-06-10 07:19:50.827177,997.4706863335241,0.0010047672099720655,0.5,1000.0,1.9875113114649932,0,986539.0969504997,0.01003940326743784,39557.356297927465,39472.55322163167
2026-06-10 07:24:50.827177,1003.4403383331793,0.0009868275891958876,0.5,1000.0,2.001569779595776,0,1017632.6031133941,0.00996182072220313,40047.16230584226,40143.964351331735
2026-06-10 07:29:50.827177,999.25133469553,0.0010339571387719098,0.5,1000.0,2.02186593067573,0,976999.9906392789,0.010063819408921629,41109.50812676056,41091.80053770967
2026-06-10 07:34:50.827177,996.2856848871675,0.0009848977250255068,0.5,1000.0,1.9553679484765656,0,988988.5245211318,0.010033181339023044,38219.0190676462,38233.538837806744
2026-06-10 07:39:50.827177,995.8582150038778,0.0009835276106826454,0.5,1000.0,1.9799360701174569,0,1002379.383757424,0.009999503652636887,39037.16666815302,39000.1834239849
2026-06-10 07:44:50.827177,998.9649448304864,0.0010365935352144148,0.5,1000.0,2.0367510410540604,0,981408.2483830792,0.010052499238783283,41658.17032090422,41681.73539592347
2026-06-10 07:49:50.827177,997.5530744293483,0.0010167529014542059,0.5,1000.0,2.1040430892644837,0,1032155.7230993271,0.00992659192189446,43837.46571562125,44004.58783156531
2026-06-10 07:54:50.827177,999.4280009881842,0.0010158077978591389,0.5,1000.0,1.8044951229681718,0,887698.9118127897,0.010307896588621862,33545.40125745863,33507.489373197335
2026-06-10 07:59:50.827177,998.946475249147,0.0010234633794904263,0.5,1000.0,1.9631060560968538,0,958040.0796824751,0.010113245624964937,38933.21784278745,38878.768207345485
2026-06-10 08:04:50.827177,997.8543421746863,0.0009232213938396447,0.5,1000.0,2.021380879394106,0,1092394.3601997145,0.009786820263376012,39902.95612273787,39819.940567240104
2026-06-10 08:09:50.827177,996.3064125638632,0.001037839433999349,0.5,1000.0,1.9082023895389264,0,915919.2717514873,0.01022756328743275,37103.422512177916,37097.46032720961
2026-06-10 08:14:50.827177,994.9703055506283,0.0010306234397006802,0.5,1000.0,2.1731169631767298,0,1048970.3443369963,0.009886570605415968,46453.880202238775,46446.75983421181
2026-06-10 08:19:50.827177,997.1069700958659,0.0009491658435711751,0.5,1000.0,1.9364590119771263,0,1017133.5131922904,0.009963042520931165,37252.065150301925,37257.209451761744
2026-06-10 08:24:50.827177,999.7127975886469,0.00098779597631629,0.5,1000.0,1.9958707312992716,0,1009974.5090344464,0.009980651047476174,39746.50463723959,39793.33022521322
2026-06-10 08:29:50.827177,998.4281874882604,0.0009980346356186184,0.5,1000.0,2.055602209684229,0,1028206.3944302661,0.009936110203699213,41919.04547375847,41953.26228446321
2026-06-10 08:34:50.827177,995.508522442576,0.0009932751607799133,0.5,1000.0,1.9408715211198106,0,972617.7682344047,0.010075136181316573,37782.39486147178,37780.14271331851
2026-06-10 08:39:50.827177,998.3463618517023,0.0010166929983284267,0.5,1000.0,1.8153426952195582,0,891292.0509269906,0.010297492077874287,33878.9506400307,34074.33079683459
2026-06-10 08:44:50.827177,998.7706347594577,0.0010715683390915593,0.5,1000.0,1.9571345473083466,0,912087.6582551778,0.010238287718684246,39168.27644774826,39237.34447615747
2026-06-10 08:49:50.827177,996.2322851275977,0.0010540883363836415,0.5,1000.0,2.102944055592704,0,993759.5786261137,0.010021117235102007,44150.15102252862,44041.22502824455
2026-06-10 08:54:50.827177,998.307450211891,0.0009343890403284297,0.5,1000.0,1.966310487321486,0,1050409.585408259,0.009883182290119651,38147.43213136604,37992.911932789815
2026-06-10 08:59:50.827177,998.116417436892,0.0010311034995153024,0.5,1000.0,1.9153565698541022,0,927040.2236611838,0.010196751377785408,37337.247682362686,37267.682769809246
2026-06-10 09:04:50.827177,995.7140594043387,0.0010664466659767704,0.5,1000.0,2.092567220950272,0,976888.3286068788,0.010064106979755223,43880.21229271526,43895.47813072027
2026-06-10 09:09:50.827177,998.7155747206966,0.0010193404260344602,0.5,1000.0,1.9669225103976948,0,963562.3660316304,0.010098724336479703,39019.602549245814,38941.65258364903
2026-06-10 09:14:50.827177,999.1215690527365,0.0010545490212592985,0.5,1000.0,1.9489839186349782,0,923272.3332860238,0.01020713877431692,38738.149014606235,38675.38629012558
2026-06-10 09:19:50.827177,1000.1661024863506,0.0011006135222850382,0.5,1000.0,2.014945608966331,0,915525.8660904958,0.01022866181813793,41535.32435530338,41537.931059161034
2026-06-10 09:24:50.827177,1000.1076041040698,0.0010511854773053492,0.5,1000.0,2.0770750209618787,0,988074.2112627093,0.010035501582049234,43300.227576085366,43266.03031019674
2026-06-10 09:29:50.827177,995.2446612640858,0.0010124654297820864,0.5,1000.0,2.2381713531732546,0,1100051.4312470544,0.00976974497457724,48707.93854875976,48503.16847451292
2026-06-10 09:34:50.827177,996.1243499201697,0.0010522544237042378,0.5,1000.0,2.0827236107657425,0,985812.7730810785,0.01004125195631054,43387.50751025321,43495.22516310245
2026-06-10 09:39:50.827177,999.0300705344173,0.0010072443916548446,0.5,1000.0,2.1159839966388345,0,1049363.8182183,0.009885643697523023,44218.93428531202,44303.4299744027
2026-06-10 09:44:50.827177,999.0275719018244,0.0010011951521642479,0.5,1000.0,1.9494033801012145,0,972591.467942023,0.010075204292221588,38250.29287989982,38121.780794068516
2026-06-10 09:49:50.827177,999.0300953726121,0.0009824292882143135,0.5,1000.0,1.8974131894030524,0,964737.5654974728,0.01009564747881133,36310.86368243845,36316.55279240424
2026-06-10 09:54:50.827177,1005.7054629813094,0.0010781706679416055,0.5,1000.0,2.0062331349619122,0,935695.8428934893,0.010173087965931082,41180.00613045147,41068.3509774228
2026-06-10 09:59:50.827177,999.1417810213864,0.0009590785667028999,0.5,1000.0,2.0107169915259595,0,1047354.9434795937,0.009890380571121363,39952.321440165164,39891.44178217967
2026-06-10 10:04:50.827177,1000.2711312803611,0.0010766183862339059,0.5,1000.0,1.8921487258635403,0,878984.4994152916,0.010333350740193772,37005.769964128136,37054.38525921367
2026-06-10 10:09:50.827177,999.9080035269864,0.0010249932061870185,0.5,1000.0,1.9824705470095987,0,966976.2466453536,0.010089799200766048,39651.174467034514,39732.17917877452
2026-06-10 10:14:50.827177,999.3027825026116,0.000930034691259903,0.5,1000.0,2.039931760171913,0,1095931.9599646907,0.009778912874423305,40664.829221572116,40743.493515486734
2026-06-10 10:19:50.827177,997.3694615107194,0.0010183824646495712,0.5,1000.0,2.036039339501808,0,997014.1524148907,0.010012929170361746,41398.970418851175,41423.45433926117
2026-06-10 10:24:50.827177,999.5179384409865,0.0008949986746174188,0.5,1000.0,2.0504287853384273,0,1144940.4398937162,0.009672544825241072,40646.27247705468,40773.793050697925
2026-06-10 10:29:50.827177,996.4543495709248,0.001031275400841552,0.5,1000.0,2.029096473013744,0,980291.9785459999,0.010055359741936559,41253.463068491765,41192.40689854883
2026-06-10 10:34:50.827177,997.5263627865199,0.0010442615741494497,0.5,1000.0,1.9492991340729944,0,931029.7933630864,0.01018581021752253,38607.96776580239,38569.10484943345
2026-06-10 10:39:50.827177,997.0292729043418,0.0009703822022173973,0.5,1000.0,1.9486099373351158,0,1001059.7600388337,0.010002797428067117,37868.596478820415,37609.13369049588
2026-06-10 10:44:50.827177,998.1637482787727,0.0010061773847977792,0.5,1000.0,1.8801048602006123,0,932565.4416254592,0.010181614402053103,35923.82586541551,35914.520213632335
2026-06-10 10:49:50.827177,1002.6293171333471,0.0010977078716875143,0.5,1000.0,2.1784775039185096,0,994893.7547411311,0.010018260001899149,47669.309057357386,47727.27840376104
2026-06-10 10:54:50.827177,994.2654696148165,0.0009747126647869032,0.5,1000.0,2.001345036461929,0,1020746.0795506015,0.009954215639341178,39641.7974727263,39670.32343392719
2026-06-10 10:59:50.827177,999.372520380749,0.00094705462064717,0.5,1000.0,1.9775146944205149,0,1043379.0201575225,0.009899789263007004,38689.47103190206,38627.06899657773
2026-06-10 11:04:50.827177,994.7745682576207,0.00107408317012313,0.5,1000.0,1.9071207918547541,0,883151.0050171254,0.010321141519076163,37342.96595549988,37427.418516131336
2026-06-10 11:09:50.827177,997.0561362684211,0.0010981293595265398,0.5,1000.0,2.293565790232778,0,1041231.5385470092,0.009904889759827683,51950.73082179271,51943.34774655476
2026-06-10 11:14:50.827177,1000.1779011939348,0.0010001847835923925,0.5,1000.0,1.8926671967777104,0,946327.0865472386,0.01014439513442841,36345.60663351356,36422.24930471443
2026-06-10 11:19:50.827177,998.1285600381909,0.0010505731517704178,0.5,1000.0,1.9571152074393927,0,929708.0267749005,0.010189428582483373,38955.52801798266,39004.14298649329
2026-06-10 11:24:50.827177,995.8445104441414,0.001067073795776544,0.5,1000.0,2.041583683628606,0,952651.9684022057,0.010127515290155216,42036.7191843701,42179.1700802604
2026-06-10 11:29:50.827177,996.5693925814801,0.0009628757883730808,0.5,1000.0,2.0600212965744276,0,1066053.4811560982,0.009846723131169842,41643.065457507604,41677.001793764226
2026-06-10 11:34:50.827177,999.3591954978693,0.0009757347082316066,0.5,1000.0,2.0957932055215682,0,1073268.2737072334,0.009830133183838862,43149.708978050854,43210.70324534428
2026-06-10 11:39:50.827177,996.5392667365658,0.0010615437256577369,0.5,1000.0,2.1807608507769265,0,1023610.1286428475,0.009947245377005148,47142.578317558415,47134.9066086879
2026-06-10 11:44:50.827177,998.432917179164,0.0010842507139354255,0.5,1000.0,2.050615765546071,0,944155.3759169049,0.01015022354836279,42615.05781706836,42564.76880206046
2026-06-10 11:49:50.827177,998.0911436798076,0.0010281440430087178,0.5,1000.0,1.8943969200033333,0,919511.6196639772,0.010217559358393078,36598.166559178644,36647.23977993468
2026-06-10 11:54:50.827177,996.6967993047883,0.0009560092823248973,0.5,1000.0,1.9743054874878219,0,1029165.7186861108,0.00993379393794228,38592.85571595985,38743.12878571382
2026-06-10 11:59:50.827177,1002.2878881786506,0.0010993530555849721,0.5,1000.0,2.0307832372513883,0,925739.6574616486,0.01020033083156263,42163.23061447276,42101.642549680466
2026-06-10 12:04:50.827177,999.267838044636,0.0009734514551094018,0.5,1000.0,2.2068226041505823,0,1132674.2802751025,0.009698626061199783,47198.36691903563,47173.55328615687
2026-06-10 12:09:50.827177,993.9497148266848,0.0009832431109414274,0.5,1000.0,1.8602194521575703,0,940237.7567724516,0.01016078011467686,34947.7990142613,34950.464057783065
2026-06-10 12:14:50.827177,998.3729086295389,0.0010171168917244811,0.5,1000.0,2.1202576505225226,0,1040592.1948691856,0.009906410809609486,44461.73433682385,44530.22396781802
2026-06-10 12:19:50.827177,996.6764270704632,0.0010777080210357388,0.5,1000.0,2.0179914369546417,0,933130.5214327825,0.010180072621031776,41318.41951772497,41352.96531601379
2026-06-10 12:24:50.827177,999.7048666695924,0.0010426987988276112,0.5,1000.0,2.0837830535229482,0,998930.8811100512,0.010008122558109173,43443.96197549334,43535.26829113668
2026-06-10 12:29:50.827177,996.4149585231346,0.0010207432750180955,0.5,1000.0,1.9898005283364069,0,971187.8880007727,0.010078842542159076,39762.161306875045,39959.55225443916
2026-06-10 12:34:50.827177,997.7705271170662,0.0010231644265059053,0.5,1000.0,1.9157567369873674,0,934104.8025973976,0.01017741710136755,37269.10537109156,37205.21524009294
2026-06-10 12:39:50.827177,999.009974557961,0.0010021757334321734,0.5,1000.0,2.075087277940133,0,1034266.1569148952,0.009921524206836839,42679.660525231695,42740.63342304623
2026-06-10 12:44:50.827177,999.7315103883402,0.0010279069757259253,0.5,1000.0,2.065443102710562,0,1004414.1159932058,0.00999443557690496,42625.36642758311,42657.43040540183
2026-06-10 12:49:50.827177,995.5994071858885,0.0008735219961152848,0.5,1000.0,2.097205696573972,0,1195148.3520400957,0.009569318740986724,41903.2499368466,41905.1539585894
2026-06-10 12:54:50.827177,997.3309975283181,0.0009851696270465101,0.5,1000.0,1.9986695364621365,0,1011670.9994933379,0.00997646422751209,39746.414110407684,39807.02263277536
2026-06-10 12:59:50.827177,997.050109377678,0.001012066096745839,0.5,1000.0,1.940017797668015,0,955616.9125608491,0.01011965060162429,37974.66328866611,37947.982986626266
2026-06-10 13:04:50.827177,996.6933415348526,0.0009424492958190247,0.5,1000.0,1.8441213004976158,0,975131.1976901918,0.010068637656385127,34128.03137255639,34160.33594572109
2026-06-10 13:09:50.827177,1001.5309084805622,0.0010193161658905781,0.5,1000.0,2.0819373268139407,0,1022805.6083569431,0.00994920088085458,43190.46299993509,43059.93375696369
2026-06-10 13:14:50.827177,998.8099634219219,0.0009897764389506939,0.5,1000.0,2.0423889482443984,0,1030514.7457601517,0.009930541306028383,41374.493629659104,41320.61210184852
2026-06-10 13:19:50.827177,995.4782320913299,0.0010877737849157745,0.5,1000.0,1.207931003131614,1,552720.1685499675,0.011604064838773782,16854.899640458032,48997.39430718668
2026-06-10 13:24:50.827177,999.8357238941096,0.0010786509862607428,0.5,1000.0,1.9461426326703375,0,901970.5876701301,0.010266877514645691,38879.11439449088,38980.02269275133
2026-06-10 13:29:50.827177,1002.2443123940253,0.000976709721544092,0.5,1000.0,1.953324118804856,0,1002195.4041981248,0.009999962539604845,38240.2390619188,38266.18239159062
2026-06-10 13:34:50.827177,1000.0649305211023,0.0009924581144216652,0.5,1000.0,1.8517015568017583,0,932947.0744606078,0.010180573015390113,34909.401605472995,34864.09663003402
2026-06-10 13:39:50.827177,994.961260068092,0.0009963026217195805,0.5,1000.0,1.9182317603394865,0,957824.5845001877,0.010113814406529644,37027.40752060291,37109.9341035714
2026-06-10 13:44:50.827177,997.0315318542675,0.0009774170261920188,0.5,1000.0,1.8866169643193647,0,962238.5080020329,0.010102196029080574,35850.24727273511,35973.896010884775
2026-06-10 13:49:50.827177,1000.5338222983733,0.0010097512492014064,0.5,1000.0,1.0386588155008056,1,514588.75419011194,0.011813304598042062,12751.139565950522,33466.04301422833
2026-06-10 13:54:50.827177,996.5846610687624,0.0009620858965556205,0.5,1000.0,1.9261302501670436,0,997599.0030667911,0.010011461307018537,37015.4450615984,36869.94309293322
2026-06-10 13:59:50.827177,998.8876388562925,0.0009434692332531237,0.5,1000.0,1.8372995079133252,0,972610.2890516771,0.010075155550216958,33972.56327303102,34017.47676557642
2026-06-10 14:04:50.827177,999.5492681068587,0.0010311355611950135,0.5,1000.0,2.202259023056948,0,1067399.126516006,0.009843618278998255,47719.4869373317,47810.86376507244
2026-06-10 14:09:50.827177,996.1461390568438,0.0010314764792110907,0.5,1000.0,2.1252540731029232,0,1026229.721231992,0.009940891363274617,44727.033849045474,44785.782201679285
2026-06-10 14:14:50.827177,997.8809492878764,0.0009597842120170004,0.5,1000.0,1.9220980578480014,0,999195.9706020742,0.010007458696316326,36893.81940885219,37050.327328575186
2026-06-10 14:19:50.827177,991.5174653198618,0.00104476777153813,0.5,1000.0,2.027242139665361,0,961958.2660706397,0.010102931702808626,41167.930535495216,41324.86060204803
2026-06-10 14:24:50.827177,995.9512247173315,0.0009684211135417334,0.5,1000.0,2.0417465089821296,0,1049894.466233907,0.009884394335815361,41038.52816619508,41007.988436530395
2026-06-10 14:29:50.827177,997.4948636972136,0.001012658261901899,0.5,1000.0,2.1191085854773477,0,1043688.6801576779,0.00989905487018896,44341.54504311028,44361.44448166799
2026-06-10 14:34:50.827177,995.5044336360703,0.0010410172006306228,0.5,1000.0,1.9181394973339922,0,917139.6845180437,0.01022415920342908,37448.219899961594,37398.56641576029
2026-06-10 14:39:50.827177,1001.2648226078633,0.0009983193717648144,0.5,1000.0,2.1092106783982425,0,1057716.8566886964,0.00986606831740685,43947.381073168275,43845.174703507546
2026-06-10 14:44:50.827177,995.1397172440787,0.0010227370456070567,0.5,1000.0,1.9452094695793065,0,946360.1665023618,0.010144306484106224,38197.872244792525,38101.52831431232
2026-06-10 14:49:50.827177,997.119911026606,0.0009741785178056214,0.5,1000.0,1.8664137595831387,0,955183.412423444,0.010120798581024363,35154.26525994221,35225.96739526851
2026-06-10 14:54:50.827177,998.2614811545722,0.000990176670828595,0.5,1000.0,2.0724136559314497,0,1044667.4753525944,0.009896735339392488,42431.57582650301,42461.86457857165
2026-06-10 14:59:50.827177,1000.8825465781322,0.000989707028455983,0.5,1000.0,2.129075842412243,0,1076558.410591464,0.009822613941009759,44564.850694130044,44653.84677818013
2026-06-10 15:04:50.827177,995.1282756976411,0.000962671082672988,0.5,1000.0,2.2587908973530686,0,1167473.8814233409,0.009625530655256388,48871.51540641439,49124.67754741104
2026-06-10 15:09:50.827177,1000.3263275043099,0.0009911612918442109,0.5,1000.0,1.8800274734909785,0,948705.8229772118,0.010138030262386707,35844.59469015906,35894.581450483194
2026-06-10 15:14:50.827177,998.0204661220391,0.0009225690850568126,0.5,1000.0,2.0698919685080788,0,1119587.9965485102,0.009726843232797629,41591.70485601141,41512.91279810137
2026-06-10 15:19:50.827177,996.0369826979041,0.0009754423126428948,0.5,1000.0,1.9590198756206467,0,1000190.4882881365,0.010004970093397318,38244.49611197875,38348.00879404624
2026-06-10 15:24:50.827177,998.9242069485265,0.0009857562253315164,0.5,1000.0,2.078335871052403,0,1053049.4043116444,0.00987698258730794,42617.53165600763,42536.88042677352
2026-06-10 15:29:50.827177,998.3981193911469,0.000987191012375231,0.5,1000.0,1.852951044876875,0,936993.3555603293,0.010169564309551524,34860.53051895827,35035.364207436745
2026-06-10 15:34:50.827177,996.7995662456824,0.000987925127706461,0.5,1000.0,1.8737230224301435,0,945277.2500882616,0.01014721058440555,35511.196024906625,35314.05110903942
2026-06-10 15:39:50.827177,998.1396041699801,0.0009969117900069935,0.5,1000.0,1.9224125176833515,0,962390.0974420287,0.010101798197497932,37263.45742189878,37208.8025268652
2026-06-10 15:44:50.827177,997.2293728062765,0.0010239720759043032,0.5,1000.0,2.0078964045668086,0,977728.4553476764,0.010061944351890601,40453.82366991709,40516.037497228186
2026-06-10 15:49:50.827177,998.2270346905025,0.0010437258537066261,0.5,1000.0,1.9358918733461645,0,925750.5681922898,0.010200300776611042,38159.66021748647,38277.41231686892
2026-06-10 15:54:50.827177,999.3242613490421,0.0009675117386575867,0.5,1000.0,2.065905434391342,0,1066916.9890923428,0.009844730167916482,41988.57390043609,41920.875587807066
2026-06-10 15:59:50.827177,1001.1720336322907,0.0009398399572305428,0.5,1000.0,2.1026894618257916,0,1119953.3858917004,0.009726049780183177,43052.212378296754,42966.38658151142
2026-06-10 16:04:50.827177,995.5243690023462,0.0009478977793878449,0.5,1000.0,2.0599577541245355,0,1081729.5851619628,0.009810853662638766,41445.303193464206,41460.13991262784
2026-06-10 16:09:50.827177,1002.2660667493126,0.0009756398539402536,0.5,1000.0,2.1618787639660866,0,1110439.3269700545,0.009746815971326081,45657.11484347065,45848.014228493885
2026-06-10 16:14:50.827177,994.095824400955,0.0009824039341091745,0.5,1000.0,2.0415826629455345,0,1032940.0819449471,0.009924706955766539,41122.53510319385,40968.697339860664
2026-06-10 16:19:50.827177,997.6964298099289,0.0009615001966901272,0.5,1000.0,1.8783103289659833,0,974510.2058925647,0.010070241294753644,35446.46973758778,35415.05772787053
2026-06-10 16:24:50.827177,999.1766344129692,0.0009351941667875053,0.5,1000.0,2.136337651353834,0,1141248.9193457777,0.009680357136716368,44144.178467780715,44170.19696975329
2026-06-10 16:29:50.827177,998.5619837354701,0.0009771939586262907,0.5,1000.0,1.9394843764394003,0,990947.267563865,0.010028219670337889,37667.902504757694,37588.30756843357
2026-06-10 16:34:50.827177,996.7546009603589,0.0010090713310056986,0.5,1000.0,2.091041849968557,0,1032759.2910005334,0.009925141272693689,43256.40231746891,43176.463695697916
2026-06-10 16:39:50.827177,997.5837554992854,0.0010297514732917784,0.5,1000.0,2.1573734216555107,0,1044990.3378674928,0.009895970821525614,45947.13354332579,45923.794381864944
2026-06-10 16:44:50.827177,997.0139981306824,0.000972128847344584,0.5,1000.0,2.04566880107304,0,1049017.543188944,0.009886459395966034,41248.92989563384,41278.200878238786
2026-06-10 16:49:50.827177,996.8212704861115,0.0009793501088928283,0.5,1000.0,1.850384118683535,0,941697.0659035745,0.010156841389515154,34665.68223722635,34646.17607257668
2026-06-10 16:54:50.827177,999.6992041940421,0.0009536650845576345,0.5,1000.0,1.908178783349021,0,1000143.9929295672,0.01000508637079482,36419.024926205806,36565.581491442405
2026-06-10 16:59:50.827177,998.7140309719301,0.0009984280414812611,0.5,1000.0,2.1322744466885135,0,1066442.60743687,0.009845824783917314,44707.4046326513,44766.66501049147
2026-06-10 17:04:50.827177,996.6141808094787,0.0009575785682904593,0.5,1000.0,1.9830877314357183,0,1031964.0708263265,0.009927052771617706,38907.31387012915,38945.63027245065
2026-06-10 17:09:50.827177,999.7991997508665,0.00102865639066206,0.5,1000.0,2.007957353494217,0,975813.7767779244,0.01006687644815602,40580.41580570954,40683.18116764038
2026-06-10 17:14:50.827177,998.6145990417532,0.0009107066754032944,0.5,1000.0,0.8919276120246676,1,489011.42305882997,0.011964835272727157,9505.256753632715,18912.306274784685
2026-06-10 17:19:50.827177,999.6257242376779,0.000982018516377377,0.5,1000.0,2.0696322862080323,0,1053369.991758562,0.009876230999997024,42287.79539134315,42243.476728613
2026-06-10 17:24:50.827177,999.2592576838472,0.0010150553669595872,0.5,1000.0,2.027879981238546,0,998161.2386297743,0.010010051216967426,41133.81363145387,41107.498386144434
2026-06-10 17:29:50.827177,996.3420099781558,0.0010091917258161253,0.5,1000.0,1.9791331628779534,0,976966.7462947094,0.01006390502105025,39275.796744166306,39162.853122805165
2026-06-10 17:34:50.827177,996.879637919606,0.0011346516831990249,0.5,1000.0,1.9687331554267642,0,864842.4993337386,0.010375337170845949,40088.39370328887,40288.88152194298
2026-06-10 17:39:50.827177,999.4945872102466,0.0010174900012283954,0.5,1000.0,2.0857898825291343,0,1024450.2133332543,0.009945205478087842,43244.94210915176,43338.01450612517
2026-06-10 17:44:50.827177,999.2207405308669,0.0009497972701578995,0.5,1000.0,2.0553569531067795,0,1081154.5585918534,0.009812157911102825,41419.083222622736,41163.12504730769
2026-06-10 17:49:50.827177,997.9581968120717,0.0009952267876455463,0.5,1000.0,1.974269999938221,0,989844.2011491675,0.010031012325144398,39018.467339552306,39151.780182816605
2026-06-10 17:54:50.827177,998.2346547666176,0.0009111876833266774,0.5,1000.0,2.108211231299314,0,1154805.7272722588,0.009651820634275174,42822.313900609806,42675.72063656575
2026-06-10 17:59:50.827177,1000.5553297915768,0.000995970012535162,0.5,1000.0,1.9870965884870215,0,998122.4622218015,0.010010148436544637,39547.54990112662,39599.61679892425
2026-06-10 18:04:50.827177,996.8168572223284,0.0009583471971499621,0.5,1000.0,1.9148337825665607,0,995849.2073215002,0.010015856169544332,36607.12439011621,36386.72181476507
2026-06-10 18:09:50.827177,999.0941947623401,0.0010457695137780082,0.5,1000.0,1.9241029301096655,0,919112.6927447639,0.010218667872138156,37796.99918907625,37754.18625494659
2026-06-10 18:14:50.827177,997.5956146951322,0.0009725229862702232,0.5,1000.0,1.9021259163690234,0,975582.3253315102,0.010067473472566802,36337.37501571789,36471.468366492074
2026-06-10 18:19:50.827177,997.5646375935455,0.0009941617042102378,0.5,1000.0,1.9727589983396312,0,989755.7947081776,0.010031236313829642,38944.27050201317,39083.933890675115
2026-06-10 18:24:50.827177,1000.1975537039743,0.0009682221079297798,0.5,1000.0,2.1233724278336195,0,1096748.3031670677,0.009777092680530884,44090.788686520056,44121.466225800454
2026-06-10 18:29:50.827177,999.650832697976,0.0010869425675926667,0.5,1000.0,1.9194904818969492,0,882668.6504853149,0.010322551286344746,38019.579328264284,38098.32580758807
2026-06-10 18:34:50.827177,999.6270192720012,0.0009839378616941044,0.5,1000.0,2.0188475761018103,0,1025519.3256759547,0.009942612474503506,40508.44389816917,40367.08687558833
2026-06-10 18:39:50.827177,1000.6109576143086,0.00109162785217396,0.5,1000.0,1.9343310654372587,0,886525.9602325726,0.010311304461002967,38604.72634455391,38658.559671820905
2026-06-10 18:44:50.827177,998.0420076832655,0.0010407075881059135,0.5,1000.0,1.9739690958728562,0,946521.4350628753,0.010143874359122186,39448.76221683474,39533.859291162924
2026-06-10 18:49:50.827177,999.3639059425899,0.0010241033363667692,0.5,1000.0,1.8489958788014746,0,902164.692708813,0.010266325228161077,35076.0406334148,35333.01521718482
2026-06-10 18:54:50.827177,997.379466486813,0.001018436657365876,0.5,1000.0,1.9779461770843463,0,968525.086254479,0.010085762944692572,39354.83704579521,39292.51511582707
2026-06-10 18:59:50.827177,998.6483327049768,0.0010196898649108125,0.5,1000.0,1.9806294620195037,0,969879.3613708884,0.010082240327266345,39498.090130255514,39499.720411958326
2026-06-10 19:04:50.827177,997.7397138912646,0.0009036163710327195,0.5,1000.0,2.0540287944035693,0,1133991.2419417806,0.009695808957186176,40814.48903074701,40822.30054191222
2026-06-10 19:09:50.827177,998.1939919299855,0.0009860558302924622,0.5,1000.0,2.0223280913255373,0,1023611.2847046658,0.009947242568410807,40608.86853394065,40678.72690731827
2026-06-10 19:14:50.827177,999.1903140508738,0.0010422578985592162,0.5,1000.0,1.8801607875047954,0,901234.9296321113,0.010268972029583892,36271.47092812941,36359.52199695098
2026-06-10 19:19:50.827177,996.3635586335331,0.0009975551408262946,0.5,1000.0,1.401972506621183,1,700148.9234201119,0.01093802391250319,21420.800553402623,44523.241876874206
2026-06-10 19:24:50.827177,1002.1847745513709,0.0009297405076598213,0.5,1000.0,2.0210303040221995,0,1089253.2824540855,0.009793868205426017,40091.07550993051,40189.87172586179
2026-06-10 19:29:50.827177,995.9879652370006,0.0009973797774711266,0.5,1000.0,2.019839351717749,0,1008510.364589391,0.009984271527331166,40569.91823189448,40421.80640264341
2026-06-10 19:34:50.827177,995.5716227744246,0.0010852052758127746,0.5,1000.0,1.999081764661486,0,916982.7685421982,0.010224596570147565,40679.893342205876,40418.5736541743
2026-06-10 19:39:50.827177,1000.3162217470001,0.001062344585776736,0.5,1000.0,1.948224255277778,0,917235.4960186625,0.010223892197187405,38817.848897896,38766.4112591877
2026-06-10 19:44:50.827177,999.5833253879259,0.0009968997995316985,0.5,1000.0,2.0217802339748725,0,1013611.3029762537,0.009971686439586963,40743.23501969077,40739.693335230135
2026-06-10 19:49:50.827177,999.2482396341043,0.0010475724638529043,0.5,1000.0,2.0475588435928582,0,976552.763940681,0.010064971429618257,42165.642411335655,42104.315635406965
2026-06-10 19:54:50.827177,999.2566910185286,0.0009816746489815975,0.5,1000.0,1.8253104308654444,0,929001.1019029588,0.010191366445076275,33929.92922527808,33883.95941097797
2026-06-10 19:59:50.827177,997.9755064543061,0.000914806420658664,0.5,1000.0,1.9461239162653905,0,1061527.3117341103,0.00985720257247269,37257.57151495108,37223.94657217706
2026-06-10 20:04:50.827177,996.2054912570284,0.0009537767005935223,0.5,1000.0,1.974505302959641,0,1031170.621016676,0.009928961851016792,38562.87301584215,38620.61711578409
2026-06-10 20:09:50.827177,998.1516091163875,0.00107814443842541,0.5,1000.0,2.0256170605694277,0,937663.2927837813,0.010167747347141426,41642.41900207319,41539.049796569285
2026-06-10 20:14:50.827177,996.6456765769758,0.0009863003459085347,0.5,1000.0,2.1193311005927127,0,1070780.4105529175,0.009835838075970799,44030.11099558756,44022.32821859149
2026-06-10 20:19:50.827177,999.9502394668355,0.000987830801031249,0.5,1000.0,1.9228259185403218,0,973208.2840959162,0.010073607504965406,37242.88785988803,37235.87049826613
2026-06-10 20:24:50.827177,997.7058852369958,0.000985008090186256,0.5,1000.0,1.9502038153182157,0,987672.0015501129,0.010036523115500372,38084.28677093375,38139.7567047846
2026-06-10 20:29:50.827177,996.349005606415,0.0010952068294786503,0.5,1000.0,1.948746588935345,0,886422.3970320274,0.01031160562242235,39016.519245298805,39132.70972927009
2026-06-10 20:34:50.827177,997.357228316694,0.001081297945768103,0.5,1000.0,1.919847240989546,0,885405.1422915729,0.01031456613532409,37917.09462527539,38085.505365087534
2026-06-10 20:39:50.827177,998.8258629085512,0.0011109390116724068,0.5,1000.0,1.9652813504887738,0,883475.0693492045,0.010320194923603171,39813.20546474126,39738.60638669912
2026-06-10 20:44:50.827177,996.872550894392,0.0009920477394799974,0.5,1000.0,2.077080221998797,0,1043591.037464372,0.009899286411193108,42574.55018772008,42374.552726663635
2026-06-10 20:49:50.827177,996.3555592088671,0.0010147812244373547,0.5,1000.0,1.8946164504635654,0,930107.686035769,0.010188333828642331,36438.46909909763,36414.276276224104
2026-06-10 20:54:50.827177,998.4873744229839,0.0009241678725289605,0.5,1000.0,2.04278143951529,0,1103528.6643756966,0.009762039715556942,40674.94313121157,40516.081445381584
2026-06-10 20:59:50.827177,998.4899331422174,0.0010738467213059137,0.5,1000.0,1.1480630021741702,1,533749.057262977,0.01170582951162328,15405.554267044308,30963.59097114334
2026-06-10 21:04:50.827177,996.9861136492577,0.0009416110224366033,0.5,1000.0,1.9438662003557794,0,1029091.3988729034,0.009933973284917064,37423.53720697606,37336.24915509176
2026-06-10 21:09:50.827177,997.0579233887634,0.0010108387781881316,0.5,1000.0,1.9670510699782013,0,970117.0440589741,0.010081622722875298,38893.95445125286,38950.33782781813
2026-06-10 21:14:50.827177,998.4640998747153,0.0009451348736183578,0.5,1000.0,2.1674859672914066,0,1144893.1711922896,0.009672644660222697,45372.245862201155,45465.6524728686
2026-06-10 21:19:50.827177,995.1038313170053,0.0009705566586630652,0.5,1000.0,1.9725197695247312,0,1011204.2210428109,0.009977615328479324,38631.17198964467,38665.23422246847
2026-06-10 21:24:50.827177,995.1850724512469,0.000958136878447515,0.5,1000.0,1.7798756526549082,0,924348.9736099403,0.010204165270595091,32170.711173920587,32378.383209051506
2026-06-10 21:29:50.827177,996.5631115574952,0.0009696062369662092,0.5,1000.0,1.800111109313875,0,925078.7896435366,0.010202152099464,32945.43344338226,32925.18532937068
2026-06-10 21:34:50.827177,997.5731056965762,0.0009730438648425511,0.5,1000.0,2.003402958634668,0,1026953.1434383384,0.00993914022153309,39795.152329964236,39711.66415422709
2026-06-10 21:39:50.827177,998.6218151311961,0.0009725865602537462,0.5,1000.0,2.061377085578991,0,1058279.1347300122,0.009864757562280307,41860.301660565194,41771.639199350066
2026-06-10 21:44:50.827177,1000.9507124338991,0.0010416666955890153,0.5,1000.0,2.037545585762725,0,978951.6715481197,0.010058799736835511,41799.73444077532,41874.73501023569
2026-06-10 21:49:50.827177,999.7153192464041,0.000944756860346874,0.5,1000.0,2.016757010580099,0,1067037.9667495887,0.009844451114342683,40029.02430179135,40010.04447716485
2026-06-10 21:54:50.827177,997.6801229400731,0.0010110270713506934,0.5,1000.0,2.1162259597505666,0,1044144.4326867933,0.00989797449811774,44224.377183768396,44135.728284828074
2026-06-10 21:59:50.827177,997.9619675841947,0.001060897957615278,0.5,1000.0,1.9460408779262868,0,915297.6351750415,0.010229299391780983,38660.17340981519,38704.30393136755
2026-06-10 22:04:50.827177,995.9949412707244,0.0009743401817743303,0.5,1000.0,1.3691197501101178,1,699774.2526743865,0.010939487718503556,20423.820665366155,60132.53220065658
2026-06-10 22:09:50.827177,997.9629737280152,0.0009641040554626199,0.5,1000.0,1.8367985114973582,0,950653.0411769265,0.01013283484997938,34116.811060851236,34143.941579479855
2026-06-10 22:14:50.827177,997.4226827221597,0.0009884737687409874,0.5,1000.0,1.9095052167061934,0,963396.2357670383,0.01009915967014734,36728.752472423956,36818.712111657514
2026-06-10 22:19:50.827177,998.6454371206762,0.0010589862604180355,0.5,1000.0,1.8192958605068184,0,857816.3748557384,0.010396517567895907,34364.17139842007,34372.9812597051
2026-06-10 22:24:50.827177,996.3455381128954,0.0010097053815476679,0.5,1000.0,1.9725154699330207,0,973208.1373647926,0.010073607884666214,39051.33256723828,38991.97003352015
2026-06-10 22:29:50.827177,999.0386930284824,0.0009734392852696201,0.5,1000.0,1.9953738782733657,0,1023924.0092417558,0.009946482965368517,39564.02039701966,39645.16040417081
2026-06-10 22:34:50.827177,1001.0654778260051,0.001024193832559402,0.5,1000.0,2.011410149222652,0,982994.2331833302,0.010048442051655088,40697.00893025428,40608.000104901446
2026-06-10 22:39:50.827177,997.7824797030863,0.0009448853925081789,0.5,1000.0,2.0061883352887135,0,1059249.9301011537,0.009862496539215379,39606.470242302814,39493.581707582816
2026-06-10 22:44:50.827177,998.8034234441978,0.0010340679755221475,0.5,1000.0,1.9072446669188272,0,921101.1982564841,0.01021314829720028,37106.712435878275,37222.30740079834
2026-06-10 22:49:50.827177,999.3802879834222,0.0010204303653850884,0.5,1000.0,1.9809759155586784,0,970055.5511360843,0.010081782490455441,39539.07395903808,39504.28916193642
2026-06-10 22:54:50.827177,997.1975590562283,0.0009846095764430558,0.5,1000.0,1.8502553331394251,0,936955.1881177096,0.010169667873824942,34717.72876551043,34884.29715645493
2026-06-10 22:59:50.827177,998.4481849636209,0.0009580707100776385,0.5,1000.0,2.136322897513225,0,1113178.6501152155,0.009740814160074015,44386.876036646376,44472.53551531904
2026-06-10 23:04:50.827177,998.0251848015636,0.0009556659538858272,0.5,1000.0,1.9696373927102,0,1028470.102371416,0.009935473217961958,38468.266741505264,38425.88287011518
2026-06-10 23:09:50.827177,998.1953521970977,0.0010267408668172956,0.5,1000.0,1.9511113880956308,0,948433.2328433812,0.010138758629215738,38526.934536492015,38575.556679718284
2026-06-10 23:14:50.827177,996.4539804322891,0.0010614490251244532,0.5,1000.0,2.158894032844408,0,1013349.9119786267,0.00997232942009775,46314.450373531035,46567.288400975725
2026-06-10 23:19:50.827177,998.0490203485178,0.0009681346126485603,0.5,1000.0,1.875775346645077,0,966867.4803348922,0.010090082948012322,35433.02710173875,35508.45441601999
2026-06-10 23:24:50.827177,998.9959965824909,0.0010229193351775742,0.5,1000.0,1.887441288596803,0,921649.5505803406,0.010211628833116401,36341.73616281572,36399.90605348997
2026-06-10 23:29:50.827177,1000.90228721559,0.0008956486490698965,0.5,1000.0,1.8903779675131436,0,1056264.436590584,0.009869458162864124,35300.616159695885,35241.14405233122
2026-06-10 23:34:50.827177,999.9185416521705,0.00097076911346714,0.5,1000.0,1.9932128618300518,0,1026531.6800640662,0.009940160243335357,39488.02101424851,39672.476483868384
2026-06-10 23:39:50.827177,1002.3063649150231,0.0009984470533564549,0.5,1000.0,2.0431631629637597,0,1025530.3152601805,0.009942585838134335,41601.20756886965,41733.001340220944
2026-06-10 23:44:50.827177,996.4653048742239,0.0009545158291509084,0.5,1000.0,2.0739675468117835,0,1082557.5861174723,0.009808977151099619,42042.62436060372,41984.068157431044
2026-06-10 23:49:50.827177,999.7446412734414,0.0009531746812605202,0.5,1000.0,2.257199531749497,0,1183740.5989252792,0.009592290860218325,48859.75973833846,49047.80102387944
2026-06-10 23:54:50.827177,998.3666840114767,0.0009666110221765558,0.5,1000.0,1.7750567545799236,0,916685.9705425744,0.010225424081292562,32165.913933226562,32182.389054876796
2026-06-10 23:59:50.827177,1002.3796058664353,0.0010146096364163186,0.5,1000.0,2.0608735589124416,0,1018015.9696785953,0.009960882728953912,42406.53066266319,42322.49249519618
2026-06-11 00:04:50.827177,996.3834034292897,0.0009906335490796813,0.5,1000.0,1.944286942742777,0,977786.0052553873,0.0100617962937401,37898.561391707226,37838.709521025376
2026-06-11 00:09:50.827177,996.3205563156384,0.0008880884383337514,0.5,1000.0,1.9413584851111227,0,1088976.774386913,0.009794489849939098,36778.36240028119,36866.13253698867
2026-06-11 00:14:50.827177,996.801214709112,0.0008939649923682467,0.5,1000.0,0.8488859606503844,1,473268.28452430916,0.012063119342373392,8664.966440218142,16156.323489915612
2026-06-11 00:19:50.827177,993.7522085513804,0.0009696567411071412,0.5,1000.0,1.9091230329192026,0,978281.8753951914,0.010060521024026735,36438.997007118094,36328.685368012804
2026-06-11 00:24:50.827177,996.9484899566385,0.0010228843293026775,0.5,1000.0,1.0412659987477981,1,507432.0406308775,0.011854739177043222,12814.099670519121,37225.92844559648
2026-06-11 00:29:50.827177,996.4817346768926,0.0008626247578637383,0.5,1000.0,2.0842297327013903,0,1203824.0501297482,0.009552030949884759,41348.16471361575,41319.21339117479
2026-06-11 00:34:50.827177,998.3007875729525,0.0009750134911924185,0.5,1000.0,2.0023195978557373,0,1025071.5757109737,0.00994369802683835,39799.36444837589,39732.03289581204
2026-06-11 00:39:50.827177,998.6835119515544,0.000973687607174129,0.5,1000.0,2.1351015752487,0,1094956.2897955936,0.009781090542890255,44529.953427211476,44484.558937817674
2026-06-11 00:44:50.827177,1001.7523416784318,0.0010694168889104224,0.5,1000.0,1.0886404567933194,1,509879.7943754622,0.011840485882526152,14057.200208658247,32299.942548647483
2026-06-11 00:49:50.827177,999.9008476763721,0.0009807489094143568,0.5,1000.0,1.8669294868669073,0,951693.3225982074,0.010130064702502963,35304.087117873234,35329.737361521176
2026-06-11 00:54:50.827177,996.8461926886752,0.0010191494492370464,0.5,1000.0,1.7822032267805312,0,871600.5795536786,0.01035516676137092,32786.8506966193,32735.28662130445
2026-06-11 00:59:50.827177,996.2031706573033,0.0010070628570043733,0.5,1000.0,1.9300585459876713,0,954622.8568028666,0.010122283990068382,37563.61695828699,37520.83215005897
2026-06-11 01:04:50.827177,998.983838343013,0.00089347167600964,0.5,1000.0,1.1439147603739284,1,639501.1664831137,0.011188610093129832,14625.87743126629,39133.88246417931
2026-06-11 01:09:50.827177,995.3595335859587,0.0010384103608315869,0.5,1000.0,2.0102858577932334,0,963471.3159954903,0.010098962915619847,40623.037414361315,40615.59599356896
2026-06-11 01:14:50.827177,1001.6629175317087,0.0010107698252728144,0.5,1000.0,2.014934191105988,0,998389.9449871622,0.010009477904142009,40705.65562675141,40698.63700112967
2026-06-11 01:19:50.827177,1000.3588802414425,0.0010254134319837296,0.5,1000.0,1.8588943168933918,0,906737.4091917301,0.01025335729615124,35443.06918493954,35531.09395124453
2026-06-11 01:24:50.827177,997.0616486957906,0.0011963118853218163,0.5,1000.0,2.0803154742614023,0,866915.5602414098,0.01036912894782347,44742.751311024076,44762.45515145328
2026-06-11 01:29:50.827177,994.5737309418182,0.0008957943530250707,0.5,1000.0,2.0239627518238996,0,1123572.7143015533,0.009718207748513551,39593.89203168501,39616.53779934494
2026-06-11 01:34:50.827177,1000.7077447483308,0.0010862348324880554,0.5,1000.0,2.0733054281466,0,955029.583438566,0.010121206101945503,43537.76180541657,43680.44034078658
2026-06-11 01:39:50.827177,997.7709203094947,0.0009856276240299822,0.5,1000.0,1.8107237822409947,0,916516.283931754,0.0102258973399605,33453.124148531824,33640.789291721034
2026-06-11 01:44:50.827177,1000.4756326239469,0.0010143664452201505,0.5,1000.0,2.031149085879779,0,1001667.1865600247,0.010001280620208159,41280.57442828991,41157.477299670114
2026-06-11 01:49:50.827177,994.8111446824113,0.0009977243877349379,0.5,1000.0,1.8812234760082474,0,937865.2574684655,0.010167199909297165,35795.03440639079,35637.14359515123
2026-06-11 01:54:50.827177,996.8012499540924,0.0009787881833300978,0.5,1000.0,1.9602676747448637,0,998171.6686557576,0.010010025067782202,38341.97641382701,38307.03580236477
2026-06-11 01:59:50.827177,998.0104873994363,0.0009715083535880621,0.5,1000.0,2.053436489863638,0,1054726.4696817836,0.009873054025758284,41547.90873497427,41626.22159226373
2026-06-11 02:04:50.827177,998.0939611875294,0.0010164754367786505,0.5,1000.0,0.8260537930318668,1,405557.9075545824,0.012537855389145557,8539.085140630685,29299.4073936998
2026-06-11 02:09:50.827177,997.0998690570415,0.000924141315166416,0.5,1000.0,1.9148460020220681,0,1033009.0574604302,0.009924541279842655,36284.13769899563,36389.54766926682
2026-06-11 02:14:50.827177,999.245699864695,0.0010375289583760884,0.5,1000.0,2.0006273156184418,0,963403.587930953,0.010099140402290464,40391.41672755132,40352.18034298211
2026-06-11 02:19:50.827177,995.8647591412348,0.0009791902797557372,0.5,1000.0,1.8468464684756356,0,939148.0652555736,0.010163726216030886,34523.50718700722,34327.83650378942
2026-06-11 02:24:50.827177,997.7152410299574,0.0009434965330479821,0.5,1000.0,2.1150267395898297,0,1118284.1374401513,0.009729677237893199,43424.69381819895,43288.01564507115
2026-06-11 02:29:50.827177,998.2405912634238,0.0009774993571002094,0.5,1000.0,1.979471598050375,0,1010736.6741850398,0.00997876899040865,39031.09575891046,39087.569164776316
2026-06-11 02:34:50.827177,999.0288776681175,0.0010628574608431286,0.5,1000.0,2.1118549944255327,0,992515.0843863451,0.010024257077288818,44664.08362659432,44770.25898715014
2026-06-11 02:39:50.827177,999.4232297561778,0.0009732332456491888,0.5,1000.0,1.9473468312903957,0,999875.2448522708,0.01000575859884636,37921.54969585802,37730.87001104781
2026-06-11 02:44:50.827177,995.7507158163243,0.001017922680910481,0.5,1000.0,1.9476424011593416,0,952609.8354415153,0.010127627270713965,38253.993381290886,38395.05913462169
2026-06-11 02:49:50.827177,994.9317716585288,0.0009634521862142264,0.5,1000.0,1.9235813213362154,0,993215.9578600761,0.010022488178048163,36896.906426102374,36943.36967728233
2026-06-11 02:54:50.827177,1000.555353643797,0.001037896092496181,0.5,1000.0,2.0876173931693076,0,1006255.2379746742,0.009989860789795765,43561.45422504772,43554.41201521978
2026-06-11 02:59:50.827177,998.6646280239592,0.0010342753869395102,0.5,1000.0,1.9290568842671525,0,931319.114856005,0.010185019050148606,37850.49662513277,37787.814309347654
2026-06-11 03:04:50.827177,996.503026926887,0.0010924304416648205,0.5,1000.0,2.064459543241518,0,941588.6382079937,0.010157133777111057,43138.25245878529,43297.36856646819
2026-06-11 03:09:50.827177,1001.1023039510451,0.0009912218027250392,0.5,1000.0,1.961754760233071,0,990654.768114014,0.010028959818195566,38638.813543980716,38728.514187249624
2026-06-11 03:14:50.827177,998.2313492685857,0.0010334327402378954,0.5,1000.0,0.9283079140947911,1,448343.6732468104,0.012227388561397375,10518.384054059508,34752.449622553584
2026-06-11 03:19:50.827177,1000.3585943681277,0.0010049033769769472,0.5,1000.0,1.9429685932213534,0,967090.6553540818,0.010089500776800773,38102.80489073544,38029.664640515104
2026-06-11 03:24:50.827177,998.1350369628202,0.0010647935890931506,0.5,1000.0,1.8820891785637153,0,882133.0120013878,0.010324117914360553,36502.503562983235,36663.921685673275
2026-06-11 03:29:50.827177,1002.121495849764,0.0009640583806195635,0.5,1000.0,2.0033902723682337,0,1041244.2321316095,0.009904859572594224,39838.21049939244,39841.245615187916
2026-06-11 03:34:50.827177,1001.5106816848864,0.001037250265643864,0.5,1000.0,1.880959226432551,0,908074.3671425275,0.01024958120602834,36317.87831708382,36347.780062789636
2026-06-11 03:39:50.827177,997.5020717030419,0.000990265135194166,0.5,1000.0,2.0925975100714616,0,1053945.1897029728,0.00987488321862777,43133.74664813316,43141.052587950915
2026-06-11 03:44:50.827177,999.9431419019087,0.0009967905911445751,0.5,1000.0,1.9908924139646973,0,998594.5058543349,0.010008965257423067,39669.80552780459,39593.250481342446
2026-06-11 03:49:50.827177,999.2907518991703,0.0010045876242224187,0.5,1000.0,1.2204756159126868,1,607020.2172976235,0.011335369615818007,16872.74597224041,39488.333384175974
2026-06-11 03:54:50.827177,1000.7372631150647,0.0010126120198213338,0.5,1000.0,2.0655892137787584,0,1020683.1718636305,0.009954369012647018,42503.209109501666,42572.9029656475
2026-06-11 03:59:50.827177,996.0701530788398,0.0009941885478439022,0.5,1000.0,2.0963906934075864,0,1050179.165422961,0.009883724363187947,43266.82212985745,43222.661388844084
2026-06-11 04:04:50.827177,999.3721029199969,0.0010107356591585264,0.5,1000.0,1.9979901248230347,0,987763.5040204959,0.010036290671560148,40039.360069965514,40062.76773604275
2026-06-11 04:09:50.827177,1000.1168489736991,0.0010789059028781093,0.5,1000.0,1.922879970045071,0,891229.0921135977,0.010297673933671522,38079.76251269415,38085.61245513184
2026-06-11 04:14:50.827177,994.4825210271538,0.0010492724842807609,0.5,1000.0,1.822603038388787,0,863715.9992292507,0.0103787185214089,34286.65109117526,34378.16422412273
2026-06-11 04:19:50.827177,995.6334829746685,0.001043457729624845,0.5,1000.0,1.931395024296482,0,921437.2084490736,0.010212217091234065,37928.15772608859,37898.26359896173
2026-06-11 04:24:50.827177,993.9215356444798,0.0009772230236988065,0.5,1000.0,1.9382787753352038,0,985699.7687162762,0.010041539735753079,37495.99582618207,37518.652922550515
2026-06-11 04:29:50.827177,997.4611863311109,0.0009555379585885838,0.5,1000.0,2.0107057452992296,0,1049461.677603789,0.009885413237262358,39864.6423075845,39908.35924771706
2026-06-11 04:34:50.827177,999.435084511592,0.0010477650279118876,0.5,1000.0,1.9654853118861972,0,937411.9800057259,0.010168428751911322,39259.79669647305,39227.639986895294
2026-06-11 04:39:50.827177,1001.0047141041921,0.0010438023396264898,0.5,1000.0,2.0687932972051426,0,991984.6719976387,0.010025596796667681,42951.71982633197,42869.18436956402
2026-06-11 04:44:50.827177,998.1481895608396,0.0010736335337875492,0.5,1000.0,1.9387016728729312,0,901197.4309567382,0.010269078850472112,38525.51757950865,38459.25696758344
2026-06-11 04:49:50.827177,1001.2572310911426,0.0009698009687015385,0.5,1000.0,1.9942958833147058,0,1029491.2247704063,0.009933008624344913,39555.38934762002,39596.30835127288
2026-06-11 04:54:50.827177,995.2397970835702,0.0009885225672319827,0.5,1000.0,2.118398744319689,0,1066396.866559368,0.009845930361267486,43974.39918024131,43950.86756891358
2026-06-11 04:59:50.827177,994.5932351212897,0.0009180257918737283,0.5,1000.0,2.0341825213954965,0,1101921.205640926,0.00976559793256118,40190.57108279951,40165.71213694095
2026-06-11 05:04:50.827177,997.8889046022067,0.0009803764446969564,0.5,1000.0,1.9939962458311435,0,1014807.4957820994,0.009968746636771317,39552.270990756806,39612.68574745838
2026-06-11 05:09:50.827177,998.7681308978786,0.0010498285255289724,0.5,1000.0,1.9398055558064824,0,922729.7230764251,0.010208639017738615,38366.21190847378,38468.16106077664
2026-06-11 05:14:50.827177,997.9346105038118,0.0009766752310385902,0.5,1000.0,1.9366768603285023,0,989416.3417190752,0.010032096592511783,37549.84229411771,37669.01388145219
2026-06-11 05:19:50.827177,993.8651157999202,0.0010320239897600413,0.5,1000.0,1.9149386747048052,0,922067.1062732529,0.01021047255934697,37212.00156962611,37150.75145381587
2026-06-11 05:24:50.827177,997.8217599209744,0.0009904748447001094,0.5,1000.0,1.94589931342171,0,980166.5776455695,0.010055681343055834,37993.14128547685,38085.41584735661
2026-06-11 05:29:50.827177,995.3910609989903,0.001016202851411078,0.5,1000.0,2.0755665838744313,0,1016529.5350372293,0.009964522094213146,42729.080856717104,42937.57916607197
2026-06-11 05:34:50.827177,999.33934509766,0.0009426154305092167,0.5,1000.0,1.9778111728707732,0,1048415.1108982868,0.009887879310503825,38653.23037370389,38665.83739366692
2026-06-11 05:39:50.827177,998.7331964921937,0.0010042604724816951,0.5,1000.0,1.865022693061877,0,927378.9653242172,0.010195820114011052,35419.2932501339,35411.962230808305
2026-06-11 05:44:50.827177,996.1202404273453,0.0008504432014549638,0.5,1000.0,2.1768169293059785,0,1274847.8671337909,0.009416117828280899,44445.46577115462,44417.289679437876
2026-06-11 05:49:50.827177,996.9722661653266,0.0009906551920919008,0.5,1000.0,2.031996519114516,0,1022476.9378252659,0.009950000315766672,40959.25899287117,40852.88327441727
2026-06-11 05:54:50.827177,995.881572956222,0.000918476337814243,0.5,1000.0,1.859305659948683,0,1007999.9718025328,0.009985535151586395,34378.00133428838,34462.226683928864
2026-06-11 05:59:50.827177,997.8746418054536,0.0010602997258273407,0.5,1000.0,0.9579661272392909,1,450782.9639089847,0.012210813583819131,11182.036196839008,31006.429666919383
2026-06-11 06:04:50.827177,999.9102846410025,0.0010388703676382255,0.5,1000.0,2.0110886382828417,0,967834.0413709623,0.010087562801172727,40795.260600614856,40780.289618412455
2026-06-11 06:09:50.827177,996.0285479073289,0.0010233335490983041,0.5,1000.0,2.1704592093297377,0,1056273.0677918564,0.009869438001046248,46309.21999327384,46377.95433708185
2026-06-11 06:14:50.827177,999.0080930310357,0.001076050311357969,0.5,1000.0,1.889188754174113,0,876964.0391169902,0.010339297423886505,36864.702919293275,36942.651224380475
2026-06-11 06:19:50.827177,996.9394847632551,0.0009525541739587582,0.5,1000.0,2.097604071935595,0,1097672.1219024956,0.00977503489085645,42877.96328397235,42817.878957105866
2026-06-11 06:24:50.827177,996.4142543354753,0.0010873681598957778,0.5,1000.0,2.1399486426972345,0,980475.3393430942,0.010054889590363271,45880.05599588699,45822.35956338895
2026-06-11 06:29:50.827177,997.7859392800909,0.0010466095782130193,0.5,1000.0,1.937134569492543,0,923384.2667641124,0.010206829430600103,38216.22804015717,38154.09247610858
2026-06-11 06:34:50.827177,995.9295153551612,0.0009881722356390528,0.5,1000.0,1.9722486381139765,0,993865.5223633482,0.010020850167518563,38820.086750936476,39031.43818121627
2026-06-11 06:39:50.827177,996.8927013893057,0.0010567810073591473,0.5,1000.0,1.896369075262623,0,894450.4476825901,0.010288389639303617,36884.30026177691,37032.01486044326
2026-06-11 06:44:50.827177,995.6042442148223,0.0009446853243794183,0.5,1000.0,1.9796538858919694,0,1043179.0142210402,0.00990026374395723,38628.87294863296,38699.576990887086
2026-06-11 06:49:50.827177,1001.9294502658328,0.0009587742919236164,0.5,1000.0,1.996341002565707,0,1043098.9128999047,0.009900453802963158,39533.17522709053,39495.63410327446
2026-06-11 06:54:50.827177,998.0705271039435,0.000969570513838015,0.5,1000.0,2.0659649998082372,0,1063346.4750153273,0.009852983962401994,41973.475033420196,41947.78213018838
2026-06-11 06:59:50.827177,996.6005489840148,0.0009735511145967993,0.5,1000.0,2.1090183471020447,0,1079475.3408554967,0.009815971603286053,43512.609689476645,43548.95342178429
2026-06-11 07:04:50.827177,998.4279598214684,0.0009471721178619873,0.5,1000.0,1.9251903935378354,0,1014685.6525014126,0.009969045884646982,36890.76839682222,37111.681420143934
2026-06-11 07:09:50.827177,997.7753439006184,0.0010611541533547663,0.5,1000.0,1.8032674935774005,0,847782.5007143272,0.01042714379837929,33831.28071119694,33860.16842711086
2026-06-11 07:14:50.827177,997.5580608009335,0.0009870572799815084,0.5,1000.0,1.9978755220723758,0,1009564.932015652,0.009981663172454441,39744.58301377672,39795.46557142351
2026-06-11 07:19:50.827177,999.2283334000869,0.001017625248417844,0.5,1000.0,2.029353752996864,0,996333.2629762169,0.010014639429237557,41211.22987907895,40956.33177242424
2026-06-11 07:24:50.827177,999.5150154200946,0.000971482431679316,0.5,1000.0,2.024941768768504,0,1041686.2092589798,0.009903808771967235,40589.77523281154,40615.53312554121
2026-06-11 07:29:50.827177,996.9389977047789,0.0009089698349725742,0.5,1000.0,1.9673326752490956,0,1078864.5508098034,0.009817360615766154,37880.78228583017,37741.39613915461
2026-06-11 07:34:50.827177,996.8483635187106,0.0010135028679195712,0.5,1000.0,2.0124752099663934,0,989702.487865172,0.010031371385415714,40499.57709859267,40450.87760686851
2026-06-11 07:39:50.827177,997.4498966056967,0.0009043872512290112,0.5,1000.0,2.151544480835225,0,1186470.6280607567,0.009586768207726673,44265.35736884888,44270.04596102287
2026-06-11 07:44:50.827177,993.3961576705289,0.0009965682976957266,0.5,1000.0,2.038173416896251,0,1015842.8908949383,0.009966205510804899,41127.71488871864,41097.5047178259
2026-06-11 07:49:50.827177,994.9696178756029,0.0009315842480583595,0.5,1000.0,1.9626631574996916,0,1048101.777110372,0.009888618231922172,37899.804536390526,37836.20854432052
2026-06-11 07:54:50.827177,1000.7337485348891,0.0010993637999615405,0.5,1000.0,1.9499802182904005,0,887518.3144500941,0.010308420926225258,39225.73601826238,39163.031327629156
2026-06-11 07:59:50.827177,1001.2899354270025,0.001045568136108736,0.5,1000.0,1.983014764232227,0,949518.5711275279,0.010135860133302659,39909.138705944926,39888.0338794291
2026-06-11 08:04:50.827177,997.5019279208873,0.001005287689563574,0.5,1000.0,2.163673996183064,0,1073458.376637372,0.009829697940778063,45902.62980995104,45877.15896810388
2026-06-11 08:09:50.827177,999.1531139261116,0.0010631853338827334,0.5,1000.0,1.9816699290473803,0,931160.1737161541,0.010185453646411895,39964.562340599725,39966.58959739839
2026-06-11 08:14:50.827177,998.6225003090871,0.0009576842011267133,0.5,1000.0,1.9980205655479293,0,1041715.1554181539,0.009903739971918846,39482.121844184025,39476.67401239966
2026-06-11 08:19:50.827177,1004.1577616169104,0.0010271739689335048,0.5,1000.0,1.9517686429063696,0,954017.3772558921,0.010123889667793956,38726.30180057736,38854.189396302674
2026-06-11 08:24:50.827177,1000.2391498228692,0.0010099905216859357,0.5,1000.0,2.1098983357441963,0,1044763.7241360705,0.009896507397508567,44066.53083922894,43861.570774835054
2026-06-11 08:29:50.827177,997.7441648170385,0.0010132010040666834,0.5,1000.0,2.1959837254744676,0,1081241.5006159674,0.009811960657622893,47209.916158265136,47234.41347729018
2026-06-11 08:34:50.827177,996.0889191187991,0.0010636176750053385,0.5,1000.0,1.2190419364911484,1,570822.6712544342,0.011510950104702353,17039.09689279654,58225.56846200742
2026-06-11 08:39:50.827177,994.7871073594848,0.0010366246051389902,0.5,1000.0,2.0082772903785426,0,963612.2597165003,0.010098593611608737,40517.10419796511,40503.685163149195
2026-06-11 08:44:50.827177,998.4069272717345,0.0010144361831412511,0.5,1000.0,2.0036782833174236,0,986008.9335010949,0.010040752507700474,40246.65865113143,40176.07760860834
2026-06-11 08:49:50.827177,996.4872985094314,0.0009172556281885852,0.5,1000.0,0.9419004271870369,1,511630.44592380413,0.011830344179658524,10458.73441642754,36240.60726195521
2026-06-11 08:54:50.827177,995.1554925808047,0.0009519976852360269,0.5,1000.0,2.0745150864284816,0,1084280.5159705863,0.009805078192504564,41992.835502625596,41829.48474681564
2026-06-11 08:59:50.827177,996.706854231515,0.0009938645533202138,0.5,1000.0,2.0134166415995844,0,1009587.3529255127,0.00998160775381399,40330.65284045661,40351.32462967665
2026-06-11 09:04:50.827177,995.8369039927712,0.0010046686187138326,0.5,1000.0,2.0428342050660726,0,1012438.1573437925,0.009974573816106254,41452.31666289092,41491.122579733004
2026-06-11 09:09:50.827177,1001.3742832701452,0.0009434898137663038,0.5,1000.0,1.9288537805916295,0,1023595.8798338833,0.009947279994099164,37059.48583942235,36989.0789901207
2026-06-11 09:14:50.827177,999.7632795138989,0.001120583833778921,0.5,1000.0,1.0750231991630976,1,479557.48010588466,0.012023372641801203,13891.820462718435,31250.997865756388
2026-06-11 09:19:50.827177,997.9840547173668,0.0010758197027626788,0.5,1000.0,1.9588975063496827,0,908585.5516227928,0.010248139257987727,39245.69708087834,39233.652643703485
2026-06-11 09:24:50.827177,1000.95988827778,0.0010301059160196242,0.5,1000.0,2.102162298407304,0,1021341.6439186097,0.009952764197264987,44024.34212380234,44028.749406131676
2026-06-11 09:29:50.827177,998.1547366152953,0.0010036018430641873,0.5,1000.0,1.9621240163396907,0,975737.2379650112,0.010067073858913523,38686.01839804062,38819.59656449564
2026-06-11 09:34:50.827177,996.2774315973435,0.0009893895515049424,0.5,1000.0,2.2082660322109797,0,1111819.7112089784,0.009743789262124639,47338.11487889558,47552.32722588241
2026-06-11 09:39:50.827177,1001.0462481545393,0.0009524040769988883,0.5,1000.0,2.043086241901504,0,1073716.4332372157,0.00982910727107228,41071.59942519806,40959.26548380514
2026-06-11 09:44:50.827177,999.0778200873693,0.0010038740259259431,0.5,1000.0,1.8724317340004268,0,931742.911338939,0.010183860707106262,35671.695649120906,35613.97940123357
2026-06-11 09:49:50.827177,995.9255076913471,0.0010128876270071375,0.5,1000.0,1.9871453706748043,0,976934.0198149488,0.010063989303110232,39578.223878679295,39567.95616178001
2026-06-11 09:54:50.827177,997.6193226438328,0.0009379119712259188,0.5,1000.0,1.9348324877843583,0,1029001.8333862227,0.009934189443937149,37100.86472578399,37026.57745681963
2026-06-11 09:59:50.827177,996.2487634932305,0.001016708820862245,0.5,1000.0,1.7805617530179976,0,872365.0313484712,0.010352897462350047,32699.701543254356,32784.31279538941
2026-06-11 10:04:50.827177,995.2344005380713,0.0009922370475587627,0.5,1000.0,2.159947094011379,0,1083235.9346948573,0.009807441135579416,45537.30416170475,45452.00587809963
2026-06-11 10:09:50.827177,999.8523550950633,0.0009046096221061305,0.5,1000.0,2.0703142542220005,0,1144144.6853347144,0.009674226204590039,41459.556912200525,41586.217228555186
2026-06-11 10:14:50.827177,1001.8188332809402,0.0009569807494610249,0.5,1000.0,2.053320731789931,0,1074763.1971865143,0.009826713135536803,41506.016481587314,41568.38120651806
2026-06-11 10:19:50.827177,995.2028648523617,0.0009793197233289178,0.5,1000.0,1.0445058190993224,1,530723.0921425442,0.011722479412868192,12727.784806570184,32525.552061158796
2026-06-11 10:24:50.827177,999.1259384733811,0.0010943843828670095,0.5,1000.0,1.8617982431307563,0,849870.9164886533,0.010420732146104911,36089.735501764575,36004.88510844674
2026-06-11 10:29:50.827177,996.6987148617563,0.0010278276562266878,0.5,1000.0,1.9516382860444563,0,946265.3392284751,0.010144560620219449,38511.97566011312,38473.62621852117
2026-06-11 10:34:50.827177,997.0257492324706,0.0009332259215450054,0.5,1000.0,2.084178077478401,0,1113331.2744847396,0.009740480305702105,42184.83881364163,42274.63736842004
2026-06-11 10:39:50.827177,996.8152121515222,0.0010243018144708818,0.5,1000.0,1.8948779970217497,0,922014.9695713449,0.010210616897859322,36545.09915301205,36616.75847196211
2026-06-11 10:44:50.827177,996.2720184606404,0.0009226348005530817,0.5,1000.0,1.7468230683749186,0,943120.1506707987,0.01015300777611926,30865.299016108616,30836.613140013316
2026-06-11 10:49:50.827177,998.0970432558896,0.0010541345526943538,0.5,1000.0,1.9772893992219074,0,936088.6131567798,0.010172020675068382,39693.59911844518,39679.14587200989
2026-06-11 10:54:50.827177,996.3380997671779,0.0009764437674091061,0.5,1000.0,1.985824244597246,0,1013141.9854230308,0.009972841034604128,39183.8632149379,39140.42842015591
2026-06-11 10:59:50.827177,998.5409136515597,0.0009953181905630415,0.5,1000.0,2.013556341641471,0,1010037.9999757564,0.0099804941979646,40405.9649684033,40388.8205659556
2026-06-11 11:04:50.827177,997.8995237811017,0.0010662898323771095,0.5,1000.0,2.0728518643514535,0,969951.0515324547,0.010082054024702088,43228.719238704085,43132.18518475141
2026-06-11 11:09:50.827177,997.5221039062671,0.0009356418215707875,0.5,1000.0,2.063760581223121,0,1100125.4697467359,0.009769580594346067,41506.59178891273,41393.27004358656
2026-06-11 11:14:50.827177,996.1848726759168,0.0009301440907443504,0.5,1000.0,2.025876980524392,0,1084857.7236488885,0.009803773713619053,40082.920789374206,40183.46384093555
2026-06-11 11:19:50.827177,996.8464573388634,0.0009708200336826998,0.5,1000.0,2.119553138808671,0,1088187.8021964347,0.009796264699820775,43870.98642700641,43850.445983998085
2026-06-11 11:24:50.827177,999.5107824516515,0.0010519189425509659,0.5,1000.0,1.8481030219186685,0,878013.8957330794,0.010336205317236592,35285.88101865858,35401.01379274666
2026-06-11 11:29:50.827177,999.0018343752488,0.0009240326962261579,0.5,1000.0,2.050458181447739,0,1108408.5514192006,0.009751277325110788,40957.14035137442,41016.73883154636
2026-06-11 11:34:50.827177,996.0448895104029,0.0008583922200944715,0.5,1000.0,2.0626538363336944,0,1196711.5756728856,0.009566192190121508,40538.783408220064,40569.98445948074
2026-06-11 11:39:50.827177,998.1986646108585,0.00097744205707955,0.5,1000.0,1.876043771391976,0,957941.380663642,0.010113506112943772,35530.773314883096,35459.751140842585
2026-06-11 11:44:50.827177,999.5027742467436,0.001027587039995546,0.5,1000.0,1.849712939131761,0,899579.8614929526,0.010273692048259725,35133.322051436924,35012.244074037124
2026-06-11 11:49:50.827177,994.6611894377572,0.0010600130874869416,0.5,1000.0,1.92540578735244,0,903350.3610500998,0.010262954871221535,37843.5733469092,37797.88247503649
2026-06-11 11:54:50.827177,999.0867203847598,0.00097684193189573,0.5,1000.0,1.9338458557484708,0,988941.8393413279,0.010033299746538141,37487.86279384764,37641.054534589995
2026-06-11 11:59:50.827177,996.6747524821083,0.0009794286696442,0.5,1000.0,2.075341946350243,0,1055942.6045011394,0.009870210084740101,42370.07001125799,42458.96569754471
2026-06-11 12:04:50.827177,999.1411973371863,0.0010576950367127873,0.5,1000.0,1.9385461216308906,0,915614.2488288895,0.010228414970224347,38404.974577763845,38349.93317904737
2026-06-11 12:09:50.827177,996.473481686915,0.000906512915015229,0.5,1000.0,1.9143651481718795,0,1052171.4985091374,0.009879042220305641,36076.97749479575,36032.421471721995
2026-06-11 12:14:50.827177,994.3902357986709,0.0009805739612408495,0.5,1000.0,1.938836626330544,0,983077.4047845545,0.010048229512050491,37560.280602920335,37467.37165486129
2026-06-11 12:19:50.827177,994.7449151242337,0.0010095211944962529,0.5,1000.0,2.1118632334154213,0,1040476.0317717184,0.009906687296321838,43951.3036524633,43796.59509120988
2026-06-11 12:24:50.827177,998.0961698933228,0.0010224609360642517,0.5,1000.0,2.0013043374376953,0,976807.0952795475,0.01006431621129288,40233.04803148303,40243.20803281348
2026-06-11 12:29:50.827177,998.5194450034429,0.0009745096653404559,0.5,1000.0,1.9820748974643088,0,1015454.4367088872,0.009967158497681124,39099.212810082514,39271.72055105415
2026-06-11 12:34:50.827177,996.1913667497912,0.001001722050585292,0.5,1000.0,1.9889994501298949,0,989008.9169604308,0.010033129619918204,39541.07960484601,39714.8428748569
2026-06-11 12:39:50.827177,999.2771849175548,0.0008755836323293505,0.5,1000.0,2.129206033432652,0,1214999.3059701992,0.009529990492330847,43173.15782618047,43233.94822215833
2026-06-11 12:44:50.827177,994.6769598754621,0.0009670875793833075,0.5,1000.0,1.9250828273396758,0,990001.099707919,0.010030614864747224,36975.02307581975,36914.75583177484
2026-06-11 12:49:50.827177,997.8678404027054,0.0010226754356277234,0.5,1000.0,2.13155082909401,0,1039922.3196512337,0.00990800575006158,44921.12900453574,44776.180983629354
2026-06-11 12:54:50.827177,995.5779676004751,0.000950885298287266,0.5,1000.0,2.0210496298921505,0,1058020.6080438595,0.009865360118934054,40118.26815128144,40222.97436984571
2026-06-11 12:59:50.827177,996.6963277843956,0.0010029492110794798,0.5,1000.0,1.9839580618024653,0,985794.5411555155,0.010041298383350078,39392.87752295471,39437.59920311042
2026-06-11 13:04:50.827177,998.0947973426328,0.0010223436250401349,0.5,1000.0,1.2004979930004767,1,586011.773187811,0.011435624581186556,16449.570311655436,55585.339541223795
2026-06-11 13:09:50.827177,996.2791732694321,0.0009828725399571119,0.5,1000.0,1.8944360510201403,0,960138.322108638,0.01010771583494926,36140.48487661772,36092.15566638649
2026-06-11 13:14:50.827177,997.2308889115403,0.0010085231885498286,0.5,1000.0,0.7967846800711628,1,393931.59413667006,0.012629357919310418,7995.745164267633,15613.543722720931
2026-06-11 13:19:50.827177,1000.0125856184288,0.0009518633717357694,0.5,1000.0,1.8767568760836,0,985845.5278130543,0.010041168550085832,35367.61337807618,35284.951226291465
2026-06-11 13:24:50.827177,996.8462162609537,0.0009896694360151978,0.5,1000.0,2.095246197053617,0,1055220.1410188728,0.009871899077391758,43201.51666085546,43225.43987754546
2026-06-11 13:29:50.827177,999.6713842241303,0.0010305108084794612,0.5,1000.0,2.1689188933651677,0,1052005.5367490305,0.009879431820500904,46459.64133500454,46337.659160328454
2026-06-11 13:34:50.827177,995.7405862906847,0.0010078486480484218,0.5,1000.0,2.166992278140464,0,1070479.265761392,0.009836529751904653,45994.17641686951,46217.02757551333
2026-06-11 13:39:50.827177,999.0596083558306,0.0009706734365218032,0.5,1000.0,2.1223948753146002,0,1092230.8745288292,0.009787186466875921,44045.509720390975,43976.804981830144
2026-06-11 13:44:50.827177,1000.8831372413158,0.0010112108202145398,0.5,1000.0,1.9802379532204035,0,980006.7085333692,0.010056091415380183,39468.202240341874,39533.04213596932
2026-06-11 13:49:50.827177,993.0567109997454,0.001035730489531831,0.5,1000.0,0.8369016118500736,1,401209.9530206395,0.012571686725199994,8744.126050633766,15862.455405762106
2026-06-11 13:54:50.827177,996.406209489059,0.0008975029360711261,0.5,1000.0,1.8328830227505934,0,1017431.7830816744,0.00996231225026667,33347.71430715768,33331.38899124774
2026-06-11 13:59:50.827177,999.1541442543611,0.001057953703247795,0.5,1000.0,2.2035873535181794,0,1040557.5545201806,0.009906493255131711,48063.23347444591,48151.69533012225
2026-06-11 14:04:50.827177,997.593909227914,0.0009831872630659464,0.5,1000.0,2.046897807814847,0,1038445.5040235287,0.009911526517568596,41427.30272496892,41537.39826303132
2026-06-11 14:09:50.827177,998.7422917467426,0.0010212744966620116,0.5,1000.0,1.9508043095130516,0,953882.0234915202,0.010124248788112978,38480.76186333986,38557.090689650155
2026-06-11 14:14:50.827177,996.7920296265684,0.0010598623461822614,0.5,1000.0,2.1328056888986966,0,1002943.3157496225,0.009998097733346407,45334.049595577715,45320.22516264541
2026-06-11 14:19:50.827177,998.1731795749458,0.0009314163151384767,0.5,1000.0,1.902723548324,0,1019548.177981144,0.009957138237949317,35982.540194722016,35915.94509511146
2026-06-11 14:24:50.827177,997.6886455292158,0.0009645279498786227,0.5,1000.0,2.0406622034222672,0,1055410.3227237908,0.009871454325848907,41012.704736767555,40904.93702491564
2026-06-11 14:29:50.827177,1000.3355641233196,0.0009855725652062148,0.5,1000.0,1.9827370865709166,0,1006218.3607901824,0.009989952318854165,39286.14223237415,39436.522091151266
2026-06-11 14:34:50.827177,998.5088416866024,0.0009608123239437786,0.5,1000.0,2.06386771398803,0,1072420.7574845543,0.00983207475607661,41817.76341715572,41828.100541154585
2026-06-11 14:39:50.827177,998.6752053241504,0.0010867468287918405,0.5,1000.0,1.9936426460813879,0,916037.3999580708,0.01022723354594563,40595.42301105451,40624.24693376337
2026-06-11 14:44:50.827177,997.1762460677551,0.0009571613953086604,0.5,1000.0,1.8549072108888776,0,966226.4997439168,0.010091755935408725,34624.46266620612,34740.99965158273
2026-06-11 14:49:50.827177,997.024787551855,0.0009722226610256566,0.5,1000.0,2.007557637267004,0,1029385.9663189938,0.009933262536155249,39914.79611806603,39973.46924642153
2026-06-11 14:54:50.827177,997.1348836243608,0.0010102194515801488,0.5,1000.0,2.1048864141875363,0,1038811.7484623923,0.00991065279778711,43783.80505786496,43771.0633325552
2026-06-11 14:59:50.827177,998.7889042847565,0.0009398925236961956,0.5,1000.0,1.9970783594146015,0,1061110.5291732533,0.009858170356938603,39269.94012911861,39344.38047395666
2026-06-11 15:04:50.827177,997.1580310383595,0.0009802159644121868,0.5,1000.0,2.0775115121589085,0,1056709.6252947676,0.009868418505064067,42471.581056319854,42409.32642146868
2026-06-11 15:09:50.827177,998.5795497137929,0.0010158726630625087,0.5,1000.0,1.8954470514325947,0,931590.5092966518,0.010184277184611628,36537.27827422492,36382.16412647675
2026-06-11 15:14:50.827177,1002.1508015972909,0.0009833569797808744,0.5,1000.0,1.9973739206730148,0,1017773.7672325395,0.009961475280799397,39826.807042129934,39967.99126633172
2026-06-11 15:19:50.827177,999.7422494068634,0.0009953306570550026,0.5,1000.0,1.9375489544911422,0,973068.3649543452,0.010073969610694402,37808.900747416425,37754.98039944305
2026-06-11 15:24:50.827177,997.3479529356644,0.0009735333943775814,0.5,1000.0,2.074698084010471,0,1062724.6579303567,0.009854424930637708,42304.61994746606,42274.19095119432
2026-06-11 15:29:50.827177,1000.4024278443279,0.0009242764845409616,0.5,1000.0,2.0031491562261996,0,1084067.0041596177,0.009805560945274863,39361.691866686844,39340.083524174224
2026-06-11 15:34:50.827177,997.1838492539569,0.001016079660566962,0.5,1000.0,2.0690073676336613,0,1015265.2449712934,0.00996762280301547,42549.15162115795,42488.93108518619
2026-06-11 15:39:50.827177,993.9237509296443,0.0010877466535823622,0.5,1000.0,2.1087710426157864,0,963440.1621120672,0.010099044554861882,44636.71395912499,44746.84734527585
2026-06-11 15:44:50.827177,995.9838273781652,0.0010009200815391719,0.5,1000.0,2.069161857512139,0,1029478.6688367589,0.009933038910943014,42356.820399514334,42394.26601886853
2026-06-11 15:49:50.827177,994.2584161579483,0.0010112632058623776,0.5,1000.0,2.027311843429364,0,996610.8975493775,0.010013941890042852,40920.926469150785,40890.54777917104
2026-06-11 15:54:50.827177,997.2969730319173,0.001034636137755843,0.5,1000.0,1.9001787741488594,0,915801.444838647,0.010227892240853015,36829.817739111546,36702.25085100805
2026-06-11 15:59:50.827177,998.0368367583791,0.000936533475172665,0.5,1000.0,1.9997213889333099,0,1065522.8362451838,0.009847948852901871,39303.51020533042,39333.889986866496
2026-06-11 16:04:50.827177,1001.3528746245505,0.0010851257329064802,0.5,1000.0,1.9466909597984168,0,898202.1757877569,0.010277629297916572,39000.854478241956,38755.79351048415
2026-06-11 16:09:50.827177,998.6538547475283,0.0010101164398211402,0.5,1000.0,1.9655936043295774,0,971644.234489638,0.010077658915853915,38883.208913719034,38906.48351657598
2026-06-11 16:14:50.827177,997.5617989423823,0.0010815928449544555,0.5,1000.0,1.9625465849249748,0,905036.2670661092,0.010258172058159853,39413.92969796987,39548.24774245541
2026-06-11 16:19:50.827177,999.658811162367,0.0009633483502238005,0.5,1000.0,1.9020074425217754,0,986848.8892785135,0.010038615280458192,36303.6283800717,36310.084221026606
2026-06-11 16:24:50.827177,993.5777293819842,0.0010909030961278913,0.5,1000.0,1.804266141086601,0,821648.898983167,0.01050908501667926,33991.31391116843,34111.946641541035
2026-06-11 16:29:50.827177,998.4712291162172,0.0010387577747017391,0.5,1000.0,1.9331856951672233,0,929105.1023506117,0.010191081237524565,38027.95440323286,37905.03664600909
2026-06-11 16:34:50.827177,999.5417303877739,0.001027652004292618,0.5,1000.0,2.019337945192416,0,982050.6044576293,0.010050855008738308,40965.8481363568,41169.702275885684
2026-06-11 16:39:50.827177,995.0428275084403,0.0010117012227176575,0.5,1000.0,1.865182295457251,0,917235.3573444356,0.010223892583617743,35391.634512246,35501.36305610016
2026-06-11 16:44:50.827177,1000.2875080864138,0.0009875735690962775,0.5,1000.0,2.0015682236471624,0,1013668.1222286655,0.009971546700636344,39960.24737921844,40007.84396543626
2026-06-11 16:49:50.827177,998.6769928149888,0.0010600265829236936,0.5,1000.0,2.1900268424310965,0,1031638.9496340745,0.009927834807298475,47553.05935660212,47493.21991111309
2026-06-11 16:54:50.827177,997.1694241721984,0.0010070179934924023,0.5,1000.0,2.1023056555252237,0,1040872.6226846015,0.009905743505610643,43656.382817843456,43579.930607494
2026-06-11 16:59:50.827177,999.2655637322125,0.0009016465148206424,0.5,1000.0,2.164354150912053,0,1199341.7238226163,0.009560943223125411,44754.66504808811,44747.57430524857
2026-06-11 17:04:50.827177,1002.5413857156088,0.0009441406769146499,0.5,1000.0,2.0391127876932726,0,1082622.0126882826,0.009808831215385913,40888.58368985505,41008.861512787604
2026-06-11 17:09:50.827177,998.363732510117,0.0009907077123903626,0.5,1000.0,2.116750982298645,0,1066554.4363146361,0.009845566688598059,44042.20501462227,43910.6529315351
2026-06-11 17:14:50.827177,998.4964411726007,0.0010154999491582778,0.5,1000.0,1.9276035269532212,0,947663.8887327785,0.010140815745876082,37623.12259140853,37624.1636424027
2026-06-11 17:19:50.827177,997.0812782009195,0.0009971705755550053,0.5,1000.0,1.9355659732978017,0,967696.3209748873,0.010087921691915781,37683.238720145455,37756.660747311835
2026-06-11 17:24:50.827177,996.3003112610704,0.001060948539489683,0.5,1000.0,1.7260859793862526,0,810454.0109707252,0.010545189313070417,31301.813290156573,31394.74817188333
2026-06-11 17:29:50.827177,999.6606716330884,0.0009024449067980688,0.5,1000.0,1.2890428429040328,1,713952.4110526171,0.01088476754491026,18080.334834691635,63169.4484468007
2026-06-11 17:34:50.827177,996.2878323481823,0.001007179396825258,0.5,1000.0,2.1540323979819886,0,1065369.4244331145,0.009848303356717374,45525.07879353619,45383.319440949315
2026-06-11 17:39:50.827177,998.1431324744387,0.0009091010387306422,0.5,1000.0,1.944682275465273,0,1067577.2963644955,0.009843207548609739,37155.813759292214,37268.99154774431
2026-06-11 17:44:50.827177,997.0446851064697,0.0010379856147742085,0.5,1000.0,1.9746048293602765,0,948360.5660216663,0.010138952840738062,39415.59759825733,39422.3169638669
2026-06-11 17:49:50.827177,998.9579596514927,0.0009952770642779,0.5,1000.0,1.9246137886309038,0,965865.8540487721,0.010092697846444997,37345.79157541142,37237.23205981413
2026-06-11 17:54:50.827177,998.667324210574,0.001020980498601206,0.5,1000.0,2.038265355147749,0,996859.8866703727,0.010013316527291982,41545.140347894914,41542.72352716087
2026-06-11 17:59:50.827177,1000.0750798885158,0.0009568058519705117,0.5,1000.0,2.112493254530324,0,1104012.8234674905,0.009760969266542508,43562.84276786029,43366.97625352906
2026-06-11 18:04:50.827177,996.9799672022905,0.0010639732465828875,0.5,1000.0,1.825722802611896,0,855382.9082236611,0.010403903918689244,34574.22422727849,34632.05402957952
2026-06-11 18:09:50.827177,997.4602501294132,0.0010520862332029427,0.5,1000.0,2.0409438530642254,0,967487.4083181933,0.010088466227139258,41916.291960285234,41903.52101363143
2026-06-11 18:14:50.827177,996.0424725684354,0.0010291772151505944,0.5,1000.0,1.9723328228280854,0,954416.4176283812,0.01012283130527559,39222.95064850171,39095.93908287713
2026-06-11 18:19:50.827177,997.1114134798478,0.000993524137656828,0.5,1000.0,2.011339439196669,0,1009300.8489633104,0.009982316032669723,40266.67242552847,40237.664764894216
2026-06-11 18:24:50.827177,998.7546009860897,0.0010289928642647566,0.5,1000.0,1.216153705185291,1,590207.7413471582,0.011415245327426328,16862.461729135855,56500.51755494906
2026-06-11 18:29:50.827177,999.5139772332907,0.0009646553716006326,0.5,1000.0,1.9811797561227178,0,1026385.6481566915,0.009940513790542756,38998.281263506535,38933.922881611616
2026-06-11 18:34:50.827177,996.1556693516447,0.0010427777829510355,0.5,1000.0,1.9896413146594218,0,950342.6846922518,0.01013366202684966,39961.63121723185,39735.527925625865
2026-06-11 18:39:50.827177,999.7392118402113,0.001082474044716196,0.5,1000.0,1.9786124832445362,0,913692.3394106484,0.010233789481702114,40053.8894459335,39886.67310393003
2026-06-11 18:44:50.827177,1000.7112757176099,0.0010535305279989592,0.5,1000.0,2.097031620178828,0,995947.9730668965,0.010015607848267436,44075.37978751333,44052.409888377624
2026-06-11 18:49:50.827177,998.8268698064473,0.0009635198765096296,0.5,1000.0,2.0418759960127497,0,1058349.0072972844,0.009864594739573162,41079.787880776996,41039.61282127586
2026-06-11 18:54:50.827177,1001.7535916251161,0.0010180708658636551,0.5,1000.0,2.022058353773736,0,994824.7643105073,0.01001843368728645,41034.40166606291,41131.799482244285
2026-06-11 18:59:50.827177,996.4524216017928,0.0009353429228120677,0.5,1000.0,1.8729048278907716,0,997634.3999966438,0.010011372502014225,34993.03459332682,34929.85629545977
2026-06-11 19:04:50.827177,995.5106905933771,0.0010286195155587837,0.5,1000.0,1.9621420256786846,0,949492.6615136954,0.010135929279054191,38848.15334164263,38795.45520967751
2026-06-11 19:09:50.827177,994.4425595021914,0.001022530170643127,0.5,1000.0,2.0898669160339174,0,1016230.4568933108,0.009965255156755318,43281.80734084823,43233.78334926557
2026-06-11 19:14:50.827177,1000.9920886229784,0.0009065091830233918,0.5,1000.0,2.003769657312392,0,1106308.469872789,0.009755901694477036,39209.711992669,39190.00902008909
2026-06-11 19:19:50.827177,999.3087313127081,0.0009419108078043818,0.5,1000.0,2.065953146958914,0,1095923.8396740928,0.009778930988682426,41709.21339335813,41718.35980006053
2026-06-11 19:24:50.827177,997.8888306581791,0.0009858430551628117,0.5,1000.0,2.1766511800327635,0,1101623.5745734018,0.009766257470667658,46172.99058623159,46132.357825148465
2026-06-11 19:29:50.827177,998.5599372526397,0.0009849570126429588,0.5,1000.0,2.1038606069208816,0,1066458.174655768,0.009845788853546979,43516.96308287111,43574.085231617064
2026-06-11 19:34:50.827177,995.7490219054032,0.0009395261532290597,0.5,1000.0,2.0093158337699744,0,1064778.3828576915,0.009849669731539695,39597.51847313928,39827.54057050214
2026-06-11 19:39:50.827177,1002.8915039592337,0.0010194489364676092,0.5,1000.0,1.9489010829804272,0,958623.9527359206,0.010111705344036619,38517.48763354945,38434.94324406503
2026-06-11 19:44:50.827177,998.2584423639505,0.0010125736804470257,0.5,1000.0,1.7446450403944103,0,859990.0798000399,0.010389941790402413,31569.68630887947,31608.86930989675
2026-06-11 19:49:50.827177,998.2187895892098,0.000990286543401074,0.5,1000.0,1.9831615077527147,0,999523.3667570202,0.01000663910416586,39285.30652709418,39288.25915172231
2026-06-11 19:54:50.827177,999.4515332477973,0.0009622104249920819,0.5,1000.0,1.967398750418315,0,1021772.1854507898,0.009951715588859022,38498.55922971636,38603.26268296104
2026-06-11 19:59:50.827177,998.9620184634734,0.001052435356320828,0.5,1000.0,2.0390366194395377,0,967717.4587696558,0.010087866603996498,41898.488680830866,41918.788671121445
2026-06-11 20:04:50.827177,998.4477680485583,0.0010827703556544148,0.5,1000.0,1.9846094773025313,0,915027.3152163984,0.010230054800242137,40230.31495025888,40157.66983122134
2026-06-11 20:09:50.827177,996.4190510891094,0.0009758219258076731,0.5,1000.0,1.9679614940563206,0,1004750.0843273662,0.00999359998727654,38565.34116339293,38448.83578865776
2026-06-11 20:14:50.827177,998.942936714272,0.000969391654142259,0.5,1000.0,1.822060106949278,0,938802.220097681,0.010164662140002095,33710.02133865427,33771.07029906349
2026-06-11 20:19:50.827177,1001.76404899295,0.0010245603832705998,0.5,1000.0,1.9060032170849934,0,931797.4476260631,0.010183711693459814,37061.1418856571,36952.761686130085
2026-06-11 20:24:50.827177,1000.6908400923099,0.0009820985310126508,0.5,1000.0,2.047665104080056,0,1043214.9364467298,0.009900178516050552,41539.45636298611,41657.83041160292
2026-06-11 20:29:50.827177,1001.1863732532788,0.0009930301399668382,0.5,1000.0,2.1715907631132696,0,1094713.5403082024,0.009781632729776077,46183.01201014375,46238.33127891617
2026-06-11 20:34:50.827177,996.9775686471377,0.0010369826575862336,0.5,1000.0,1.9902474616254378,0,956733.4905658541,0.010116696715311665,39951.97700948829,39960.6479245028
2026-06-11 20:39:50.827177,996.0207903594828,0.0009045321956246354,0.5,1000.0,2.0327811073574122,0,1119193.0231846415,0.00972770129203841,40036.84636175449,39905.62085847854
2026-06-11 20:44:50.827177,997.7484261598007,0.0010659151162426335,0.5,1000.0,2.0952478156952807,0,980626.9648815359,0.010054500893511635,44040.512233930014,44108.04454824129
2026-06-11 20:49:50.827177,998.1114498245773,0.0010036340262164671,0.5,1000.0,1.918910606379975,0,954175.8237502105,0.010123469358799276,37206.421092335,37368.09769981637
2026-06-11 20:54:50.827177,1000.1883830369419,0.000979425342771891,0.5,1000.0,0.8851993116614335,1,451982.4174093613,0.012202704362885957,9563.569774430503,31117.528833164157
2026-06-11 20:59:50.827177,994.6150707405703,0.0009955382922889277,0.5,1000.0,1.925950989366784,0,962082.470543469,0.010102605615883024,37271.673870832485,37197.48313709976
2026-06-11 21:04:50.827177,1001.0591006389212,0.0009981214677510259,0.5,1000.0,2.086482443849101,0,1046311.6495453882,0.009892845113592718,43113.21376282469,43104.01118359187
2026-06-11 21:09:50.827177,997.683984202842,0.0009134399348277538,0.5,1000.0,2.0151403047951733,0,1100495.5724838602,0.009768759099762856,39577.00988005891,39623.7041072521
2026-06-11 21:14:50.827177,997.1462378601052,0.001074746911372662,0.5,1000.0,2.029845181398144,0,941641.4528163247,0.010156991351264154,41730.13289417032,41677.01097287035
2026-06-11 21:19:50.827177,995.9757912494797,0.001002066281613531,0.5,1000.0,1.921740140258141,0,955029.9675224813,0.010121205084335276,37228.05359030268,37317.973404901684
2026-06-11 21:24:50.827177,994.6902866562684,0.0010221501065223687,0.5,1000.0,2.0707032359610786,0,1007537.1426442801,0.00998668171004029,42593.645290181645,42784.71708760868
2026-06-11 21:29:50.827177,999.6463411679239,0.0010475774885287021,0.5,1000.0,2.2084712921231016,0,1053712.1458413089,0.009875429167085259,48148.84520774348,48181.86979609527
2026-06-11 21:34:50.827177,998.1466359343768,0.000948941877121985,0.5,1000.0,1.8992088304571795,0,998843.5281236978,0.01000834136383278,36033.12257103546,36000.62396073363
2026-06-11 21:39:50.827177,995.4200782005179,0.0010236735949517614,0.5,1000.0,1.9660240992352476,0,955880.7965038278,0.010118952112385848,38933.15611302273,38977.156490507616
2026-06-11 21:44:50.827177,995.4098424558728,0.0009866179454550603,0.5,1000.0,2.023160747416809,0,1020594.7145630964,0.009954584697673834,40558.871013094744,40676.60096939485
2026-06-11 21:49:50.827177,997.3284306014198,0.0010423385387608247,0.5,1000.0,2.0786406211995816,0,994440.5351211092,0.010019401270792682,43175.64059790522,43191.604260760425
2026-06-11 21:54:50.827177,1001.3380430505788,0.0008936386289824253,0.5,1000.0,1.944045371471053,0,1089168.7784843082,0.009794058166036563,37064.33293861325,37112.842441723566
2026-06-11 21:59:50.827177,997.4808172972728,0.0009950452849879366,0.5,1000.0,1.716696970985726,0,860449.4305459447,0.010388554845658964,30538.448646516987,30608.925265391215
2026-06-11 22:04:50.827177,994.9937140937637,0.000969858967210802,0.5,1000.0,2.1359189494164026,0,1095636.5823965988,0.009779571893019723,44392.51174080538,44304.967155219965
2026-06-11 22:09:50.827177,997.5085138718281,0.0010216131475317078,0.5,1000.0,2.076050611958414,0,1013533.4327189947,0.009971877966425716,42871.57513421888,42917.487268359844
2026-06-11 22:14:50.827177,997.4545528605047,0.0010235022093684101,0.5,1000.0,1.8257052469513335,0,889620.9476072703,0.010302324491270474,34252.29447329234,34118.099592874765
2026-06-11 22:19:50.827177,992.6062267141168,0.0009646187052588987,0.5,1000.0,1.9392431208220444,0,997754.235091182,0.010011071884946888,37369.91363366991,37304.0705198602
2026-06-11 22:24:50.827177,997.8914102669644,0.0009643913067911978,0.5,1000.0,2.1568182429527325,0,1115869.8668234732,0.009734935700396321,45190.11724709605,45304.68348722468
2026-06-11 22:29:50.827177,997.5381309395826,0.0009944667315721334,0.5,1000.0,2.1447796418457865,0,1075701.8848794568,0.009824568667157507,45082.53779019535,45169.641313726424
2026-06-11 22:34:50.827177,999.3924127296268,0.0009551678886342396,0.5,1000.0,2.0938640022678943,0,1095405.2277376838,0.00978008822484985,42852.4603414472,42825.44234042396
2026-06-11 22:39:50.827177,1001.6979121898906,0.0010420991847726064,0.5,1000.0,1.9823887566040137,0,952766.6404768659,0.010127210547220352,39866.14660419258,40036.725947537154
2026-06-11 22:44:50.827177,1000.2531300590955,0.0009815396399776278,0.5,1000.0,2.008298741881251,0,1023293.9256056187,0.00994801372535402,40133.120333136445,40002.10132509644
2026-06-11 22:49:50.827177,997.4622226188903,0.000854650589033918,0.5,1000.0,1.9869074194873872,0,1159459.2668684162,0.009642121524895006,37968.57695325545,37948.06818395975
2026-06-11 22:54:50.827177,995.7869481825167,0.0009812588971689097,0.5,1000.0,2.1128239783268836,0,1072052.7209970413,0.009832918487087908,43709.4661929787,43736.97662190995
2026-06-11 22:59:50.827177,1003.1467196064997,0.0009480728089578014,0.5,1000.0,1.912415759350489,0,1011754.3596810428,0.009976258726636555,36601.32341725099,36320.49869467909
2026-06-11 23:04:50.827177,998.118436868029,0.0009184362092269527,0.5,1000.0,1.9194200345115795,0,1042973.1021561155,0.00990075235503369,36407.455107445356,36391.68884999774
2026-06-11 23:09:50.827177,998.027858583826,0.0009381286680888714,0.5,1000.0,2.1010274586836015,0,1117588.6670681986,0.009731190568319871,42871.83754435667,42759.38772103384
2026-06-11 23:14:50.827177,997.95174982578,0.0010054704235916486,0.5,1000.0,1.9955638544488439,0,990320.7462445954,0.010029805369573815,39859.63408289874,39749.46037661222
2026-06-11 23:19:50.827177,998.3961695215357,0.0010664320414124117,0.5,1000.0,2.1378467355453807,0,1000728.5550824909,0.01000362496640651,45647.126294336056,45619.90330589907
2026-06-11 23:24:50.827177,997.7112791761521,0.001015659223693249,0.5,1000.0,1.9328487793019455,0,949346.4850538463,0.010136319428683259,37781.650376969235,37599.08453993913
2026-06-11 23:29:50.827177,996.8526759862395,0.0009696748305892131,0.5,1000.0,1.9945221639661175,0,1025212.1091228864,0.00994335724524858,39431.3599333385,39350.56395498254
2026-06-11 23:34:50.827177,996.9062821175193,0.0010227952097585351,0.5,1000.0,1.287856260530256,1,627629.0621707592,0.011241149236646288,18586.594891825393,39143.344812420066
2026-06-11 23:39:50.827177,997.934493459568,0.0009770454844890504,0.5,1000.0,2.0007362681423566,0,1021755.7759549754,0.009951755544995229,39754.05400400594,39766.43270868377
2026-06-11 23:44:50.827177,996.9131504577325,0.0009652699815418427,0.5,1000.0,1.85214530630012,0,956430.8679007207,0.010117496872079565,34600.3517937698,34610.78651694991
2026-06-11 23:49:50.827177,996.5743084346457,0.0009422818665883508,0.5,1000.0,1.9512366579045037,0,1031831.5526881594,0.009927371489143662,37667.24472226595,37632.389925120006
2026-06-11 23:54:50.827177,998.2128604553837,0.000912408559662414,0.5,1000.0,1.8563746135071881,0,1015475.4651312062,0.009967106897407896,34286.528743407034,34386.17325979303
2026-06-11 23:59:50.827177,997.4900455651583,0.0009805038146720277,0.5,1000.0,2.069392323319126,0,1052621.2198216917,0.009877986872063394,42195.16430676578,42165.54804825637
2026-06-12 00:04:50.827177,1001.0079859771654,0.0010079026744960065,0.5,1000.0,2.0716589339759652,0,1028743.7416354921,0.009934812458946129,42680.915849000565,42678.607798426834
2026-06-12 00:09:50.827177,992.6980603832139,0.0009951688164992556,0.5,1000.0,1.8269737269515656,0,911218.903289092,0.010240727139390554,33932.24326970488,33841.64319439682
2026-06-12 00:14:50.827177,1000.183013703845,0.0009792016536026322,0.5,1000.0,2.1333885745500574,0,1089550.3525981233,0.009793200553087189,44580.40943013161,44350.0819813724
2026-06-12 00:19:50.827177,1000.4921703849952,0.0009527126969651609,0.5,1000.0,2.2497415126419855,0,1181284.1247725661,0.009597273755841034,48598.94274142269,48584.40877015835
2026-06-12 00:24:50.827177,993.8532195351837,0.0010304123095842485,0.5,1000.0,1.024307684303367,1,493982.5933612331,0.011934619115389258,12444.907526466226,30759.26832307094
2026-06-12 00:29:50.827177,997.3146248118393,0.0009341434040026707,0.5,1000.0,1.9358885739775356,0,1033401.2843002488,0.009923599432350152,37090.4520400331,37261.44290817387
2026-06-12 00:34:50.827177,997.2571182680084,0.0010388013956921737,0.5,1000.0,2.282433059100305,0,1095576.4136422568,0.009779706163101965,50807.64314817352,50874.38775057184
2026-06-12 00:39:50.827177,995.1849766105644,0.0009498891490536638,0.5,1000.0,1.868103150169749,0,978592.1818666724,0.010059723394501632,34937.47835829818,34896.166246350556
2026-06-12 00:44:50.827177,996.4443666248183,0.0009623782381323483,0.5,1000.0,2.0020106466869096,0,1036438.7679242902,0.009916320672704816,39603.75673128163,39617.92303375556
2026-06-12 00:49:50.827177,995.7788483090684,0.0009266607404692162,0.5,1000.0,2.0179622272631925,0,1084239.3633606725,0.009805171229805325,39759.79575428849,39850.497550655455
2026-06-12 00:54:50.827177,1001.5045408868473,0.0009749298926557181,0.5,1000.0,2.1345147620452414,0,1096348.6928045314,0.009777983476875975,44617.01866974985,44668.694172448835
2026-06-12 00:59:50.827177,999.8713567862949,0.001048765622923899,0.5,1000.0,2.0359738975126787,0,970527.608262003,0.010080556341520424,41780.44296961403,41947.33355304711
2026-06-12 01:04:50.827177,1000.5431101899883,0.001025781404422198,0.5,1000.0,1.9501366104211548,0,951077.7545169154,0.010131703430657292,38552.12714722187,38473.18750529985
2026-06-12 01:09:50.827177,999.4433441280864,0.0010489211056014017,0.5,1000.0,1.9048815629612044,0,907514.0109619213,0.01025116302369371,37176.39526376201,37273.89868445738
2026-06-12 01:14:50.827177,995.7418964575655,0.001026107127296697,0.5,1000.0,1.9658178179753865,0,953822.0279776367,0.010124407988457526,38958.56510360772,38916.27787007431
2026-06-12 01:19:50.827177,996.9509594674405,0.0009448165085734815,0.5,1000.0,1.8993072639054855,0,1002054.9926318248,0.01000031282891995,35964.81576049284,35984.17740996954
2026-06-12 01:24:50.827177,998.9787491224558,0.0009834605387836221,0.5,1000.0,2.0047825319784685,0,1018208.1878625512,0.00996041258974985,39991.53900032265,39935.771300845336
2026-06-12 01:29:50.827177,995.5557443822161,0.0009609900435441269,0.5,1000.0,1.9435803820139514,0,1006744.360662943,0.009988647185268065,37564.470330854194,37550.26951355282
2026-06-12 01:34:50.827177,999.4259968603448,0.001066528745201952,0.5,1000.0,1.850596220671025,0,867081.1644555853,0.010368633811231466,35489.14370229035,35510.299908318244
2026-06-12 01:39:50.827177,997.5193492036838,0.0009401605676786844,0.5,1000.0,2.1255145788374903,0,1127595.6428591374,0.00970952820312121,43757.00941934661,43816.33477577439
2026-06-12 01:44:50.827177,997.2503583849008,0.0010446848844694555,0.5,1000.0,1.950232747657096,0,930840.6465183583,0.010186327617326742,38636.22890925168,38642.36462338941
2026-06-12 01:49:50.827177,999.421919936407,0.0010446476935054385,0.5,1000.0,1.8731863195024687,0,896045.3746629666,0.010283808343813374,36063.24475050173,35814.62978265471
2026-06-12 01:54:50.827177,998.8885266229721,0.0010914810100858044,0.5,1000.0,1.983174086551246,0,907468.7617315041,0.01025129081006609,40273.30365681496,40265.60878098501
2026-06-12 01:59:50.827177,997.2780676683618,0.0009795156703685253,0.5,1000.0,2.0068371565967658,0,1021614.4275174845,0.009952099753162434,39971.94261847154,40118.982694703554
2026-06-12 02:04:50.827177,1000.3186596067285,0.0010356161079790082,0.5,1000.0,1.8253533274420966,0,881569.4250733745,0.010325767569887841,34415.54082686564,34407.0536472187
2026-06-12 02:09:50.827177,995.8378733448002,0.0011140825918269422,0.5,1000.0,2.0331647667125763,0,908685.9862527765,0.01024785607139919,42185.85023987276,42335.69842388543
2026-06-12 02:14:50.827177,999.2318712138886,0.0009691179161533152,0.5,1000.0,1.8952842431309735,0,977088.7469829606,0.0100635908579723,36121.681061755844,36109.66138732915
2026-06-12 02:19:50.827177,999.1862025159368,0.000923247987623382,0.5,1000.0,2.171102880919079,0,1174839.302082441,0.00961040872108569,45263.6001633885,45106.40202130854
2026-06-12 02:24:50.827177,997.380907121372,0.0009059994983046119,0.5,1000.0,2.0523960512076735,0,1129702.962946669,0.009704997053575819,40773.575672768726,40730.28018816225
2026-06-12 02:29:50.827177,998.6522660444842,0.0010356356014430666,0.5,1000.0,1.9600100009890684,0,945008.276188152,0.010147932547273074,38932.15451503192,38876.311146490225
2026-06-12 02:34:50.827177,995.4977728472294,0.0009058424895970708,0.5,1000.0,1.925483222968265,0,1058028.4553511252,0.009865341826248476,36410.941454810694,36387.98814857721
2026-06-12 02:39:50.827177,999.8480540384138,0.000981384047353104,0.5,1000.0,1.9895032292436376,0,1013467.1220851183,0.00997204107613861,39464.568736220026,39346.0368919798
2026-06-12 02:44:50.827177,997.630195727114,0.001021865659351948,0.5,1000.0,2.061279074158329,0,1006195.9844628269,0.009990007858873863,42345.66956706703,42344.78742037671
2026-06-12 02:49:50.827177,996.9545539589619,0.0010092587768414957,0.5,1000.0,1.99745058714148,0,986549.48802662,0.010039376831709863,39933.208578733036,39900.38259466635
2026-06-12 02:54:50.827177,1000.0980184516737,0.0010212722432092086,0.5,1000.0,1.9782841192863143,0,968633.9958753606,0.010085479431275642,39474.48240554745,39603.26859128531
2026-06-12 02:59:50.827177,996.5913126189145,0.0010111144927900427,0.5,1000.0,2.0058370290817895,0,988513.0576045136,0.010034387591571976,40234.56016786294,40113.53645567177
2026-06-12 03:04:50.827177,995.1830774072729,0.0010639432906656696,0.5,1000.0,1.9396141068763044,0,907130.6491608312,0.01025224591116751,38384.215182498614,38408.78205116208
2026-06-12 03:09:50.827177,994.8867416529522,0.0009523841809630602,0.5,1000.0,1.9656794073156962,0,1026701.419326951,0.009939749378975422,38209.772634531786,38250.87544679353
2026-06-12 03:14:50.827177,999.2120199026913,0.0009661502430770735,0.5,1000.0,1.7914207561094995,0,926361.6942779073,0.010198618061138432,32703.495991241613,32780.99408014237
2026-06-12 03:19:50.827177,995.4391412950074,0.0009613670277364588,0.5,1000.0,2.0973726230852368,0,1085853.1355165008,0.009801526137745445,42919.98935883971,42883.63057115787
2026-06-12 03:24:50.827177,1001.5095883639688,0.0010415095905931305,0.5,1000.0,2.0298797780321762,0,975960.317258147,0.010066498541402662,41540.735402938284,41562.815502397534
2026-06-12 03:29:50.827177,993.8361411842326,0.0010450199294197533,0.5,1000.0,1.922654415596657,0,914242.5859229211,0.010232249305596068,37591.387721659245,37626.715534203875
2026-06-12 03:34:50.827177,1001.3929127365801,0.0010225612659659255,0.5,1000.0,2.189873498135524,0,1072270.1288470526,0.009832420031482084,47217.500314409015,47052.66393435958
2026-06-12 03:39:50.827177,998.4220349344052,0.0010591746833444964,0.5,1000.0,2.0087016480392386,0,946742.7887714774,0.010143281383624723,40862.36533659356,40829.59527744802
2026-06-12 03:44:50.827177,997.8065737762593,0.000941097956631181,0.5,1000.0,1.8963856428024803,0,1005328.9604287181,0.009992161078719876,35855.774237083795,35852.50773069709
2026-06-12 03:49:50.827177,996.9101618263821,0.0010833612055775568,0.5,1000.0,2.085673742147046,0,959619.6250595747,0.010109081422904485,43838.98239613351,43847.44021814526
2026-06-12 03:54:50.827177,998.7982722287041,0.0010761619310856129,0.5,1000.0,2.039804821650926,0,946583.1640659688,0.010143708978364092,42155.26185407336,42162.49575330291
2026-06-12 03:59:50.827177,997.9247305951503,0.0010367810998622874,0.5,1000.0,2.039457998548422,0,981511.7067777815,0.010052234326877815,41724.38275444256,41768.13488367335
2026-06-12 04:04:50.827177,1000.206603764033,0.001089089945438553,0.5,1000.0,1.957424439534841,0,898837.0790639719,0.010275813888363015,39380.022536964425,39573.78302966384
2026-06-12 04:09:50.827177,998.2284552973241,0.0009171688396161113,0.5,1000.0,2.0450495723778035,0,1112895.7872661725,0.00974143305267343,40668.71736076082,40609.17450338632
2026-06-12 04:14:50.827177,998.3006035229238,0.0009737775931868675,0.5,1000.0,1.9738241709778905,0,1011765.8667245748,0.009976230360950173,38801.161692866815,38839.278870122136
2026-06-12 04:19:50.827177,997.2727755755723,0.0009632348269659024,0.5,1000.0,2.055594145164584,0,1064116.4652769289,0.009851201083963524,41512.404696525824,41642.53501512576
2026-06-12 04:24:50.827177,997.8861087525579,0.0010360739661878671,0.5,1000.0,1.809505554598936,0,871405.1870682053,0.010355747189308486,33836.25254901249,33656.38868701636
2026-06-12 04:29:50.827177,998.6156035377841,0.0009474929630198928,0.5,1000.0,1.2243339413440866,1,645196.8645077152,0.011163835096037265,16711.350152972387,50705.59472378587
2026-06-12 04:34:50.827177,994.5796632146868,0.0010378747574668742,0.5,1000.0,2.1722155097808193,0,1040800.6142381207,0.009905914834942567,46487.90608749162,46319.86815684244
2026-06-12 04:39:50.827177,995.3036291557886,0.0010685268071998356,0.5,1000.0,1.92329325445997,0,895747.6514376542,0.010284662754942185,37864.886532594,38083.44430664025
2026-06-12 04:44:50.827177,999.4865281880454,0.0010347601450042,0.5,1000.0,1.9396161702506813,0,936748.5988810371,0.010170228528571558,38241.881263905925,38294.08633733571
2026-06-12 04:49:50.827177,998.3417308762558,0.001014187551183075,0.5,1000.0,0.993751879069336,1,489112.67440341716,0.011964216013721102,11795.582607471742,23623.179776643487
2026-06-12 04:54:50.827177,997.6320333272946,0.0009506063329549625,0.5,1000.0,1.8785193864111356,0,985724.0847978193,0.010041477808393904,35350.810962624535,35163.47355971749
2026-06-12 04:59:50.827177,998.0368678661308,0.0009576574516937318,0.5,1000.0,1.7791719223771747,0,927095.1579106795,0.010196600324431659,32213.49259348473,32163.04341153911
2026-06-12 05:04:50.827177,998.6951634107234,0.0010624809452648334,0.5,1000.0,1.9769413601476387,0,929128.086261319,0.010191018212555915,39777.55632410529,39727.57671824781
2026-06-12 05:09:50.827177,996.9204806393813,0.0010389674501952667,0.5,1000.0,2.0135859424081657,0,966048.1014766035,0.01009222180949625,40793.18794867372,40969.8335040656
2026-06-12 05:14:50.827177,996.4433905491953,0.0009980490240311228,0.5,1000.0,1.9947494931461347,0,995770.197849941,0.010016054840874297,39712.392421996825,39785.3125456824
2026-06-12 05:19:50.827177,998.3916905101954,0.0009791045227117055,0.5,1000.0,1.0979997591298871,1,559814.509211627,0.011567125225107234,13922.937856457494,38201.0475749135
2026-06-12 05:24:50.827177,996.0432544447699,0.0008987096063444312,0.5,1000.0,2.0043040870850386,0,1110688.8986741416,0.009746268397997469,38998.13064121121,39045.080866446406
2026-06-12 05:29:50.827177,998.816505511429,0.0009464573790657781,0.5,1000.0,2.1022841471550766,0,1109292.4794596452,0.009749334193694175,43037.149517246835,42886.859088889614
2026-06-12 05:34:50.827177,994.5948327915244,0.0010955709543569862,0.5,1000.0,1.9809553814070784,0,899187.7607299401,0.010274811854409099,40102.31685679241,39939.38353602798
2026-06-12 05:39:50.827177,1000.0583112746513,0.0009359772214498767,0.5,1000.0,1.942591742291273,0,1037795.0300342477,0.00991307925081218,37410.79852924752,37456.14073761688
2026-06-12 05:44:50.827177,998.9451949648261,0.001009473991061054,0.5,1000.0,1.9718874515111913,0,975660.3499155457,0.01006727218992066,39103.68804911197,39178.16496221061
2026-06-12 05:49:50.827177,998.5120594686277,0.00105037219865976,0.5,1000.0,2.0579346759756776,0,978164.0232778086,0.010060824040727166,42545.14792061505,42591.02327961827
2026-06-12 05:54:50.827177,999.9653819678911,0.0009372538665998854,0.5,1000.0,2.141202687854325,0,1142235.1189642916,0.009678266967866991,44370.888237331055,44558.84649553919
2026-06-12 05:59:50.827177,1001.3309488889251,0.0010092355237390541,0.5,1000.0,1.9371856260830822,0,961006.5616563159,0.010105432059314568,37973.00809464666,38009.883348279436
2026-06-12 06:04:50.827177,1000.0287401300362,0.0010468957768755328,0.5,1000.0,2.0098933787028885,0,959957.6135929517,0.01010819148652316,40834.9455586093,40851.95497948661
2026-06-12 06:09:50.827177,994.3182515373367,0.0010006249660953624,0.5,1000.0,2.033835744193596,0,1010508.4670093996,0.009979332329048105,41044.84768179448,40923.24673796031
2026-06-12 06:14:50.827177,995.4408460665286,0.0011434201527833385,0.5,1000.0,1.9007421993271176,0,827375.8418752749,0.01049085213467281,37728.77084639207,37814.53221425735
2026-06-12 06:19:50.827177,996.7503628446086,0.0009165700370560902,0.5,1000.0,2.002041716721292,0,1088588.8294916367,0.00979536235904118,39133.902100488485,38968.75767545206
2026-06-12 06:24:50.827177,998.0521821004216,0.0010529364264941939,0.5,1000.0,1.8534326142657904,0,878411.278448757,0.01033503612507388,35433.8913599771,35635.92826735889
2026-06-12 06:29:50.827177,999.0353180409383,0.0009913599131301768,0.5,1000.0,1.82309496962606,0,918604.9580360849,0.010220079604476217,33935.45728657693,34022.53708080292
2026-06-12 06:34:50.827177,996.548512373693,0.0010385960077418338,0.5,1000.0,2.0366746407892258,0,977109.9967352476,0.010063536142905012,41599.907761530594,41878.887496860036
2026-06-12 06:39:50.827177,998.3735335289541,0.0010220653575849622,0.5,1000.0,1.9616125258669217,0,958070.8387827419,0.01011316445192719,38851.39176243561,38890.32457329307
2026-06-12 06:44:50.827177,996.4892341352934,0.0009633421901445001,0.5,1000.0,2.020228040762122,0,1044870.4072722712,0.009896254775062292,40247.996650438334,40340.0132565474
2026-06-12 06:49:50.827177,996.7769643940161,0.0010114498196229671,0.5,1000.0,1.998210502299165,0,984611.4755571688,0.010044313320208735,39976.12724876532,39948.41013776705
2026-06-12 06:54:50.827177,995.1866778063036,0.0009071049274300857,0.5,1000.0,1.9023599951336203,0,1043541.5277217533,0.009899403824441586,35653.2400685669,35648.91210977809
2026-06-12 06:59:50.827177,996.1535335077782,0.0010301623750285697,0.5,1000.0,1.9954745698035663,0,964798.895746706,0.010095487035184415,40044.78352343379,39939.63013255146
2026-06-12 07:04:50.827177,995.2966307887673,0.0010149079232995262,0.5,1000.0,1.8766898694985146,0,920213.0859687983,0.010215611623828232,35809.802587166494,35665.03172230973
2026-06-12 07:09:50.827177,996.0482534940453,0.0010319330084321552,0.5,1000.0,2.13909723580014,0,1032355.806221286,0.009926110913346211,45239.78736289506,45258.7371435864
2026-06-12 07:14:50.827177,1000.1072835932157,0.0010529059162543576,0.5,1000.0,1.8644029655140035,0,885455.6502049805,0.01031441904202888,35856.75069919555,35851.83244857817
2026-06-12 07:19:50.827177,996.1012022223362,0.0010183809920104856,0.5,1000.0,1.980421472903142,0,968547.245845216,0.010085705255638774,39402.60995098686,39295.012579377006
2026-06-12 07:24:50.827177,1003.2647641296747,0.001007404470989914,0.5,1000.0,1.8957728411952752,0,943991.2900606253,0.010150664601047297,36600.13035291658,36510.25717868442
2026-06-12 07:29:50.827177,998.9866358017617,0.0009559465831669354,0.5,1000.0,2.0570421173360796,0,1074828.6675664852,0.009826563489979684,41538.20358606634,41541.450585137136
2026-06-12 07:34:50.827177,998.3696722473898,0.0009643889618175474,0.5,1000.0,1.9668568628718497,0,1018080.0067651544,0.009960726090735044,38470.5051018309,38361.192926852746
2026-06-12 07:39:50.827177,996.2832844396376,0.0010593367310088666,0.5,1000.0,1.948133328037879,0,916088.6306356419,0.010227090557845212,38669.83310434053,38705.49761228804
2026-06-12 07:44:50.827177,999.400619758818,0.001071816770285299,0.5,1000.0,1.3629676860358724,1,635440.1180776971,0.011206443794050341,20805.518844901715,43344.0150011258
2026-06-12 07:49:50.827177,996.8487243475245,0.0009880944781843974,0.5,1000.0,2.0029430591677553,0,1010344.2927547134,0.009979737698196958,39910.3549533051,39935.94040129771
2026-06-12 07:54:50.827177,998.2440196292907,0.0010023001373626638,0.5,1000.0,2.0516644445935968,0,1021680.8746981918,0.009951937935241637,41817.40128035796,41702.33006915195
2026-06-12 07:59:50.827177,1003.1201690765375,0.0009547692812503117,0.5,1000.0,1.9018674063482535,0,999090.3518171778,0.010007723170326676,36311.87857741399,36197.227019731465
2026-06-12 08:04:50.827177,997.8078802005507,0.0010586378422633722,0.5,1000.0,1.8595183056072493,0,876334.6371338599,0.010341153399348739,35679.34113465607,35443.11801867205
2026-06-12 08:09:50.827177,1000.2985466525713,0.001033270841184589,0.5,1000.0,2.0107207962040134,0,973278.7426097813,0.010073425185488927,40738.99795126656,40722.970052268145
2026-06-12 08:14:50.827177,996.5936471497482,0.0010970608718231874,0.5,1000.0,1.968115364450527,0,893939.1238197975,0.0102898605367532,39721.78043877491,39867.18691550526
2026-06-12 08:19:50.827177,997.9300230190061,0.0009560838461410131,0.5,1000.0,2.0626434672453944,0,1076460.9458973166,0.00982283627270779,41704.73109268267,41844.464174074295
2026-06-12 08:24:50.827177,1001.541601271271,0.0009810996050490892,0.5,1000.0,1.992009154733745,0,1016757.1306275484,0.009963964421290408,39598.96377797714,39631.37052832323
2026-06-12 08:29:50.827177,996.7460658844244,0.0010115722961262787,0.5,1000.0,2.020507533923463,0,995446.8619001426,0.01001686808272837,40760.30573051932,40560.20428227997
2026-06-12 08:34:50.827177,1001.6248971159938,0.0010323244768862885,0.5,1000.0,1.8376617470058756,0,891506.4010835744,0.010296873050327324,34829.04927387362,34913.43679319701
2026-06-12 08:39:50.827177,999.4155038709109,0.0009892166181226184,0.5,1000.0,2.1888436939614255,0,1105705.4052765442,0.009757231668070137,46719.9315843498,46742.498211701895
2026-06-12 08:44:50.827177,996.8750664482114,0.000956351945477315,0.5,1000.0,1.9835758014967968,0,1033812.5353712096,0.009922612382064587,38919.24108564961,38878.59076968048
2026-06-12 08:49:50.827177,999.264815478111,0.0010440703764461785,0.5,1000.0,2.0697586970339197,0,990468.2141809777,0.010029432021578685,42933.50723556674,43054.243848358106
2026-06-12 08:54:50.827177,999.9451088992535,0.001036056768127279,0.5,1000.0,1.9163908329780373,0,924797.6072003903,0.010202927495888381,37468.74358490902,37530.288053589866
2026-06-12 08:59:50.827177,999.2436199244344,0.0009541862949718138,0.5,1000.0,2.030800990221734,0,1063348.3961720676,0.009852979512040418,40604.45603273042,40800.61093700901
2026-06-12 09:04:50.827177,994.8595505602191,0.001067772140055275,0.5,1000.0,1.8697155236475256,0,871021.2018807452,0.010356888320061557,36019.869448034726,35879.30556463992
2026-06-12 09:09:50.827177,996.5457256483503,0.0010585099354598303,0.5,1000.0,2.045206783825967,0,962741.1185344151,0.010100877277766682,42104.7191177441,41971.97608702063
2026-06-12 09:14:50.827177,997.504962728897,0.0010067148248623897,0.5,1000.0,1.9644025915614167,0,973215.694001461,0.010073588330209571,38775.75482757001,38659.856882496766
2026-06-12 09:19:50.827177,997.8511331417999,0.001003979893118802,0.5,1000.0,2.0029190503935568,0,995346.150717189,0.010017121454974307,40099.179743374945,40070.67759230582
2026-06-12 09:24:50.827177,999.2413441951013,0.0010277028885557955,0.5,1000.0,2.06979740301301,0,1006237.8739173714,0.009989903886810196,42764.89206150443,42923.70928698408
2026-06-12 09:29:50.827177,998.3554020018665,0.0009569148464871871,0.5,1000.0,1.876745968877972,0,979010.5583023987,0.010058648476099745,35370.05918700888,35307.69993447351
2026-06-12 09:34:50.827177,995.3293112825799,0.0010015015739582042,0.5,1000.0,0.8995117640145688,1,446984.03270036366,0.012236676322263274,9854.7125562214,22664.301965902523
2026-06-12 09:39:50.827177,998.7603957020119,0.000892380822769541,0.5,1000.0,2.0457324281086766,0,1144800.783065415,0.009672839805634038,40430.85886524949,40472.58805860095
2026-06-12 09:44:50.827177,999.2211714905676,0.0010438227822751468,0.5,1000.0,2.2098221474546746,0,1057699.2150682034,0.009866109456783217,48141.786259968816,48226.101804748265
2026-06-12 09:49:50.827177,999.1195808958621,0.000921925338877907,0.5,1000.0,1.9861917665338518,0,1076249.3456213155,0.009823319051546854,38718.45995010442,38494.78079067296
2026-06-12 09:54:50.827177,1000.1615614511093,0.00107517099142145,0.5,1000.0,2.059113611792393,0,957729.6549141378,0.010114065016011514,42890.04675685872,42994.01824447758
2026-06-12 09:59:50.827177,999.6678443090979,0.0009834939953016774,0.5,1000.0,1.9893028530141519,0,1011008.7627635176,0.009978097536503562,39473.467531993636,39407.94590140014
2026-06-12 10:04:50.827177,998.9183601584568,0.000989416650903441,0.5,1000.0,2.19422455947563,0,1107648.227250582,0.009752950289487635,46905.973040597775,46895.73056920176
2026-06-12 10:09:50.827177,997.8596685770827,0.0009686133046957747,0.5,1000.0,1.8252778333034745,0,940195.1867537907,0.010160895127299004,33779.98076272861,33921.80717600237
2026-06-12 10:14:50.827177,994.678078132968,0.0009855980563038963,0.5,1000.0,2.0094621044669356,0,1013987.3406649187,0.009970761809822322,40047.04990922667,40025.40554929722
2026-06-12 10:19:50.827177,998.8592364382652,0.001070926567257402,0.5,1000.0,1.837445596643794,0,856897.9245517859,0.010399302277975217,35070.13765550685,34916.95060348826
2026-06-12 10:24:50.827177,998.4153753743262,0.000875609567173246,0.5,1000.0,1.7493428429463282,0,997345.65306153,0.010012097035009947,30590.471822209693,30443.0812921166
2026-06-12 10:29:50.827177,998.5431576743907,0.0010638482693044093,0.5,1000.0,2.0297462053117816,0,952574.3677972247,0.010127721541061353,41664.106091774716,41661.19490366178
2026-06-12 10:34:50.827177,995.4465028483594,0.0010169011740550854,0.5,1000.0,2.013949779614746,0,985729.6442265314,0.010041463650100493,40542.658103706766,40509.22163019029
2026-06-12 10:39:50.827177,995.8378869191835,0.0009396489176071392,0.5,1000.0,1.97151630622578,0,1044704.3548021418,0.009896647996264801,38306.94477013932,38312.892087556276
2026-06-12 10:44:50.827177,1000.1063057066658,0.0009462343803475381,0.5,1000.0,1.9893805909960247,0,1051320.9595992642,0.009881039698277092,39109.70703156465,39069.579233461685
2026-06-12 10:49:50.827177,997.9208896922867,0.0010838196513604102,0.5,1000.0,2.309829943407126,0,1063381.508754456,0.009852902808288521,52459.038549349934,52583.18123437842
2026-06-12 10:54:50.827177,999.3630013947452,0.0009527246560028634,0.5,1000.0,1.165657720700355,1,611359.846214877,0.011315200322808302,15364.824465419904,45910.91144528595
2026-06-12 10:59:50.827177,998.0566367522609,0.000942332474470202,0.5,1000.0,2.0510124361250073,0,1086148.800659165,0.009800859040959358,41148.68087384228,40972.38310813967
2026-06-12 11:04:50.827177,998.0595122789915,0.0010568657271182364,0.5,1000.0,1.935063518038612,0,913696.2726138352,0.010233778468294381,38245.725186940006,38327.37848612635
2026-06-12 11:09:50.827177,999.8765676119519,0.0010169276438142956,0.5,1000.0,2.0295232575040605,0,997746.8706575744,0.01001109035798658,41230.23754510895,41420.86463952497
2026-06-12 11:14:50.827177,996.9679105435653,0.00095310372117318,0.5,1000.0,1.9761766324944383,0,1033562.5831666512,0.009923212237842234,38635.36142169885,38650.85451981767
2026-06-12 11:19:50.827177,998.192241553882,0.001010831248770231,0.5,1000.0,1.958948151727027,0,967227.145499888,0.01008914481328203,38646.87911045914,38670.13414680317
2026-06-12 11:24:50.827177,997.0754494225899,0.0009487123658179861,0.5,1000.0,2.1818898532200324,0,1146558.6854210624,0.009669130075543837,45896.658810980276,45818.670309774
2026-06-12 11:29:50.827177,997.1310075451354,0.0010550410699211304,0.5,1000.0,2.117718496318434,0,1000739.610112441,0.010003597339131984,44734.73649926045,44710.491425314736
2026-06-12 11:34:50.827177,997.3816557530628,0.0010530685482436567,0.5,1000.0,2.013674664739923,0,953595.1741299172,0.010125010066809229,40948.25997286706,40998.54697381639
2026-06-12 11:39:50.827177,998.4442675432674,0.0010266003099410972,0.5,1000.0,1.7695788064056033,0,860522.7361187463,0.010388333595464079,32479.514727684767,32592.69373428266
2026-06-12 11:44:50.827177,997.042502756673,0.0010180830530623509,0.5,1000.0,1.9638990776747431,0,961655.7537602129,0.01010372614009364,38853.80630065117,38898.40632854421
2026-06-12 11:49:50.827177,1000.511512251147,0.0010880594062433688,0.5,1000.0,2.2703027564405085,0,1043814.350154231,0.009898756907634585,51047.00918023654,51228.81326809044
2026-06-12 11:54:50.827177,996.210785395561,0.0009999843163694113,0.5,1000.0,1.9769338333360291,0,984736.8476403167,0.010043993606212514,39105.86843871913,39115.71547012424
2026-06-12 11:59:50.827177,997.6262567116772,0.0009409062937289599,0.5,1000.0,2.110321757205366,0,1118768.3668021357,0.009728624258466143,43223.173897999,43111.00434764715
2026-06-12 12:04:50.827177,997.1205378834517,0.0010224736956416154,0.5,1000.0,2.1441942401952603,0,1045513.5047598764,0.009894732622292214,45360.72369972684,45251.41816064796
2026-06-12 12:09:50.827177,1000.8939557687074,0.0011043023524768558,0.5,1000.0,2.0218963915855976,0,916281.6111862796,0.01022655202650312,41844.18303605343,41967.6242092412
2026-06-12 12:14:50.827177,998.3931095530231,0.0009492620253407074,0.5,1000.0,1.9158178368131848,0,1007487.5410435516,0.009986804626263428,36596.247285868136,36696.95748333025
2026-06-12 12:19:50.827177,1000.0636890789373,0.0009819268616653007,0.5,1000.0,1.7564687668217112,0,894455.943348253,0.010288373835931645,31743.532796199954,31579.072389365265
2026-06-12 12:24:50.827177,995.0288792539261,0.0010208223019050726,0.5,1000.0,2.0684163208608957,0,1008076.5132853329,0.009985345600143584,42508.39409285631,42487.44327381272
2026-06-12 12:29:50.827177,998.5341005317385,0.0009973047575497131,0.5,1000.0,1.918524399717645,0,960444.6490995301,0.010106909792515462,37146.332702677646,37129.01332181539
2026-06-12 12:34:50.827177,999.7792615912468,0.0009508848209811342,0.5,1000.0,2.0176150451887693,0,1060680.3450563436,0.009859169758759662,40125.55791094516,40050.40462511537
2026-06-12 12:39:50.827177,998.1645679785508,0.0010560928928115235,0.5,1000.0,1.8750179660410635,0,886085.1686270233,0.010312586586291908,36189.33680028728,36048.299494842424
2026-06-12 12:44:50.827177,1000.1309607501307,0.001116002036100863,0.5,1000.0,1.9734762459529798,0,884288.1240514739,0.010317821891147718,40189.139280685114,40111.778864125285
2026-06-12 12:49:50.827177,996.9654230997993,0.0010098065729511954,0.5,1000.0,2.003371905490105,0,988948.0683147248,0.010033283947603186,40146.37691969507,40051.042063563575
2026-06-12 12:54:50.827177,1000.8186948803711,0.0009547965855132,0.5,1000.0,2.0268593581044296,0,1062277.959652432,0.009855460737845066,40520.94547847797,40382.29863205565
2026-06-12 12:59:50.827177,1002.5977962472385,0.0009225519737473262,0.5,1000.0,1.8885177812647587,0,1026188.1279050589,0.009940992092480306,35546.64611145135,35629.55264346793
2026-06-12 13:04:50.827177,997.2743228791206,0.001012898799061059,0.5,1000.0,2.1196910948761354,0,1043496.8939222081,0.009899509680271494,44358.1548331714,44386.44949024564
2026-06-12 13:09:50.827177,997.1089949571984,0.001055193867165813,0.5,1000.0,1.9403105215268028,0,916751.477726533,0.01022524141000642,38384.74692468154,38338.33465854034
2026-06-12 13:14:50.827177,1000.9067689542354,0.001023758387324769,0.5,1000.0,1.8325530539546755,0,895824.0434855256,0.010284443489903244,34569.05725333192,34362.00040214889
2026-06-12 13:19:50.827177,1001.1591442914614,0.0009998798079540573,0.5,1000.0,1.9890976580036537,0,995821.3444043213,0.010015926229310678,39674.04190246462,39644.13429153113
2026-06-12 13:24:50.827177,996.9542799456934,0.0009705364174105347,0.5,1000.0,2.003437530902646,0,1028985.4070423599,0.009934229090134711,39752.18671106118,39804.29227351923
2026-06-12 13:29:50.827177,997.1596263658083,0.0009453918183640955,0.5,1000.0,2.016058943317176,0,1063227.1951159243,0.009853260294097888,39934.76128122856,39861.156883351665
2026-06-12 13:34:50.827177,997.436430782279,0.0010417375663162442,0.5,1000.0,2.136213240368508,0,1022684.1091070797,0.009949496369603707,45287.20618727829,45172.209609216974
2026-06-12 13:39:50.827177,995.3110989779315,0.0010456885810692794,0.5,1000.0,1.9763551163264141,0,940570.7485062307,0.010159880686037678,39498.21045785415,39485.90825612408
2026-06-12 13:44:50.827177,996.1626961070316,0.0009227135106654634,0.5,1000.0,1.9880380375631228,0,1073144.2146294878,0.009830417270631725,38703.62171350548,38737.12859631413
2026-06-12 13:49:50.827177,995.9917184664959,0.0010794919489090342,0.5,1000.0,1.8896815618766907,0,871756.0089587185,0.01035470516288028,36827.37091176052,36627.377825183314
2026-06-12 13:54:50.827177,996.4644048697918,0.0010287035610447,0.5,1000.0,2.0820553502887895,0,1008402.2861865709,0.009984539039802943,43129.49278304626,43264.893696834915
2026-06-12 13:59:50.827177,997.9306302252264,0.0010699797322572897,0.5,1000.0,2.0184309064078105,0,941258.0284339767,0.01015802556379004,41298.79968507882,41173.886979355135
2026-06-12 14:04:50.827177,998.4684294650731,0.0009328936125757442,0.5,1000.0,1.9579972272705837,0,1047814.236294332,0.009889296569908853,37855.05517681944,37812.77690475473
2026-06-12 14:09:50.827177,1001.1010009856282,0.000931708792229228,0.5,1000.0,1.8095325306534535,0,972151.836959128,0.010076343162931892,33030.38494769567,33148.51205091591
2026-06-12 14:14:50.827177,996.0032919185225,0.0009925515345116352,0.5,1000.0,2.144441219505509,0,1075949.429167005,0.009824003532393938,44996.3800922628,45008.91599782459
2026-06-12 14:19:50.827177,999.9686447969532,0.0010251392213447598,0.5,1000.0,1.8772320035543943,0,915569.8579658838,0.01022853894763269,36044.24099210901,36153.850135525005
2026-06-12 14:24:50.827177,997.572022311549,0.0010898180411463483,0.5,1000.0,1.9408721990630293,0,888294.9866708843,0.010306166919755382,38728.913289522505,38884.28118556707
2026-06-12 14:29:50.827177,997.9010725806951,0.0010353039456907566,0.5,1000.0,1.1774544044943747,1,567458.0001604501,0.011527975479145896,15948.826392130773,30225.068973591504
2026-06-12 14:34:50.827177,999.3496389843332,0.0009878659361593984,0.5,1000.0,1.8803442071383314,0,951101.3771137695,0.010131640519546934,35799.08653066047,35889.29092119876
2026-06-12 14:39:50.827177,995.7545559568754,0.0009486815396167054,0.5,1000.0,1.8506490221746856,0,971238.5655001365,0.010078711065571056,34372.04893666823,34504.59762208671
2026-06-12 14:44:50.827177,998.7648194923681,0.0010615000286359575,0.5,1000.0,1.7876052417299335,0,840978.4165876419,0.010448170770816211,33346.22971517623,33308.64916039356
2026-06-12 14:49:50.827177,998.3329044164261,0.0009517647287124643,0.5,1000.0,2.0720996952905635,0,1086741.9461100737,0.009799521436111524,42005.053906674264,41975.43250401924
2026-06-12 14:54:50.827177,998.9849025280163,0.0010814234277386162,0.5,1000.0,1.9454813755273679,0,898587.2103609684,0.010276528158654147,38856.12580573262,38664.82142418715
2026-06-12 14:59:50.827177,998.5783372878157,0.0009857807675196745,0.5,1000.0,2.292727009247333,0,1161245.7861749541,0.009638410901505584,50593.21428169066,50671.32222686564
2026-06-12 15:04:50.827177,1002.9106002798218,0.0010795291036308926,0.5,1000.0,1.9005644934369126,0,882836.9103585801,0.010322059407465141,37393.30043149509,37139.81359995995
2026-06-12 15:09:50.827177,996.7245200314974,0.001033946564502964,0.5,1000.0,1.907854897657108,0,919586.0900563839,0.010217352491202583,37068.430770866005,37165.311552272346
2026-06-12 15:14:50.827177,996.9380060899964,0.0009931502255278771,0.5,1000.0,1.94346070297146,0,975436.4386841924,0.010067849875253847,37910.229277267645,37768.46233713107
2026-06-12 15:19:50.827177,996.7537189471504,0.0009740301814086937,0.5,1000.0,2.024313465513849,0,1035769.739777241,0.009917921581436532,40510.16973214009,40649.238602299636
2026-06-12 15:24:50.827177,996.8890457616795,0.000982954606132696,0.5,1000.0,1.952979666121469,0,990332.627572513,0.010029775286766442,38135.85343790533,38175.480781407765
2026-06-12 15:29:50.827177,996.725225745387,0.0010214158346187618,0.5,1000.0,2.061233221400251,0,1005703.5921520062,0.009991230410981244,42310.55198988017,42411.44875964174
2026-06-12 15:34:50.827177,1000.3780330622151,0.0010038578248108858,0.5,1000.0,1.9021411610011345,0,947773.771453875,0.01014052180735637,36703.70764751696,36622.42995043391
2026-06-12 15:39:50.827177,1000.8410084959797,0.0009703094295965647,0.5,1000.0,1.8618408281536418,0,960212.5854239344,0.01010752039534799,35066.6935102391,34933.34815071982
2026-06-12 15:44:50.827177,996.858507412501,0.0009917184294841183,0.5,1000.0,1.8201785260590893,0,914806.2568805005,0.010230672754584289,33788.248966171384,33611.88674978905
2026-06-12 15:49:50.827177,996.3352888537916,0.0010039288514859575,0.5,1000.0,1.7776425832062803,0,882098.3847590933,0.010324219232557073,32505.108589251424,32614.228890474013
2026-06-12 15:54:50.827177,998.9428311127729,0.0008935632952792594,0.5,1000.0,1.9481930980524944,0,1088973.5171556652,0.009794497174011289,37135.28665149776,37201.58065840415
2026-06-12 15:59:50.827177,996.895553911438,0.001022908405739435,0.5,1000.0,1.9699019687606778,0,959903.400578342,0.010108334205031799,39103.75649598139,39173.59780058882
2026-06-12 16:04:50.827177,999.265863635511,0.0009510139387641596,0.5,1000.0,1.9368562972516816,0,1017563.6243177319,0.00996198954135911,37344.09445998498,37373.238697092864
2026-06-12 16:09:50.827177,998.4058460417026,0.0009423333798397128,0.5,1000.0,2.1243405797187163,0,1125373.513848969,0.00971431769440773,43769.1092280409,43823.49638629974
2026-06-12 16:14:50.827177,994.9685117700055,0.0009156327826444645,0.5,1000.0,2.1228030209608133,0,1153367.486715675,0.009654828165135063,43288.57396978105,43259.40746492437
2026-06-12 16:19:50.827177,1001.0950104026601,0.0009103053751066055,0.5,1000.0,1.9665197012555498,0,1081325.6268836763,0.009811769811384796,37985.622773981944,38022.65283736639
2026-06-12 16:24:50.827177,1001.591755346191,0.0009322276248443855,0.5,1000.0,1.8206078886808037,0,978036.8026131613,0.010061151196691065,33401.90656787822,33316.22287392624
2026-06-12 16:29:50.827177,996.7744226190313,0.0009645489521184755,0.5,1000.0,1.9433294891944948,0,1004127.9529130888,0.009995147571043484,37625.21392296403,37590.94061307676
2026-06-12 16:34:50.827177,997.224596880128,0.0010976629568763285,0.5,1000.0,1.9400178606082938,0,881251.1695260414,0.010326699707049742,38758.41305023257,39062.74599978251
2026-06-12 16:39:50.827177,998.5717307814498,0.0009737060162052398,0.5,1000.0,1.9342865037721941,0,991841.3719094596,0.010025958898691794,37458.190176669435,37462.0823113627
2026-06-12 16:44:50.827177,998.6689135799741,0.0010088875053134016,0.5,1000.0,1.9302281096101754,0,955338.8257034225,0.010120386946318264,37656.15049666252,37458.98841037691
2026-06-12 16:49:50.827177,999.3170885453457,0.0010200240693253166,0.5,1000.0,1.9346537104275192,0,947689.6533072302,0.010140746821290614,37929.72860855756,37888.86960799716
2026-06-12 16:54:50.827177,1002.0204090775327,0.0010065532593107925,0.5,1000.0,1.961345838410224,0,976256.6169086848,0.01006573464401043,38799.88167068492,38694.12943259557
2026-06-12 16:59:50.827177,997.6461055450119,0.0009961278269637003,0.5,1000.0,1.9364458901184443,0,969698.691564466,0.010082709913636034,37719.37744125484,37735.29929272643
2026-06-12 17:04:50.827177,996.4034055109231,0.0009402353118200378,0.5,1000.0,2.020832250862559,0,1070776.7041997444,0.009835846587325734,40022.80086217086,39933.86495088849
2026-06-12 17:09:50.827177,995.2413615439709,0.0010725463774139605,0.5,1000.0,2.036036871590486,0,944643.5841409552,0.010148911841127829,41871.56311166885,41850.379974013245
2026-06-12 17:14:50.827177,996.5381399201161,0.0010903598321818943,0.5,1000.0,1.908935491281751,0,872339.0974072779,0.010352974407325218,37595.99388686153,37522.00988523438
2026-06-12 17:19:50.827177,997.9337460542524,0.0009158670652938657,0.5,1000.0,2.1271065326007035,0,1158853.435598537,0.009643381467201846,43542.11678978896,43561.835201608665
2026-06-12 17:24:50.827177,1001.5891157270356,0.000948798570455681,0.5,1000.0,1.9019937698159386,0,1003909.742988626,0.009995690663352716,36217.67639700026,36154.93651442194
2026-06-12 17:29:50.827177,996.9647774019277,0.0009860094828811497,0.5,1000.0,1.8382199386184663,0,929321.9607612257,0.010190486660189966,34329.67442960481,34365.36243685472
2026-06-12 17:34:50.827177,998.4475759032778,0.0009517731102544905,0.5,1000.0,2.038077807136505,0,1069012.0492548926,0.009839903169596476,40809.155864628396,41004.01401053327
2026-06-12 17:39:50.827177,997.9671542078545,0.0010252982776727932,0.5,1000.0,1.918259186558566,0,933562.312124483,0.01017889529651052,37379.32617650913,37263.88495485283
2026-06-12 17:44:50.827177,1000.3767865468961,0.0009635863898796693,0.5,1000.0,2.032129147075739,0,1054858.6236537527,0.009872744784174017,40785.34365194329,40857.72917330513
2026-06-12 17:49:50.827177,1003.0538648517472,0.00110825280339033,0.5,1000.0,1.759633139889947,0,796301.5371079488,0.01059173451018441,32895.432988273715,32650.150012011025
2026-06-12 17:54:50.827177,996.9382624541594,0.0010595274297171798,0.5,1000.0,2.139245594148307,0,1006437.2690012427,0.009989409050770075,45575.2809060876,45552.00376235604
2026-06-12 17:59:50.827177,997.0211211149635,0.0010106287015316108,0.5,1000.0,2.0672293408040403,0,1019697.5960838199,0.009956773458609647,42422.89532633085,42445.78580392591
2026-06-12 18:04:50.827177,1000.0883217541382,0.0010513493131659867,0.5,1000.0,1.8499523450836999,0,879876.7987723002,0.010330729932714583,35358.224295513995,35283.42302713016
2026-06-12 18:09:50.827177,999.3637829792526,0.0010552950212178655,0.5,1000.0,1.2413252194344606,1,587767.1372740539,0.011427076891163823,17596.646676121945,47800.64708913575
2026-06-12 18:14:50.827177,1001.693414651472,0.0009718026255970878,0.5,1000.0,2.167226590409753,0,1116943.1664877352,0.009732596219137671,45790.16049334448,45786.356515467494
2026-06-12 18:19:50.827177,999.167856370652,0.0009591891377729018,0.5,1000.0,1.926262009650204,0,1003274.0192717351,0.009997273727428809,37063.869354339775,37217.0808939884
2026-06-12 18:24:50.827177,997.2814158184259,0.0010039071531484825,0.5,1000.0,1.1096861726717562,1,551181.1495343224,0.011612156646314532,14260.37548405095,43850.02977749748
2026-06-12 18:29:50.827177,999.1813096613846,0.0010430818062248971,0.5,1000.0,1.094783129769252,1,524353.3320540823,0.011757919075179321,14080.917740943347,25868.98698297796
2026-06-12 18:34:50.827177,1000.2174071611659,0.0010069530199326708,0.5,1000.0,1.9649221794398446,0,975889.305999698,0.010066681660333324,38875.09410008076,38987.782164256896
2026-06-12 18:39:50.827177,999.6409643623947,0.0009211501758904501,0.5,1000.0,1.9772280385164247,0,1072853.371208598,0.009831083443114627,38420.14043297123,38667.28788752182
2026-06-12 18:44:50.827177,999.0145480622145,0.0009598587778024579,0.5,1000.0,2.0715493096769486,0,1078027.2813327445,0.009819266268712209,42096.05521374002,41990.82645010934
2026-06-12 18:49:50.827177,1000.1333493791783,0.0009963013568202812,0.5,1000.0,1.8600921571815525,0,933623.2388828846,0.010178729227842255,35222.51751763965,35127.606453684384
2026-06-12 18:54:50.827177,1000.3385911808914,0.0009962167197837084,0.5,1000.0,1.847971320775939,0,927808.6739846368,0.010194639376683688,34826.46104794841,34797.23759418663
2026-06-12 18:59:50.827177,1000.764317982075,0.0010986271088394904,0.5,1000.0,2.0450962634776477,0,931462.2545081924,0.010184627739578027,42628.934961928804,42690.47862576423
2026-06-12 19:04:50.827177,999.2974197751793,0.0009307006028800502,0.5,1000.0,2.1006730071227064,0,1127751.0239668526,0.009709193742063058,42814.891052769,42582.82089442243
2026-06-12 19:09:50.827177,997.6657638393663,0.0010252794620917937,0.5,1000.0,1.8428847648882116,0,896625.3127118231,0.01028214504623229,34838.95779168804,34904.33368448811
2026-06-12 19:14:50.827177,998.2934273728666,0.0010744556554164145,0.5,1000.0,2.108151408629974,0,979358.0984626657,0.010057755991112662,44623.42540547384,44638.25181087865
2026-06-12 19:19:50.827177,1000.4130179330167,0.0011135724872711398,0.5,1000.0,2.0037541841486823,0,900067.9315777691,0.01027229901404082,41260.63158670317,41207.237151103014
2026-06-12 19:24:50.827177,996.3661286580256,0.000979780128840802,0.5,1000.0,2.1091805339074647,0,1072442.674305201,0.009832024522745819,43580.21990618754,43622.77090116607
2026-06-12 19:29:50.827177,998.7373466177459,0.00102457147263601,0.5,1000.0,1.9929779638482383,0,971362.943748757,0.01007838841772971,39980.422158430716,40069.387081667155
2026-06-12 19:34:50.827177,997.2133223753452,0.0010284880178599324,0.5,1000.0,1.747772208251205,0,847312.6085474921,0.010428589137009808,31767.51823826055,31870.32041584936
2026-06-12 19:39:50.827177,998.0574896458696,0.0010097740865776645,0.5,1000.0,1.9848032617683962,0,980886.6097937537,0.010053835460026578,39529.58558019067,39531.061918295985
2026-06-12 19:44:50.827177,1000.5569037252146,0.0009950577399380348,0.5,1000.0,2.106014381867127,0,1058826.611033127,0.009863482148429215,43771.83173482654,43804.43503444744
2026-06-12 19:49:50.827177,998.3821981360398,0.0010217987694750024,0.5,1000.0,1.9106253980916286,0,933419.7895645112,0.010179283824580415,37099.25132714615,37128.08350906439
2026-06-12 19:54:50.827177,998.0928730963122,0.0008733876957390158,0.5,1000.0,1.9612035031092547,0,1120615.3056052406,0.009724613227748254,37332.63227129098,37455.751999355634
2026-06-12 19:59:50.827177,995.2802877180402,0.0010341034745031316,0.5,1000.0,1.982386649644902,0,953981.1071493527,0.010123985893316393,39598.03749625577,39636.15911771675
2026-06-12 20:04:50.827177,999.4925071320545,0.0010063088951830985,0.5,1000.0,1.7100486120131517,0,849232.6673847638,0.01042268954527842,30463.251595586244,30527.773923838533
2026-06-12 20:09:50.827177,999.2909683622821,0.0009888762551610868,0.5,1000.0,2.1671347575437476,0,1094979.3662932466,0.009781039008792044,45903.81582659981,45993.08188154618
2026-06-12 20:14:50.827177,1002.3265094466109,0.0011023431097859778,0.5,1000.0,1.9098624320102826,0,868289.4318501924,0.010365024811584163,37895.15909862839,38091.015505324096
2026-06-12 20:19:50.827177,997.384443530094,0.0009662532990604724,0.5,1000.0,2.05057354324728,0,1058319.8806864945,0.00986466261112399,41370.953061364686,41312.37157539775
2026-06-12 20:24:50.827177,998.4383006553279,0.0009798462005467484,0.5,1000.0,1.9913298863851792,0,1014557.1961687305,0.009969361422864491,39470.71530609798,39633.2861754827
2026-06-12 20:29:50.827177,998.4987673674215,0.0010995776651102367,0.5,1000.0,2.125761905635936,0,965175.407724068,0.010094502336463558,45547.20022306904,45794.31020102714
2026-06-12 20:34:50.827177,1001.1549065595269,0.0009583969347575072,0.5,1000.0,2.0406056122428082,0,1065822.6497597801,0.009847256228368285,41052.03326694084,40999.82899036674
2026-06-12 20:39:50.827177,997.8094089352261,0.0009724942358531731,0.5,1000.0,1.9765075728479025,0,1013979.1992130238,0.00997078182409709,38866.351450567076,38844.672436175395
2026-06-12 20:44:50.827177,998.5580430515407,0.0009926487288284575,0.5,1000.0,1.910648490748072,0,961011.3640766487,0.010105419434431774,36837.4237002277,36794.57860411878
2026-06-12 20:49:50.827177,999.215793019433,0.0010420367241064776,0.5,1000.0,2.0797850701382137,0,997159.7162039089,0.01001256373248862,43275.44034233449,43341.129183053396
2026-06-12 20:54:50.827177,998.3732182463127,0.0010103901253676658,0.5,1000.0,1.8126558696045383,0,895548.6740587584,0.010285233981502289,33739.43625163883,33553.26858803023
2026-06-12 20:59:50.827177,997.1071327708989,0.0009353687326423869,0.5,1000.0,2.064589042027589,0,1100430.444275607,0.009768903635853357,41519.7647813181,41469.81496896859
2026-06-12 21:04:50.827177,998.3881799857966,0.0009733915718436406,0.5,1000.0,1.8900955248445128,0,969316.5040841014,0.010083703633398056,35965.57528186299,35938.211064153744
2026-06-12 21:09:50.827177,1000.1472634997195,0.0009696322783393894,0.5,1000.0,2.125228366195664,0,1096055.3718378763,0.009778637595238778,44172.65568165586,44136.546246002275
2026-06-12 21:14:50.827177,995.9469694011779,0.0009961389477388478,0.5,1000.0,2.0161299542662694,0,1007870.7003818715,0.009985855327138665,40425.791193706005,40388.674946653955
2026-06-12 21:19:50.827177,998.2659393482937,0.0010212921829314914,0.5,1000.0,2.0644123767850107,0,1008933.8756114682,0.009983223610588027,42472.70883463114,42423.78287680397
2026-06-12 21:24:50.827177,996.5997583701217,0.0010209102877943986,0.5,1000.0,2.008198881382472,0,980189.2212628857,0.010055623267796536,40415.05865280763,40492.79721945623
2026-06-12 21:29:50.827177,1000.3900932578497,0.0009111994122975799,0.5,1000.0,1.8247622904859004,0,1001687.4974434428,0.010001229921664493,33314.66026532833,33368.48468721836
2026-06-12 21:34:50.827177,994.9536261904325,0.0010531970493780427,0.5,1000.0,1.9139270836604663,0,904041.9802147239,0.010260991440962276,37397.531852015745,37567.87194652062
2026-06-12 21:39:50.827177,996.8821563054569,0.001012628442299831,0.5,1000.0,2.0672389337611383,0,1017546.772242554,0.009962030787412519,42439.773118916295,42517.766454772885
2026-06-12 21:44:50.827177,998.754423750129,0.0010692266023796953,0.5,1000.0,2.0166655817359844,0,941874.0922180084,0.010156364108381116,41253.875212498904,41144.116301388385
2026-06-12 21:49:50.827177,1001.1310480584687,0.0010222099163645336,0.5,1000.0,0.964964399421924,1,472532.9920336408,0.012067809358780069,11249.726222742951,25336.752938170597
2026-06-12 21:54:50.827177,997.868499477854,0.0010550661478867882,0.5,1000.0,2.040327456303717,0,964858.2230332934,0.01009533184355908,41936.64275183583,41909.019568998716
2026-06-12 21:59:50.827177,996.8896009466137,0.0010233272655725064,0.5,1000.0,1.903329810929734,0,927078.638242879,0.010196645747580661,36824.130125724696,36849.65394956767
2026-06-12 22:04:50.827177,1001.7623141388812,0.0010673112878101375,0.5,1000.0,1.9203935862279367,0,901226.2612458105,0.010268996722355069,37937.89223861077,38047.217202568514
2026-06-12 22:09:50.827177,995.1039721991675,0.001026112531800889,0.5,1000.0,2.010291739052324,0,974770.910993179,0.010069567898935301,40494.63329724001,40513.216803072886
2026-06-12 22:14:50.827177,993.6023880867598,0.0009951042376778547,0.5,1000.0,1.7685955933999895,0,882963.1804516716,0.010321690355466838,32078.978480059883,32097.827662356518
2026-06-12 22:19:50.827177,998.8800289001067,0.0011136217360223442,0.5,1000.0,2.1673441885622986,0,972016.2402003212,0.010076694558296233,47281.05907245466,47282.06326077962
2026-06-12 22:24:50.827177,996.9958915512948,0.0010444518561139946,0.5,1000.0,2.0441746736377557,0,975647.5319086484,0.010067305255583308,41941.37000474242,42022.428403750346
2026-06-12 22:29:50.827177,995.9575343657385,0.0010286872210502206,0.5,1000.0,2.122703459704887,0,1027582.7582260257,0.009937617407926872,44596.59997225864,44539.70945536305
2026-06-12 22:34:50.827177,999.4167128945987,0.0009361847791730832,0.5,1000.0,1.8419396059190831,0,983174.0844601367,0.01004798248168992,34070.32289768006,33924.62191977149
2026-06-12 22:39:50.827177,998.4876014275424,0.0009355846191268231,0.5,1000.0,2.1244565160355258,0,1133645.983306765,0.009696547101978108,43697.38825037615,43761.84614799727
2026-06-12 22:44:50.827177,996.8718427385265,0.0010146357741070927,0.5,1000.0,2.223149891102775,0,1092113.832955422,0.00978744867893551,48222.12197053967,48259.63868535722
2026-06-12 22:49:50.827177,995.4393912026582,0.001007276059888412,0.5,1000.0,1.8679121644622683,0,922981.0088102098,0.0102079441098078,35454.062570301525,35586.404397816324
2026-06-12 22:54:50.827177,999.7449146565602,0.0009692938717495842,0.5,1000.0,2.0771401794903768,0,1071197.4933494723,0.00983488051258961,42421.879393372845,42179.08817165156
2026-06-12 22:59:50.827177,999.3004023559173,0.001007049134980603,0.5,1000.0,2.0001109944687294,0,992360.5771070907,0.010024647240476884,40074.983814818006,40064.948874832524
2026-06-12 23:04:50.827177,997.8016482724412,0.0010794313464021798,0.5,1000.0,1.8455566151751754,0,852995.1621007413,0.010411177068604019,35383.337470571416,35394.00882585433
2026-06-12 23:09:50.827177,1001.6932739920953,0.001034770123727515,0.5,1000.0,2.049288397185187,0,991891.028190815,0.010025833415859409,42175.613068953506,42024.52527311191
2026-06-12 23:14:50.827177,995.8598304673477,0.0009429495745123631,0.5,1000.0,2.083360320483735,0,1100130.3312705029,0.009769569801277826,42228.18657336297,42219.526938070936
2026-06-12 23:19:50.827177,994.9489496581505,0.000994424558642853,0.5,1000.0,1.9398873447331153,0,970455.1538487002,0.010080744490438122,37743.869735895394,37862.562002718936
2026-06-12 23:24:50.827177,996.6161838602375,0.000959751675957372,0.5,1000.0,2.116591652025522,0,1098945.4605160821,0.00977220209755879,43630.93632655156,43839.54779732477
2026-06-12 23:29:50.827177,997.908827967289,0.000980615004179572,0.5,1000.0,1.0418539104418476,1,530113.8623470286,0.011725845957529572,12701.315424343775,35953.00863519775
2026-06-12 23:34:50.827177,998.4866788986454,0.000979319216718518,0.5,1000.0,1.8505243853550355,0,943371.6382822655,0.010152331051574252,34713.441427905855,34680.99428978984
2026-06-12 23:39:50.827177,997.5175278842873,0.0009761177208697998,0.5,1000.0,2.013659739558875,0,1028902.9911346184,0.009934428018975254,40182.372656850894,40308.52417489802
2026-06-12 23:44:50.827177,998.7041107930286,0.0009372432314013303,0.5,1000.0,2.002538527797227,0,1066928.7292383383,0.009844703085731137,39427.67979050926,39518.8200521192
2026-06-12 23:49:50.827177,995.4969211516191,0.0009936172659240905,0.5,1000.0,1.9283426511575894,0,965995.2770483496,0.010092359777281287,37359.50036334109,37311.061306526804
2026-06-12 23:54:50.827177,1000.8875292081465,0.0009719696181576345,0.5,1000.0,2.0809594435971888,0,1071435.9363579198,0.009834333290364603,42624.31701135974,42566.137409429706
2026-06-12 23:59:50.827177,997.8356976432149,0.0008535275654998866,0.5,1000.0,2.053089431421595,0,1200105.3087996314,0.009559422036792574,40207.43858102149,40190.58837696863
2026-06-13 00:04:50.827177,1000.2345916631763,0.001102648601225083,0.5,1000.0,2.0858139070934016,0,946041.7486264361,0.010145159966764487,44148.08669881259,44043.001796360906
2026-06-13 00:09:50.827177,998.6854506927554,0.0010544384827108335,0.5,1000.0,0.9539883971363882,1,451773.31251247996,0.012204116134230706,11092.290627211754,31868.626520204958
2026-06-13 00:14:50.827177,998.9135064383075,0.0009811849637537502,0.5,1000.0,2.060258026797834,0,1048741.901752582,0.009887108947899034,41921.84952166212,41970.52481381844
2026-06-13 00:19:50.827177,999.1395345604644,0.0010009409524870299,0.5,1000.0,1.9554349696970006,0,975957.8627649535,0.010066504870602361,38458.43495140325,38562.28567802038
2026-06-13 00:24:50.827177,998.8954171200346,0.0009414172826341219,0.5,1000.0,2.2053818690086597,0,1170015.6150673372,0.009620298782521021,46738.65177768527,46700.76656761737
2026-06-13 00:29:50.827177,999.285445519735,0.0010847861438905433,0.5,1000.0,1.9187454229878014,0,883756.8518218388,0.01031937218661108,37964.48842070639,38103.33050756443
2026-06-13 00:34:50.827177,1000.6583050602649,0.0010948644347386555,0.5,1000.0,2.2105297429458313,0,1010163.8502804596,0.009980183330841124,48799.68839268486,48864.69893936841
2026-06-13 00:39:50.827177,998.393042339403,0.0010078346864123263,0.5,1000.0,2.003488794708941,0,992359.8086125064,0.010024649181276183,40173.95276425735,40243.51806614999
2026-06-13 00:44:50.827177,999.418007515177,0.0010511765322092673,0.5,1000.0,1.8624489110431257,0,885372.210441896,0.010314662047811408,35757.8098300156,35665.90865461649
2026-06-13 00:49:50.827177,997.8205286114255,0.0010087643389466961,0.5,1000.0,2.1368079350488602,0,1056813.1430566988,0.009868176836484714,44959.382068434585,45140.15809051194
2026-06-13 00:54:50.827177,1000.8802344308989,0.0009331637280562035,0.5,1000.0,2.012590138839496,0,1079318.4676021114,0.009816328258787822,39796.22397876505,39851.5604239672
2026-06-13 00:59:50.827177,996.6472153958815,0.0009794088315518172,0.5,1000.0,2.0851124098380236,0,1060906.033366984,0.009858645377517327,42718.66270864972,42685.395972360086
2026-06-13 01:04:50.827177,1001.6018808658216,0.0010065963983385978,0.5,1000.0,2.1223855918542593,0,1055927.382728761,0.00987024565567081,44531.94567254772,44481.03394877338
2026-06-13 01:09:50.827177,997.9196840987113,0.0009772726140628279,0.5,1000.0,2.0337955554145024,0,1038382.0179627609,0.009911678010308641,40912.62659970501,40881.58138543503
2026-06-13 01:14:50.827177,995.1384497957639,0.0009890673361282482,0.5,1000.0,1.9407759155187185,0,976344.4132785632,0.01006550834969457,37728.540770288855,37626.70701580108
2026-06-13 01:19:50.827177,998.2562088298216,0.0009954300221245442,0.5,1000.0,2.097571337766925,0,1051763.3408927491,0.00988000052040731,43394.278054799404,43493.10810923435
2026-06-13 01:24:50.827177,996.6378966850502,0.000995956075106727,0.5,1000.0,0.8834688475807266,1,442036.8307634783,0.012270771266056114,9545.347381254047,24136.246344711053
2026-06-13 01:29:50.827177,999.6812870979775,0.0010026129245248741,0.5,1000.0,2.068585781860842,0,1031268.6213691029,0.009928725957958096,42471.94571097324,42500.928194860724
2026-06-13 01:34:50.827177,996.6947520413952,0.0009469697466801699,0.5,1000.0,1.7846269426208539,0,939168.4973557206,0.010163670936289624,32263.216152686146,32218.22442806601
2026-06-13 01:39:50.827177,997.1076331335704,0.0009641491925436032,0.5,1000.0,2.0446981717009853,0,1057297.0294558979,0.00986704756624207,41132.743755423384,41199.82340231522
2026-06-13 01:44:50.827177,994.2209185381089,0.0009357707867150016,0.5,1000.0,0.9598944059463225,1,509925.6738553226,0.01184021954289517,10846.498814866813,35878.71237430358
2026-06-13 01:49:50.827177,997.0953873615018,0.00104889077748431,0.5,1000.0,2.165330963717853,0,1029202.259367946,0.009933705764691273,46440.466301058004,46376.07579481609
2026-06-13 01:54:50.827177,993.1522413467421,0.0008947176529079838,0.5,1000.0,2.0623087347889095,0,1144599.380400966,0.009673265283580541,40859.80481279274,40856.41744621694
2026-06-13 01:59:50.827177,994.8321943530285,0.0010576795171658463,0.5,1000.0,2.0239857745849297,0,951860.2642816968,0.010129620508813383,41281.73278101634,41137.3936348569
2026-06-13 02:04:50.827177,999.5208293122886,0.0010693174698631423,0.5,1000.0,2.048630999335022,0,957456.2340556702,0.010114787007301382,42430.296937948355,42600.351255479734
2026-06-13 02:09:50.827177,999.5716003173017,0.000984890970650869,0.5,1000.0,0.9258684138988912,1,469834.6313158679,0.012085099168234657,10355.29948737254,36021.149521964464
2026-06-13 02:14:50.827177,998.85091512357,0.0008698431456086351,0.5,1000.0,2.162325669052805,0,1241511.7508440702,0.009478699740290971,44268.17782023485,44128.623930265094
2026-06-13 02:19:50.827177,996.0660477137416,0.0009819344719016355,0.5,1000.0,2.1991370418416905,0,1115393.0350392933,0.009735975957650439,46899.93244436124,46813.24202382637
2026-06-13 02:24:50.827177,997.904577287716,0.000996790791935559,0.5,1000.0,2.0392913510548216,0,1020784.9982689336,0.00995412075872128,41309.55098734229,41296.06915532246
2026-06-13 02:29:50.827177,997.9927949218188,0.0009494700890035543,0.5,1000.0,2.1590403568573637,0,1134689.0992376567,0.009694317832411722,45098.92402405681,45102.80009606296
2026-06-13 02:34:50.827177,995.683270621615,0.0009742390803095879,0.5,1000.0,1.9430851801327467,0,992927.4273395841,0.01002321619667941,37680.094827742694,37611.48969769004
2026-06-13 02:39:50.827177,1001.0067966035343,0.0010765097599431677,0.5,1000.0,1.920288643377502,0,892802.859289887,0.010293132935423334,37994.22890910164,37879.73610933111
2026-06-13 02:44:50.827177,999.7547245811513,0.001033246358115087,0.5,1000.0,2.004092474872892,0,969565.9241939167,0.010083055064521248,40487.51470214593,40527.017833232545
2026-06-13 02:49:50.827177,997.5580716523407,0.0009537717942810951,0.5,1000.0,2.0434941038367898,0,1068653.9746087152,0.009840727331882175,40993.232284242375,41167.18073129424
2026-06-13 02:54:50.827177,998.0537716779891,0.0009201200415202284,0.5,1000.0,1.9606013318756879,0,1063331.6663782287,0.009853018266962473,37800.87168971401,37806.33823155447
2026-06-13 02:59:50.827177,998.4167656158951,0.0009836491341195116,0.5,1000.0,2.053776819036848,0,1042305.1969618958,0.009902338065126063,41701.92563911387,41672.75441869576
2026-06-13 03:04:50.827177,993.9165302631515,0.000989327161032478,0.5,1000.0,2.0306389482073413,0,1020029.4185358966,0.009955963608412976,40803.614676941244,40763.93073564066
2026-06-13 03:09:50.827177,997.5056452349588,0.0010248099593681659,0.5,1000.0,1.9001693224708944,0,924771.2752692257,0.010203000124635354,36747.50508979739,36637.83272473301
2026-06-13 03:14:50.827177,996.6360315040044,0.000973234164371617,0.5,1000.0,2.051879301745172,0,1050608.8458869944,0.009882713640982846,41468.31767837909,41401.119203230024
2026-06-13 03:19:50.827177,995.9967599802102,0.001025574978768093,0.5,1000.0,2.086352824252152,0,1013090.5570779287,0.009972967597067757,43237.22788517069,43350.83899320706
2026-06-13 03:24:50.827177,997.437799414228,0.0010967577020030116,0.5,1000.0,2.017146931759039,0,917239.3287206537,0.010223881516988642,41493.177918518115,41286.09291772483
2026-06-13 03:29:50.827177,1001.5953730536991,0.001040775051122213,0.5,1000.0,2.115264810326169,0,1017818.1368402247,0.009961366716715192,44641.70025563648,44648.71058800121
2026-06-13 03:34:50.827177,999.281685722534,0.0009975955746334615,0.5,1000.0,1.8782596206503048,0,940717.1040416964,0.010159485497746883,35815.489136160104,35818.28460284604
2026-06-13 03:39:50.827177,996.8576420204344,0.0009908424764473354,0.5,1000.0,2.0467950422131853,0,1029610.3204999203,0.00993272137241042,41481.0850766748,41492.92501002376
2026-06-13 03:44:50.827177,999.1451655627124,0.0009821663432910065,0.5,1000.0,1.8829719293603224,0,957761.540579094,0.010113980835946586,35829.30708459543,35902.04885543778
2026-06-13 03:49:50.827177,1000.798710873172,0.0010590320456226072,0.5,1000.0,1.8885918641766912,0,892371.6288124215,0.010294376225872882,36747.09418240963,36753.210308766524
2026-06-13 03:54:50.827177,999.8492673658255,0.0009686343277024349,0.5,1000.0,1.936906916626221,0,999662.5693300107,0.010006290730950534,37534.02594032916,37488.62999709706
2026-06-13 03:59:50.827177,998.1192607398403,0.0010022611354499993,0.5,1000.0,1.9057939816425755,0,948959.1149443615,0.010137353695120631,36750.13493085457,36684.47265503569
2026-06-13 04:04:50.827177,996.7061264445889,0.0010025598950940543,0.5,1000.0,1.9452004181258862,0,966921.3696837337,0.010089942357634064,38052.61625276148,38182.4506290763
2026-06-13 04:09:50.827177,999.3964466272272,0.0009749107903594235,0.5,1000.0,1.978584968928881,0,1014139.3483646619,0.009970388163496454,39008.50248848761,39112.607686243195
2026-06-13 04:14:50.827177,998.7869707708435,0.000931376722605795,0.5,1000.0,2.0837154486331384,0,1117264.2553627377,0.009731896884759355,42203.37571329204,42491.13946525317
2026-06-13 04:19:50.827177,999.7903864400555,0.0010161487251808834,0.5,1000.0,1.9678840961294297,0,968102.1843472051,0.010086864220446494,39053.87780377794,39025.77896090968
2026-06-13 04:24:50.827177,999.2703436033639,0.0009969498014072307,0.5,1000.0,1.8414374293230407,0,922861.8181810012,0.010208273691207333,34589.89444726637,34526.073146535906
2026-06-13 04:29:50.827177,1000.0991054306387,0.0010250120234718285,0.5,1000.0,1.0443133078258653,1,509465.63602659234,0.011842891511837563,12917.02244817612,35560.91893344942
2026-06-13 04:34:50.827177,996.9295295768788,0.0009733199846780416,0.5,1000.0,1.916290986638496,0,981386.9549148631,0.01005255376641643,36801.35239132273,36844.25404050904
2026-06-13 04:39:50.827177,1000.6347881312687,0.0010610410649406524,0.5,1000.0,1.9941279572895372,0,940299.9902556385,0.010160611988429965,40429.79218151273,40493.427689401
2026-06-13 04:44:50.827177,998.3951992093848,0.0009561613109394078,0.5,1000.0,2.0446536506940713,0,1067483.2612152542,0.009843424314752491,41085.463898358656,41170.176986094295
2026-06-13 04:49:50.827177,1002.1505217452506,0.0010856020142008945,0.5,1000.0,2.0199610418402782,0,932342.1408145572,0.010182223984759512,41635.289629175626,41697.95699038596
2026-06-13 04:54:50.827177,996.6216243638208,0.000912618174508587,0.5,1000.0,2.1094179547521477,0,1151791.4102791701,0.009658129315187043,42830.05170229547,42937.55486289379
2026-06-13 04:59:50.827177,1001.4719276063305,0.0010217385032278445,0.5,1000.0,2.0479003143392758,0,1003639.7125427781,0.009996362933612592,41985.41215417326,42106.21268523181
2026-06-13 05:04:50.827177,998.3958215669253,0.0010237715341263312,0.5,1000.0,1.9138690420302893,0,933215.4640439273,0.010179840961918596,37227.869507407464,37350.45397906061
2026-06-13 05:09:50.827177,996.6971639927712,0.0009602221466029558,0.5,1000.0,2.217856217399166,0,1151051.8736970564,0.009659680248702432,47357.93406543766,47131.800270415835
2026-06-13 05:14:50.827177,997.0322283318914,0.0010212196968930507,0.5,1000.0,2.019433346333823,0,985801.6523714785,0.010041280274728951,40827.92731178449,40851.16540204159
2026-06-13 05:19:50.827177,997.3593053836114,0.001063975933488008,0.5,1000.0,1.9852659773378494,0,930483.2157567362,0.010187305706565734,40045.00780991364,39952.68679105918
2026-06-13 05:24:50.827177,998.8483318928038,0.0008891590580322968,0.5,1000.0,2.096392542305557,0,1177504.8428952522,0.009604965280306048,42163.879174957496,42269.4239515277
2026-06-13 05:29:50.827177,999.045670976071,0.0010251372403745408,0.5,1000.0,0.9268415226897755,1,451625.8772268314,0.012205112034381583,10474.615179253935,34104.592808542344
2026-06-13 05:34:50.827177,996.8525999921228,0.0008753364589834962,0.5,1000.0,2.039922819293933,0,1161554.7058087059,0.009637769995108738,39979.28068289955,40126.20321067288
2026-06-13 05:39:50.827177,997.951290815478,0.0009517167598238396,0.5,1000.0,2.2492183998600686,0,1179242.8694235412,0.00960142425425322,48473.93315224292,48387.46318080615
2026-06-13 05:44:50.827177,1002.2845407172238,0.0010814583182450473,0.5,1000.0,1.9724878571744953,0,914040.8153717088,0.010232813940037376,39903.84878553968,39794.46242154153
2026-06-13 05:49:50.827177,1001.4550863402014,0.0009709108983303973,0.5,1000.0,1.9682239105982604,0,1015071.4394670828,0.009968098543389954,38671.659242179405,38707.284174249166
2026-06-13 05:54:50.827177,998.8726473393481,0.0009413060017795514,0.5,1000.0,2.0116578512012464,0,1067341.544392363,0.00984375103991742,39790.461408799354,39753.13433306627
2026-06-13 05:59:50.827177,998.0760069563364,0.000990103113550766,0.5,1000.0,2.107151593558104,0,1062059.809613113,0.009855966783630866,43677.16170118784,43855.10063194826
2026-06-13 06:04:50.827177,998.2400626534366,0.0011033953169081777,0.5,1000.0,1.8493465969809602,0,836550.524797914,0.010461969048110833,35717.82880218453,35854.132116897286
2026-06-13 06:09:50.827177,999.2270359454608,0.0009084158876396987,0.5,1000.0,1.8034444108523495,0,991864.2098117624,0.010025901185689192,32583.15366164791,32532.070191400104
2026-06-13 06:14:50.827177,995.9544148696032,0.0009474345044180328,0.5,1000.0,1.9412884729379853,0,1020352.7611366024,0.009955174770985694,37365.302406802955,37469.55090282354
2026-06-13 06:19:50.827177,997.4852469251533,0.0010748715841589814,0.5,1000.0,1.8366077040940714,0,852189.748162488,0.010413636126838339,35038.19159060113,34983.66290057085
2026-06-13 06:24:50.827177,994.6628318522448,0.0010928851171768867,0.5,1000.0,1.9575168652474362,0,890793.203230347,0.010298933434236648,39253.57045885549,39198.17899631389
2026-06-13 06:29:50.827177,998.7984462452106,0.000994828438785486,0.5,1000.0,2.050249969612929,0,1029215.8950359713,0.009933672862608317,41706.26899369825,41777.68746950454
2026-06-13 06:34:50.827177,999.2943918794055,0.0009380473648736679,0.5,1000.0,1.9109251136447736,0,1017846.6572548344,0.00996129693574865,36349.35193528405,36494.93604433097
2026-06-13 06:39:50.827177,997.0336270754012,0.001104792175090458,0.5,1000.0,0.9175593602861979,1,414031.5064089895,0.012473206924579028,10470.2312327304,22474.72406214884
2026-06-13 06:44:50.827177,1001.14797352658,0.00107972211958746,0.5,1000.0,2.0069337161715346,0,930442.002853007,0.0101874185135635,41079.81496822045,41043.322090870235
2026-06-13 06:49:50.827177,995.5484686739953,0.0010339473493881117,0.5,1000.0,2.086254348461517,0,1004387.3719026761,0.009994502107366316,43306.99824855218,43337.11872046135
2026-06-13 06:54:50.827177,995.0712502395803,0.000959379882553129,0.5,1000.0,1.8305026561483388,0,949301.0014828664,0.010136440841101492,33797.1746187243,33707.775571277336
2026-06-13 06:59:50.827177,998.44890363712,0.0009975485329580982,0.5,1000.0,2.0820232398305984,0,1041951.2196521795,0.009903178976979255,42861.91968085606,43018.46071983869
2026-06-13 07:04:50.827177,1000.0941966052243,0.0009919819959477586,0.5,1000.0,2.0817306203738326,0,1049377.2673475544,0.009885612023037834,42844.347161227335,42753.99190037117
2026-06-13 07:09:50.827177,1001.3678553829158,0.001016542565230779,0.5,1000.0,2.095408510215663,0,1032064.3708359676,0.009926811575475893,43645.63650430316,43582.317127749564
2026-06-13 07:14:50.827177,997.0822314742621,0.0010725500719065669,0.5,1000.0,2.1218480214871684,0,986274.214849885,0.010040077266211717,45070.93630697296,45247.66021407691
2026-06-13 07:19:50.827177,1000.1573616668626,0.0010439708520568701,0.5,1000.0,2.2202013924659614,0,1063511.860835405,0.00985260088278393,48574.01109881215,48595.469941701005
2026-06-13 07:24:50.827177,997.9229830609986,0.0009461311961507621,0.5,1000.0,1.9643907951380946,0,1035961.3604102146,0.009917462922860642,38190.32825748305,38384.686600365014
2026-06-13 07:29:50.827177,997.6547454001184,0.001068824822500977,0.5,1000.0,2.010957158007786,0,938526.5523625923,0.010165408459005484,41011.98059346796,40990.05284139951
2026-06-13 07:34:50.827177,999.7673198749734,0.0010156566070006578,0.5,1000.0,1.9583561566751975,0,963859.4740705249,0.010097946017867648,38718.21584379362,38970.16772578086
2026-06-13 07:39:50.827177,999.3046457568269,0.0010343532897929457,0.5,1000.0,2.000197684475581,0,966210.896341139,0.010091796678268178,40347.09202984418,40408.657027893794
2026-06-13 07:44:50.827177,994.8472156860315,0.0010733270429639302,0.5,1000.0,2.1532873355636313,0,997921.3346017695,0.010010652776193675,46176.6857527678,46101.44215750661
2026-06-13 07:49:50.827177,1000.9530806994518,0.0009444209875243225,0.5,1000.0,1.8654985516069331,0,988582.7120202765,0.010034210834011655,34953.186553034866,34876.4027911674
2026-06-13 07:54:50.827177,1000.7601827082949,0.000998208721064677,0.5,1000.0,1.9138950327834425,0,959393.5127364785,0.010109677003826752,37059.83904266346,36914.11825158335
2026-06-13 07:59:50.827177,996.748874596981,0.0009734272724320393,0.5,1000.0,2.1377180936504563,0,1094467.02614368,0.00978218347898112,44557.66506400572,44422.88356940478
2026-06-13 08:04:50.827177,998.7916070668748,0.0009216070287317272,0.5,1000.0,2.102003650690209,0,1139023.216447522,0.0096850826393868,42741.04605158489,42675.092893139954
2026-06-13 08:09:50.827177,998.9880603725654,0.001017335498880246,0.5,1000.0,1.9636868353182921,0,964136.0716071308,0.010097221699067963,38896.15272986,38796.99288590169
2026-06-13 08:14:50.827177,998.5213475316478,0.0011255778275792213,0.5,1000.0,2.085440200112072,0,925016.6926666887,0.010202323314443165,44304.91609807398,44047.122978846535
2026-06-13 08:19:50.827177,996.8993896923091,0.0009079961127747124,0.5,1000.0,2.0341215842492035,0,1116642.7572587612,0.009733250740645821,40147.92072610432,40232.07282529241
2026-06-13 08:24:50.827177,996.656753264124,0.0009983859694475264,0.5,1000.0,2.1500274609000987,0,1073151.7940877997,0.009830399913013809,45290.259962670745,45367.79373476135
2026-06-13 08:29:50.827177,997.9488918580171,0.0010320271467537387,0.5,1000.0,2.0074509593826773,0,970581.7655459839,0.010080415717877041,40539.33611248249,40570.17380018007
2026-06-13 08:34:50.827177,1000.3454580385187,0.0010061539100828091,0.5,1000.0,2.1025632113872583,0,1045212.6348030688,0.009895444608153779,43760.617260376246,43647.12061868097
2026-06-13 08:39:50.827177,999.0872003091889,0.000994343597374213,0.5,1000.0,1.563183747853581,1,785320.5261923687,0.010628567563468187,25947.6597800268,65380.12105058238
2026-06-13 08:44:50.827177,997.2587713358278,0.0009350391818277088,0.5,1000.0,2.0598099155047467,0,1098437.1272583317,0.009773332493045487,41352.791104471675,41334.974295442014
2026-06-13 08:49:50.827177,999.5433974212967,0.0010116393371470082,0.5,1000.0,2.004932816579484,0,990480.1471722969,0.010029401813586556,40297.33582204266,40214.01254149419
2026-06-13 08:54:50.827177,992.3029147587398,0.0009621618011492037,0.5,1000.0,2.072244698522098,0,1068580.3842871285,0.009840896753761475,41933.4907710415,41956.749384275834
2026-06-13 08:59:50.827177,1000.2975314007442,0.0008905039147510724,0.5,1000.0,1.9634719141796115,0,1102777.9194421526,0.009763700732587966,37652.43290230425,37669.95681945912
2026-06-13 09:04:50.827177,994.5205724424438,0.0010597296110256866,0.5,1000.0,2.238796770552473,0,1050517.708794197,0.009882927976372514,49263.89491798796,49013.61987966416
2026-06-13 09:09:50.827177,997.2751181171938,0.0010479192909921022,0.5,1000.0,2.018007103769598,0,960240.1110813838,0.01010744796056538,41048.93358206416,41045.839044578766
2026-06-13 09:14:50.827177,995.7606602107477,0.001002583048842554,0.5,1000.0,1.9727066679774488,0,979641.3855067332,0.010057028801288243,38971.72985527427,38983.78375782124
2026-06-13 09:19:50.827177,995.4106370485582,0.0010114537344102852,0.5,1000.0,1.9164310994979963,0,943016.8858505383,0.010153285715328992,37118.9176903981,37081.04357299369
2026-06-13 09:24:50.827177,1000.3216535747571,0.0010537159006357782,0.5,1000.0,2.109722019160644,0,1001408.7371731333,0.010001925854921307,44532.16114393855,44400.015657840435
2026-06-13 09:29:50.827177,997.0645975973762,0.0010112169828389041,0.5,1000.0,2.0867187412827737,0,1028757.139854854,0.009934780111795966,43132.9725059205,43003.773045086615
2026-06-13 09:34:50.827177,998.6930077634614,0.0010452008777380656,0.5,1000.0,1.9502645628585906,0,931742.2247246949,0.010183862583264093,38684.019964267034,38735.42650734893
2026-06-13 09:39:50.827177,997.9061588422417,0.0009851258899563075,0.5,1000.0,2.057645134512242,0,1042169.7233703854,0.009902659855301553,41839.117934676826,41915.27803297085
2026-06-13 09:44:50.827177,998.9540816544462,0.0010655991869286973,0.5,1000.0,1.8491444031787143,0,866747.2590927635,0.010369632269072802,35420.161416728915,35375.360467239196
2026-06-13 09:49:50.827177,998.1536437821205,0.0010160392862966342,0.5,1000.0,2.018497057507316,0,991482.4259690094,0.010026866198882099,40777.336724155284,40815.568497359556
2026-06-13 09:54:50.827177,995.4340155516229,0.0010097025971802936,0.5,1000.0,2.0452756352076693,0,1008186.4423000624,0.009985073397492624,41578.36699837661,41532.575172867226
2026-06-13 09:59:50.827177,999.9925336388943,0.0009364969455643985,0.5,1000.0,2.1707329809559224,0,1158955.607789728,0.009643168922825004,45439.060299444696,45353.73639917038
2026-06-13 10:04:50.827177,997.0124868336774,0.0010143477927150855,0.5,1000.0,1.922918119727131,0,945027.6277503519,0.010147880596449067,37410.84603338335,37432.29572199222
2026-06-13 10:09:50.827177,994.8868362026805,0.0009584022541252775,0.5,1000.0,1.8721647371197676,0,971717.2743209345,0.010077469536886605,35140.93400458575,35026.0245043604
2026-06-13 10:14:50.827177,997.1437696780682,0.0009680858636735753,0.5,1000.0,1.9104572039074958,0,983900.5865058687,0.010046127136213927,36562.09536154992,36751.47377053312
2026-06-13 10:19:50.827177,1001.0015195812687,0.000959231218584194,0.5,1000.0,1.866343149968508,0,973807.0931094236,0.010072058543551084,35118.501178164996,34974.74980688186
2026-06-13 10:24:50.827177,999.700443484227,0.0009466882534050388,0.5,1000.0,2.133665735775898,0,1126572.857870696,0.00971173120767183,44199.698272280715,44228.081008703644
2026-06-13 10:29:50.827177,997.3026957311843,0.001106238570150848,0.5,1000.0,2.1548639295024037,0,971332.7955712087,0.010078466619945353,46672.510032555874,46687.53396581184
2026-06-13 10:34:50.827177,997.3014845913632,0.0010665669530994203,0.5,1000.0,2.032021657794883,0,950028.59883834,0.010134499487261462,41733.56024584288,41739.70781391511
2026-06-13 10:39:50.827177,997.3567298975653,0.0010960183751072131,0.5,1000.0,2.1221294945685147,0,965549.5661352337,0.010093524268619867,45335.365043025064,45483.70438262741
2026-06-13 10:44:50.827177,1002.1534959671217,0.0009388552490222218,0.5,1000.0,2.0133958380580235,0,1074570.1640252229,0.009827154417501644,39922.741732154056,39654.12060539947
2026-06-13 10:49:50.827177,998.7638709044631,0.0010035626874955446,0.5,1000.0,1.9904888352299235,0,990485.3771654302,0.010029388574166851,39687.77697425367,39728.95018480256
2026-06-13 10:54:50.827177,998.8600832943821,0.0009353246187397953,0.5,1000.0,1.9666962380946238,0,1050145.761609879,0.009883802959454093,38185.924633400005,38158.58688366223
2026-06-13 10:59:50.827177,1000.0605669080637,0.0009652152561401468,0.5,1000.0,1.9689609008622435,0,1020021.255471226,0.0099559835273437,38599.764647459175,38658.162227010565
2026-06-13 11:04:50.827177,998.477578318053,0.0009540936508291713,0.5,1000.0,1.8452198443690968,0,965529.2434180293,0.01009357738099881,34314.65736872892,34320.12559631075
2026-06-13 11:09:50.827177,997.4819157083585,0.0010619792003220782,0.5,1000.0,2.026425476360734,0,951677.1917884547,0.01013010762806356,41493.52813818657,41486.02610021192
2026-06-13 11:14:50.827177,997.60730030183,0.000980188516094912,0.5,1000.0,1.9959666089785957,0,1015718.3172318088,0.009966511075253835,39610.40796835894,39489.676501786766
2026-06-13 11:19:50.827177,997.8567974811718,0.0010534189666847008,0.5,1000.0,2.0745360724077875,0,982557.7414781838,0.010049557846415773,43157.58714492489,43090.27339488383
2026-06-13 11:24:50.827177,997.9255555269804,0.0010302060444794259,0.5,1000.0,2.009352349643861,0,973195.6391214118,0.01007364022703184,40587.918427043674,40901.06941523895
2026-06-13 11:29:50.827177,999.4552590872739,0.0011151819376052396,0.5,1000.0,1.3646720727308237,1,611527.4261656693,0.01131442505275382,21059.713353201394,43436.752074125914
2026-06-13 11:34:50.827177,998.1038917716146,0.0009260277888430139,0.5,1000.0,1.912880696999237,0,1030883.5712992874,0.009929652959163314,36264.82520735271,36370.08452478991
2026-06-13 11:39:50.827177,999.4652801544312,0.00106296166198934,0.5,1000.0,2.007215323682176,0,943656.8116952426,0.010151563955153792,40877.9016798424,40842.71199748008
2026-06-13 11:44:50.827177,997.8385668397829,0.0010573220435200364,0.5,1000.0,2.0738237230816163,0,978576.6334866395,0.010059763353423873,43170.962006161484,43085.40106930383
2026-06-13 11:49:50.827177,998.1572703806322,0.0009513310580986483,0.5,1000.0,1.885666100891614,0,989240.9756268513,0.010032541168878532,35607.338436573526,35684.98121401833
2026-06-13 11:54:50.827177,994.0035986309358,0.001050356666823658,0.5,1000.0,2.008747375368074,0,950487.6690574357,0.010133275565601212,40643.2524133475,40452.88058643273
2026-06-13 11:59:50.827177,999.832655349405,0.0010168072481513116,0.5,1000.0,2.0233042951529483,0,994763.6140874509,0.01001858764731377,41006.83265730403,40941.75880736623
2026-06-13 12:04:50.827177,998.692976951796,0.0009886261870023297,0.5,1000.0,0.9914311377413652,1,500763.24469811807,0.01189401176179347,11675.768317167953,33350.9890156583
2026-06-13 12:09:50.827177,999.9960202197193,0.0009588032256514001,0.5,1000.0,1.9412143695092,0,1012307.1095133716,0.009974896614097704,37588.3852686072,37682.88417894406
2026-06-13 12:14:50.827177,992.2074892436126,0.0009640445274275407,0.5,1000.0,2.0230610848766215,0,1041080.7294182599,0.00990524844158419,40224.05650235669,40265.42777371882
2026-06-13 12:19:50.827177,1002.1767494095615,0.0011024906047892964,0.5,1000.0,1.8866578981707378,0,857496.9579890347,0.010397485606108644,37090.18219919831,37042.89222633505
2026-06-13 12:24:50.827177,997.7208207436896,0.0010000341409478742,0.5,1000.0,2.034992371524939,0,1015142.4716362958,0.009967924165343967,41185.02478415189,41221.92208536212
2026-06-13 12:29:50.827177,1000.216365633475,0.001039106500076573,0.5,1000.0,1.91046456263408,0,919481.2665345616,0.010217643680682629,37301.18959579341,37270.87441189574
2026-06-13 12:34:50.827177,995.920188145749,0.0009604550309166224,0.5,1000.0,1.4004536607454603,1,726082.9650545607,0.010839017385843286,21171.514931594204,71519.54120096439
2026-06-13 12:39:50.827177,999.2255478101251,0.000961007352688918,0.5,1000.0,2.23378277453883,0,1161308.9173210044,0.009638279907865121,48055.703483516154,48079.31915572386
2026-06-13 12:44:50.827177,995.8931688736527,0.001054099240462497,0.5,1000.0,1.913924319829818,0,904119.8791791948,0.01026077041207732,37431.93220319358,37605.57648367021
2026-06-13 12:49:50.827177,996.7524620786083,0.0009325211894224235,0.5,1000.0,2.0534207862374676,0,1097429.3386476755,0.009775575476442372,41085.214453958724,41057.43502122568
2026-06-13 12:54:50.827177,1001.8280627077336,0.0009792393116047364,0.5,1000.0,1.927325809511798,0,985892.3447352335,0.010041049342096082,37366.51270566307,37489.05222894904
2026-06-13 12:59:50.827177,997.6186351984733,0.0010017013705536117,0.5,1000.0,2.104095417379779,0,1047759.7716840863,0.009889425083667152,43678.37361852297,43687.41501789249
2026-06-13 13:04:50.827177,998.4348657463595,0.0010055686300920027,0.5,1000.0,0.8566016558892374,1,425262.35092359106,0.012390026661020927,9077.155981786427,19316.004677850655
2026-06-13 13:09:50.827177,999.7401354613775,0.0009910453357491922,0.5,1000.0,2.0480586758427712,0,1033013.5182322664,0.009924530565755875,41618.06563811342,41878.22308966182
2026-06-13 13:14:50.827177,998.9913637759452,0.0010197909890547962,0.5,1000.0,1.9127011033110648,0,936844.8555637337,0.010169967281958651,37168.54035867616,37299.511241112494
2026-06-13 13:19:50.827177,998.3008378102871,0.0010346427877908906,0.5,1000.0,1.979301541090163,0,954889.1704780601,0.010121578153016406,39585.268408764605,39608.700738082596
2026-06-13 13:24:50.827177,998.7299220049324,0.0010367318772729664,0.5,1000.0,1.8968974724852692,0,913682.8462002412,0.010233816063994507,36776.753109127196,36853.35274410823
2026-06-13 13:29:50.827177,1002.8068311704766,0.0009507098095666087,0.5,1000.0,2.082235047089575,0,1098168.7094802768,0.00977392964532094,42495.79872030426,42387.59685047396
2026-06-13 13:34:50.827177,997.8847624059329,0.0009857922451035602,0.5,1000.0,1.9163019645560413,0,969904.4297098019,0.01008217517974781,36945.582636226376,36840.901484961265
2026-06-13 13:39:50.827177,998.4021980934299,0.0010597381430938468,0.5,1000.0,2.055196425933183,0,968122.4756027962,0.010086811366403258,42536.9257989068,42648.334827589555
2026-06-13 13:44:50.827177,1000.1013087920152,0.0010447323593786937,0.5,1000.0,1.1285549787211504,1,540171.5095404872,0.011670878725751775,14865.961164813969,36846.82899724367
2026-06-13 13:49:50.827177,1000.2110518659159,0.0009313570274259468,0.5,1000.0,1.9885527628201136,0,1067781.952581726,0.009842735865598399,38929.75918383902,38914.1774283189
2026-06-13 13:54:50.827177,1000.3740606111207,0.00101757399501761,0.5,1000.0,2.0147755907400127,0,990360.037106626,0.010029705889196161,40729.02196689923,40700.228197403165
2026-06-13 13:59:50.827177,999.2774604440584,0.0009010887375312595,0.5,1000.0,1.9238175328341152,0,1066724.8510036662,0.009845173445272708,36411.38678569024,36426.59352923716
2026-06-13 14:04:50.827177,995.713990174539,0.0010023467451030184,0.5,1000.0,2.0210367113540886,0,1003831.5273547285,0.009995885366452116,40654.09342855834,40628.668487403214
2026-06-13 14:09:50.827177,1001.2668630646021,0.001094888350837299,0.5,1000.0,2.153033456435441,0,984466.1573710538,0.010044683962864235,46621.65404743878,46418.439969751635
2026-06-13 14:14:50.827177,995.7073092139626,0.0009526053641365507,0.5,1000.0,1.9221905214167285,0,1004581.3428791915,0.009994019621867451,36767.55541685575,36909.14294353858
2026-06-13 14:19:50.827177,998.605270930478,0.0009582838477254209,0.5,1000.0,2.1171810143273846,0,1103132.5037146283,0.009762916041697298,43700.80028881624,43689.74425263236
2026-06-13 14:24:50.827177,996.4914482999612,0.001038201489078643,0.5,1000.0,2.1498097633487783,0,1031720.2716353193,0.009927639169177932,45721.41069276479,45904.56355572859
2026-06-13 14:29:50.827177,997.871723306814,0.0009228599242395178,0.5,1000.0,1.9183845010971956,0,1037157.2097750483,0.00991460296031474,36410.05688360623,36233.8372559888
2026-06-13 14:34:50.827177,998.6575248206069,0.000968362248505748,0.5,1000.0,1.854494539490945,0,956256.2612592208,0.01011795868897712,34750.46324762528,34573.85131536558
2026-06-13 14:39:50.827177,998.6427144309006,0.0010298220568790877,0.5,1000.0,2.0301960900171765,0,984364.4931756388,0.010044943304087086,41346.00966885742,41318.4683153057
2026-06-13 14:44:50.827177,998.8438415084705,0.0009682857076155299,0.5,1000.0,1.9452592477233126,0,1003324.8474309443,0.009997147110243045,37785.80303412578,37883.55576597975
2026-06-13 14:49:50.827177,1001.2274225381173,0.0009882015006394515,0.5,1000.0,2.1868603219163,0,1107843.1484602636,0.009752521261624897,46697.295781693814,46575.32905954107
2026-06-13 14:54:50.827177,998.9070686030279,0.0010372092855157518,0.5,1000.0,2.003480754049983,0,964747.9611771464,0.010095620282189622,40478.875889230076,40353.028083697536
2026-06-13 14:59:50.827177,997.5116867294187,0.001021077304176828,0.5,1000.0,1.919780059196482,0,937736.56370828,0.010167548724706496,37379.82015204914,37417.01538592018
2026-06-13 15:04:50.827177,999.9281743365767,0.00101334091981477,0.5,1000.0,1.885284048898829,0,930165.0610664495,0.01018817671419235,36209.19424631427,36177.9068796524
2026-06-13 15:09:50.827177,1000.3789409778493,0.0009830438860364981,0.5,1000.0,2.108990495909083,0,1073090.2805042958,0.009830540788888465,43741.2505798454,43795.658570954925
2026-06-13 15:14:50.827177,995.544784369726,0.0010185030557634477,0.5,1000.0,1.9428816025915814,0,949543.3691448723,0.01013579395631034,38090.02403808115,38060.52905775641
2026-06-13 15:19:50.827177,999.1948001396997,0.0009938133659950121,0.5,1000.0,2.004382879946043,0,1007618.2408383777,0.009986480759356684,40088.88748005389,40127.40120833439
2026-06-13 15:24:50.827177,999.4023454846218,0.0010228902804962892,0.5,1000.0,2.095580274511248,0,1023730.4437391448,0.009946953098763775,43655.50718638529,43792.120510279965
2026-06-13 15:29:50.827177,997.40487299328,0.0009751533987441011,0.5,1000.0,1.951574164806917,0,998053.0163219022,0.010010322561971029,38026.79103045873,37905.036351283125
2026-06-13 15:34:50.827177,1000.7514136266233,0.000990871551281023,0.5,1000.0,1.995407117125984,0,1007651.5420403401,0.009986398249203039,39792.216188421655,39910.694889803264
2026-06-13 15:39:50.827177,997.699888825935,0.0009505021103723994,0.5,1000.0,1.998343159017748,0,1048786.0709782855,0.009887004848298598,39391.70756546299,39221.292818595655
2026-06-13 15:44:50.827177,998.251152906943,0.0009982496194996882,0.5,1000.0,2.0683324511516092,0,1034167.8141544147,0.009921760066837829,42371.050612838444,42431.98427022211
2026-06-13 15:49:50.827177,997.6538563514323,0.0009594499568185578,0.5,1000.0,2.0590744335510327,0,1070531.8888952266,0.009836408868405299,41606.439350378394,41748.3662673147
2026-06-13 15:54:50.827177,998.0311580951629,0.0009442976774919003,0.5,1000.0,1.977988626874517,0,1045271.1719157903,0.00989530606445883,38638.55815909051,38586.15135672524
2026-06-13 15:59:50.827177,995.8074498262096,0.0010129330573927695,0.5,1000.0,2.006364906149652,0,986221.6984784275,0.010040210922239418,40247.420682073585,40311.87619349275
2026-06-13 16:04:50.827177,995.1198982348114,0.001010636988792883,0.5,1000.0,1.9628220988476512,0,966342.6872943228,0.010091452577891843,38689.30889033102,38640.599574636064
2026-06-13 16:09:50.827177,1001.18901012645,0.0010391436867474286,0.5,1000.0,1.8522387593080556,0,892292.910787905,0.01029460326066808,35360.59985025592,35419.13796366862
2026-06-13 16:14:50.827177,996.3060773033634,0.0009784437215212452,0.5,1000.0,2.025760085739813,0,1031371.0641646419,0.009928479401610367,40593.03640269863,40367.18646706767
2026-06-13 16:19:50.827177,996.0172153010874,0.0010204026423418378,0.5,1000.0,2.1892191760833066,0,1068450.7747069134,0.009841195180350336,46977.85438173264,46994.07004814138
2026-06-13 16:24:50.827177,993.6932197727925,0.0010275398786136832,0.5,1000.0,1.9116280859308936,0,924329.9979167712,0.01020421764085761,37054.319735955185,37093.85883233953
2026-06-13 16:29:50.827177,996.722076504621,0.0010222386903915798,0.5,1000.0,1.9226970290397296,0,937351.8109257089,0.010168591927111162,37467.66315968806,37602.131354795376
2026-06-13 16:34:50.827177,995.353820413185,0.0009587173158598929,0.5,1000.0,1.9129272228356258,0,993013.9927190387,0.010022997747622931,36506.65282712519,36599.17838125317
2026-06-13 16:39:50.827177,1001.2840303202728,0.0010074681741135594,0.5,1000.0,2.0724591778723123,0,1029868.8988960187,0.009932097839399322,42714.00048723715,42697.8768819974
2026-06-13 16:44:50.827177,1000.0196341786852,0.0010182070148027332,0.5,1000.0,2.044848545419644,0,1004161.5627336572,0.00999506393426992,41794.2366236909,41821.04310348576
2026-06-13 16:49:50.827177,996.6236993096445,0.0010003589233453971,0.5,1000.0,1.9841462307583544,0,988368.8295880373,0.010034753639292843,39371.800664448805,39227.18902195818
2026-06-13 16:54:50.827177,1002.5048716106886,0.0008956761170814458,0.5,1000.0,1.9081980938361034,0,1067895.9997852508,0.009842473063448307,35928.380542069324,36092.78803587334
2026-06-13 16:59:50.827177,999.9635309739832,0.001008024481198674,0.5,1000.0,2.0092376791639923,0,996585.1235247956,0.010014006635410617,40425.43147595454,40494.54741578674
2026-06-13 17:04:50.827177,997.3503372329827,0.0011106265519698622,0.5,1000.0,1.8435377872664196,0,827754.8517864913,0.010489651048436922,35555.99754931534,35369.90747239426
2026-06-13 17:09:50.827177,993.0011885702529,0.0009819980365621509,0.5,1000.0,2.0143426566857494,0,1018456.5435992673,0.009959805310071141,40129.82970340689,40154.428408219705
2026-06-13 17:14:50.827177,1002.5818851451814,0.000963596145107234,0.5,1000.0,2.0871524386087934,0,1085797.840262685,0.009801650923296103,42808.24506185827,42840.47910630607
2026-06-13 17:19:50.827177,995.2208550664728,0.00101866742798557,0.5,1000.0,1.8748800863366322,0,915863.0733687684,0.010227720177503804,35780.40881679592,35703.01442720964
2026-06-13 17:24:50.827177,994.7092025060862,0.0010156189105233286,0.5,1000.0,1.8467481723170336,0,904363.5278356968,0.010260079242136599,34806.64842721355,34816.33498077617
2026-06-13 17:29:50.827177,1000.0451408640192,0.0010596367582708208,0.5,1000.0,2.157943789169486,0,1018292.9120627414,0.009960205401250472,46383.99533177473,46296.54731194326
2026-06-13 17:34:50.827177,1002.8795048126785,0.0009371065922045556,0.5,1000.0,1.9388240360495415,0,1037452.3588709583,0.009913897723510723,37374.03435604376,37233.574598773106
2026-06-13 17:39:50.827177,1000.768545637021,0.0010365690126287496,0.5,1000.0,1.2737297552814282,1,614869.1786063135,0.011299020429225802,18345.47789719439,53693.220614391576
2026-06-13 17:44:50.827177,999.1278182401047,0.0010295211030625733,0.5,1000.0,1.9846002334802169,0,963005.6613008421,0.010100183515145035,39746.27124148672,39763.43026740065
2026-06-13 17:49:50.827177,999.1895086833306,0.0009928926731529728,0.5,1000.0,1.9838045183058672,0,998192.8135672817,0.010009972056286596,39362.11996600287,39454.9531393405
2026-06-13 17:54:50.827177,999.7068311175606,0.0010169343658960844,0.5,1000.0,2.0438412699496644,0,1004608.6295295181,0.00999395175810229,41735.3670253833,41742.34887047045
2026-06-13 17:59:50.827177,999.5178571795735,0.001051472874079918,0.5,1000.0,1.9116001143253558,0,908572.3926671097,0.010248176364023252,37430.98397657063,37524.7931134646
2026-06-13 18:04:50.827177,998.5623828479388,0.0010436157690014226,0.5,1000.0,2.0132497143495645,0,963168.3861735961,0.010099756887974015,40877.22578380834,40942.096091578744
2026-06-13 18:09:50.827177,998.2084022079038,0.0009428490343963135,0.5,1000.0,1.9618510585175908,0,1038520.5579314246,0.009911347436144998,38079.03971892849,37975.499914344706
2026-06-13 18:14:50.827177,997.874813744201,0.0010410079093377742,0.5,1000.0,1.867950655659497,0,895277.0175326188,0.010286014112402516,35814.09458437724,35878.20488808143
2026-06-13 18:19:50.827177,996.4920708222667,0.000996765569748374,0.5,1000.0,2.03374820747264,0,1016595.0873017651,0.009964361456808962,41069.3365187584,41136.21085902054
2026-06-13 18:24:50.827177,997.4386498462665,0.0010036437049007758,0.5,1000.0,1.9736692193122083,0,980733.4772993613,0.01005422789048806,39064.62445651428,39238.80456125797
2026-06-13 18:29:50.827177,994.6140863716092,0.0010036598495500846,0.5,1000.0,1.9842975171555293,0,983206.742304088,0.010047899043101367,39349.88309630876,39390.94853244232
2026-06-13 18:34:50.827177,997.8033207464105,0.000992487850560087,0.5,1000.0,1.8789839056585842,0,944523.5927256765,0.010149234152898099,35753.975446898134,35630.50804211688
2026-06-13 18:39:50.827177,996.0228177856982,0.0010595853748553532,0.5,1000.0,2.1591400367762805,0,1014808.6197006091,0.00996874387662933,46288.312345787155,46232.904266153135
2026-06-13 18:44:50.827177,995.7928213655684,0.0009958141020075394,0.5,1000.0,2.0876714186386116,0,1043813.4024510242,0.009898759154463484,42960.96616445723,42775.710450981285
2026-06-13 18:49:50.827177,998.3597883023069,0.0009440226935808416,0.5,1000.0,2.096415588417198,0,1108541.689345849,0.009750984525269941,42784.879009211116,42835.926761091694
2026-06-13 18:54:50.827177,1000.7840045726892,0.0009803235072015136,0.5,1000.0,1.9694555297558318,0,1005280.1842543766,0.00999228228137831,38788.001844452505,38953.39859853031
2026-06-13 18:59:50.827177,999.8366332120046,0.0010089347358405239,0.5,1000.0,1.827081711049658,0,905302.9703934522,0.010257416457269786,34235.996566773145,33996.88181778819
2026-06-13 19:04:50.827177,994.8589987927536,0.0010614607392148525,0.5,1000.0,2.195291738248951,0,1028773.6795558889,0.009934740180932931,47632.40744547391,47802.030479726265
2026-06-13 19:09:50.827177,996.0207437268593,0.0010301547342474416,0.5,1000.0,1.9938902491994133,0,963911.5284793269,0.010097809684490625,39985.08868883012,40034.81243913405
2026-06-13 19:14:50.827177,999.8815423759764,0.0009574732360626479,0.5,1000.0,1.9251200203979946,0,1005193.6193903552,0.00999249740227838,37028.67879982509,36921.02063440937
2026-06-13 19:19:50.827177,996.0350252129234,0.0011242594958339445,0.5,1000.0,1.4234154975285245,1,630535.7865434911,0.011228171558999403,22659.32821407748,62405.79152417703
2026-06-13 19:24:50.827177,997.5507337000059,0.001013238765548899,0.5,1000.0,2.1167120788003295,0,1041969.4543048111,0.009903135649842135,44262.02676189922,44157.59399416279
2026-06-13 19:29:50.827177,999.100104198049,0.0010637695368999507,0.5,1000.0,1.9976949443914533,0,938124.827730019,0.010166496544314051,40535.79199020093,40579.83396675921
2026-06-13 19:34:50.827177,996.0633110902727,0.0009924142783211385,0.5,1000.0,2.1278575167939375,0,1067840.7445384644,0.009842600385272324,44389.666708861856,44396.002813872714
2026-06-13 19:39:50.827177,998.2107510122919,0.0010266679622352726,0.5,1000.0,2.108299993851687,0,1024931.037898515,0.009944038877506643,44121.45965094291,44154.394007881056
2026-06-13 19:44:50.827177,995.3319490101636,0.0010419734252259203,0.5,1000.0,1.8923618812597942,0,903827.388447294,0.010261600442276225,36575.59734197934,36483.70341026069
2026-06-13 19:49:50.827177,996.7972647120976,0.0010609097355877128,0.5,1000.0,1.9326209894340525,0,907914.8071564565,0.010250031500277344,38161.49863638299,38084.16657572154
2026-06-13 19:54:50.827177,998.6395638682851,0.0010528684152689113,0.5,1000.0,2.0957537163279767,0,993905.1010066456,0.010020750405082327,43953.09914194696,44003.281283230855
2026-06-13 19:59:50.827177,994.8140125329367,0.0010436098500036489,0.5,1000.0,1.728738743618956,0,823954.2421694795,0.01050172644407827,31222.043597496082,31171.770968102814
2026-06-13 20:04:50.827177,998.8809494759208,0.0009842456634402946,0.5,1000.0,1.9850544306835012,0,1007285.6442932147,0.009987305018549539,39310.34755367217,39325.24933448933
2026-06-13 20:09:50.827177,997.9607244021466,0.0009714126979021969,0.5,1000.0,1.8569168798375328,0,953832.5567285377,0.010124380049116853,34839.09115803851,34884.38951100921
2026-06-13 20:14:50.827177,999.1049799088343,0.0010166303755162098,0.5,1000.0,1.9523446198566474,0,959344.35915637,0.010109806497805166,38500.54939675359,38478.31381097314
2026-06-13 20:19:50.827177,998.4478282681293,0.0010466564036170534,0.5,1000.0,1.9701179910970796,0,939687.5721798715,0.010162267065722205,39382.243647586445,39497.75376542362
2026-06-13 20:24:50.827177,1000.7282808599477,0.0009888639649611698,0.5,1000.0,1.9641755622092492,0,993870.796856253,0.010020836872277254,38688.40026210054,38669.84521379907
2026-06-13 20:29:50.827177,998.2504490052958,0.0010532585982857194,0.5,1000.0,1.944773874788739,0,921602.4425916855,0.010211759323242187,38554.78700976133,38533.22946105416
2026-06-13 20:34:50.827177,997.1411889177494,0.001072630837274309,0.5,1000.0,1.8902856350371187,0,878625.5252108821,0.01033440603567148,36821.12427330526,36757.95375576397
2026-06-13 20:39:50.827177,998.2445950060645,0.0009541839540463291,0.5,1000.0,2.2291911266818687,0,1166063.411572319,0.009628440095405286,47762.55067379183,47866.54887631966
2026-06-13 20:44:50.827177,999.0865960580728,0.0009581539648101861,0.5,1000.0,2.186746200416135,0,1140082.3343926193,0.009682832534307602,46259.646993511844,46188.92616950941
2026-06-13 20:49:50.827177,998.0977201406514,0.0009929812470547332,0.5,1000.0,1.8837934179743716,0,946749.9619318331,0.01014326217063461,35926.69479534683,36052.14381476219
2026-06-13 20:54:50.827177,998.0811833824077,0.0010153806334094598,0.5,1000.0,2.1582116751303566,0,1060720.6754923353,0.009859076041748769,45834.25318708365,45850.564458220186
2026-06-13 20:59:50.827177,996.5960166243865,0.0009737716493116474,0.5,1000.0,1.9600534509527148,0,1002997.7063776656,0.009997962186208473,38279.51850514627,38547.727986511236
2026-06-13 21:04:50.827177,996.6741981648981,0.0010676101339433571,0.5,1000.0,2.012918747333171,0,939586.5188442568,0.010162540294836464,41040.05984453061,40974.01385717436
2026-06-13 21:09:50.827177,995.1947894564006,0.0010212033430759225,0.5,1000.0,1.9936726040103083,0,971448.341236738,0.010078166919223079,39865.509844667205,39993.02923511665
2026-06-13 21:14:50.827177,1001.4991534863739,0.001001972352412037,0.5,1000.0,1.9340251358746035,0,966555.879379829,0.010090896066923219,37801.10958458772,37852.13378254663
2026-06-13 21:19:50.827177,995.5122735292174,0.0009282045238065736,0.5,1000.0,2.098385234360615,0,1125273.687975362,0.00971453313266107,42583.268786870045,42531.89336565172
2026-06-13 21:24:50.827177,996.6141896044082,0.0009342092091786247,0.5,1000.0,2.0125886530576658,0,1073514.577766585,0.009829569286034694,39679.993666477174,39732.361632080225
2026-06-13 21:29:50.827177,996.5631854688617,0.0010140504625140902,0.5,1000.0,1.9523448576780758,0,959338.3576186575,0.010109822309286627,38402.670665402955,38450.16606694601
2026-06-13 21:34:50.827177,999.7898487538889,0.0008933702186922582,0.5,1000.0,1.8695410556199528,0,1046121.8261638343,0.009893293858064256,34571.61321752012,34538.41935500156
2026-06-13 21:39:50.827177,997.410100643416,0.0010506318704822037,0.5,1000.0,1.910640498628088,0,906926.6722107816,0.010252822320915672,37331.47512678129,37374.30321468204
2026-06-13 21:44:50.827177,1000.4954841453475,0.000992092307781384,0.5,1000.0,1.8358619884397904,0,925706.0127074672,0.010200423512970486,34396.43210412558,34512.776263407
2026-06-13 21:49:50.827177,996.6530187515123,0.0011621546484797368,0.5,1000.0,2.001222354841517,0,858114.840290373,0.010395613433100163,41493.95191168464,41545.08732775724
2026-06-13 21:54:50.827177,998.5579883244476,0.0011153958125308056,0.5,1000.0,1.8803334407715604,0,841684.1613094092,0.010445979907127749,36880.11071041908,36838.19219344644
2026-06-13 21:59:50.827177,996.3293058934805,0.0009909275465376241,0.5,1000.0,1.9734439487481459,0,992100.8082508056,0.010025303382340893,38900.037522307866,38852.4872837403
2026-06-13 22:04:50.827177,1002.2902982555468,0.0009946831498734343,0.5,1000.0,2.1370101853610373,0,1076676.8173026738,0.00982234387125397,44959.53854602657,44950.797559202416
2026-06-13 22:09:50.827177,995.6248031619409,0.0010497790757001016,0.5,1000.0,2.1199299572921584,0,1005285.2525368271,0.009992269686991656,44709.815559723145,44821.061761181365
2026-06-13 22:14:50.827177,998.6196414204541,0.001085158630495902,0.5,1000.0,1.9967723105897381,0,918767.0782695517,0.010219628730860273,40690.433214693476,40615.05430563385
2026-06-13 22:19:50.827177,999.2675537618642,0.0009180985471281992,0.5,1000.0,1.2520455233444532,1,681369.3754469055,0.011012624273741846,17250.94330640061,54110.79086031221
2026-06-13 22:24:50.827177,998.827598194903,0.0009106812267322657,0.5,1000.0,2.187987454942101,0,1199883.2249689589,0.009559864339360874,45712.178430991444,45555.93167482894
2026-06-13 22:29:50.827177,997.6294246822446,0.000968898259722281,0.5,1000.0,2.052075612035871,0,1056463.3550000447,0.009868993557171916,41459.95567795123,41519.41682870419
2026-06-13 22:34:50.827177,997.7403586005331,0.0010291368791586933,0.5,1000.0,1.9672193540123477,0,953602.0831955477,0.010124991727254827,39094.69179837511,39169.86888817219
2026-06-13 22:39:50.827177,998.0876229439582,0.0010248436795253799,0.5,1000.0,1.8573981882879549,0,904453.127655177,0.010259825128525472,35327.96844751286,35530.730597137765
2026-06-13 22:44:50.827177,997.705995996743,0.0010534885727491925,0.5,1000.0,2.0393873218164744,0,965700.5361843853,0.010093129759882618,41882.0440427589,41974.57334813053
2026-06-13 22:49:50.827177,999.9277582335898,0.0009400151235817346,0.5,1000.0,2.0829323772582864,0,1107844.890094974,0.009752517428656106,42309.2864761525,42269.166383591466
2026-06-13 22:54:50.827177,1002.4210460031827,0.0008841928068515562,0.5,1000.0,1.9368348475486357,0,1097907.6049761812,0.009774510702751855,36756.18115651761,36602.723226779526
2026-06-13 22:59:50.827177,996.8850164299844,0.0010429007097651072,0.5,1000.0,2.029120275513803,0,969794.9096465701,0.010082459815626308,41383.49341694966,41434.91306554846
2026-06-13 23:04:50.827177,995.2603940408418,0.0009585901863517383,0.5,1000.0,1.963642670508497,0,1019380.2345523844,0.009957548323552416,38213.257981363226,38180.535751023715
2026-06-13 23:09:50.827177,997.8234359032975,0.0008990756067805681,0.5,1000.0,1.9815967600800997,0,1099620.3616280244,0.00977070230981413,38283.36011059273,38316.77035036516
2026-06-13 23:14:50.827177,1003.1594186753086,0.001007253187297969,0.5,1000.0,1.7512177942437668,0,872050.169014628,0.010353831839839329,31853.076544556712,31781.058036535796
2026-06-13 23:19:50.827177,996.3926508640606,0.001039658784410934,0.5,1000.0,1.9778218596283865,0,947756.7040269835,0.010140567460276865,39524.566860667,39507.24723850229
2026-06-13 23:24:50.827177,1001.2782336108882,0.0009938971433939361,0.5,1000.0,2.0969369302408056,0,1056254.824485776,0.009869480616239087,43453.00448943401,43283.00595923009
2026-06-13 23:29:50.827177,1001.3554016281529,0.0009771075806908757,0.5,1000.0,1.9368597444433442,0,992462.3478630318,0.010024390239502613,37656.725768384924,37552.105158677296
2026-06-13 23:34:50.827177,996.892823516584,0.0009920318883927047,0.5,1000.0,2.0052526368215315,0,1007539.1660160833,0.009986676696144533,40032.03357283951,39913.30655027334
2026-06-13 23:39:50.827177,999.1379661583705,0.000981470861879961,0.5,1000.0,1.9244049293308079,0,979522.725449942,0.010057333366299733,37213.56091789401,37300.83990182222
2026-06-13 23:44:50.827177,1001.2567932462571,0.0009325976444029916,0.5,1000.0,2.036044167629277,0,1092970.2999053034,0.009785530719517127,40616.66397630937,40533.93755258185
2026-06-13 23:49:50.827177,997.241744518025,0.0009642659661504784,0.5,1000.0,1.9783476802463826,0,1023001.4130791231,0.00994872477194319,38830.51069109276,38968.30369869023
2026-06-13 23:54:50.827177,997.5928392797953,0.0010260639952506907,0.5,1000.0,1.9060758459317992,0,926593.0896255475,0.010197981283832785,36961.35547253451,36879.611084404605
2026-06-13 23:59:50.827177,996.8366381721028,0.001016083927068825,0.5,1000.0,2.133255146766513,0,1046422.8555413544,0.009892582268717476,44876.52981561902,45086.123622375395
2026-06-14 00:04:50.827177,995.9704865386143,0.001008402990298341,0.5,1000.0,2.0928932013532213,0,1033545.0608929811,0.009923254296031487,43290.71158107572,43095.828154416835
2026-06-14 00:09:50.827177,996.701444909868,0.0009502425759073311,0.5,1000.0,1.9395093236071825,0,1017167.5076806699,0.009962959276830403,37354.00618669396,37396.43636668917
2026-06-14 00:14:50.827177,995.5521194664755,0.0009909248418932166,0.5,1000.0,2.049778830941778,0,1029675.2958997397,0.009932564673056352,41546.97513821677,41550.8349414325
2026-06-14 00:19:50.827177,998.0681669365184,0.0008911467476778573,0.5,1000.0,2.053741200282038,0,1150076.4158477727,0.009661727855124256,40673.021451810324,40551.87730040594
2026-06-14 00:24:50.827177,996.4600535378827,0.0010089238331942695,0.5,1000.0,1.0512860342534942,1,519149.46575266175,0.011787273809137805,12981.206404951272,43087.96302287108
2026-06-14 00:29:50.827177,998.4675718235815,0.0010714428853906784,0.5,1000.0,1.8305744104004922,0,852947.5586225518,0.01041132232896126,34834.90502394057,34808.77687215193
2026-06-14 00:34:50.827177,994.8882087075928,0.0009262933933978947,0.5,1000.0,2.1006606541032626,0,1128110.4508350827,0.009708420288957338,42622.081484128605,42647.062110131745
2026-06-14 00:39:50.827177,998.6617604644289,0.0009707036163341123,0.5,1000.0,1.943030103707427,0,999496.566898517,0.010006706181388656,37728.420806084956,37634.77913619856
2026-06-14 00:44:50.827177,999.6670579232178,0.0010164553389355065,0.5,1000.0,1.9642172066558734,0,965887.6100528924,0.010092641013064913,38925.9507996136,38968.48283846915
2026-06-14 00:49:50.827177,994.0125287148571,0.0010626421317213742,0.5,1000.0,2.26378817522602,0,1058791.9212680068,0.009863562938069817,50245.5092905021,50257.48167550182
2026-06-14 00:54:50.827177,998.7481131396952,0.0009775887691849925,0.5,1000.0,2.030187338072101,0,1037064.7848737269,0.009914823854320116,40814.38007916567,40892.29855522981
2026-06-14 00:59:50.827177,1000.4553379849466,0.0009653874835367052,0.5,1000.0,1.9613677524552824,0,1016307.374582207,0.009965066600081805,38352.70258484572,38266.46638242474
2026-06-14 01:04:50.827177,995.5807179626175,0.0009015538428791958,0.5,1000.0,1.7794705627244094,0,982529.5485251999,0.010049629936782841,31681.67704163557,31640.743741605293
2026-06-14 01:09:50.827177,1001.3451447736754,0.0010051719064654054,0.5,1000.0,1.3962027611126937,1,695443.6584265564,0.010956478403195597,21387.093518508624,47729.73969612181
2026-06-14 01:14:50.827177,998.838038018732,0.0011021038020071873,0.5,1000.0,1.8654790329191397,0,845342.9766835537,0.01043465843648109,36270.542787534934,36179.93893830435
2026-06-14 01:19:50.827177,996.5899762884832,0.0010138679230982338,0.5,1000.0,1.8996561096500497,0,933641.4507952556,0.010178679590082333,36606.477113965404,36467.229441982214
2026-06-14 01:24:50.827177,997.8884618446846,0.0009988860510408144,0.5,1000.0,1.9668647700912152,0,982450.2294519607,0.010049832772299696,38796.25803766724,38733.16252135929
2026-06-14 01:29:50.827177,999.1166538250435,0.0010161041155383494,0.5,1000.0,2.1416411791700294,0,1052918.3653058053,0.00987728987836261,45263.42522957606,45085.83025969606
2026-06-14 01:34:50.827177,998.1520107828248,0.00099944539980257,0.5,1000.0,2.077323998666576,0,1037317.8598480999,0.009914219067811047,42703.51989304229,42870.80924079213
2026-06-14 01:39:50.827177,999.0775119848928,0.0009593492813869935,0.5,1000.0,1.984216249015974,0,1033192.9526443236,0.00992409963988403,39036.26910852196,39007.992775005594
2026-06-14 01:44:50.827177,996.1586528138413,0.0010411639957838854,0.5,1000.0,2.030829206363882,0,971522.303161916,0.010077975101210675,41404.60004765031,41377.28950910375
2026-06-14 01:49:50.827177,998.3387216480721,0.0010112880761555876,0.5,1000.0,1.9399614307128894,0,957560.2938714478,0.010114512198034742,38002.22716648537,38076.47986220397
2026-06-14 01:54:50.827177,995.1725710061901,0.0010008806625966828,0.5,1000.0,2.013965368956535,0,1001239.7926352682,0.010002347747819182,40374.238453875696,40301.68276557475
2026-06-14 01:59:50.827177,997.7775478773026,0.0009512316986360875,0.5,1000.0,2.0073336744778136,0,1052778.4525914157,0.009877618031348415,39712.30502795602,39690.711991021046
2026-06-14 02:04:50.827177,996.1921847170704,0.001065175396596738,0.5,1000.0,2.0968769895681354,0,980539.2032123997,0.010054725864161129,44041.21305015714,43966.01868399063
2026-06-14 02:09:50.827177,996.5289401148204,0.0010332351372666555,0.5,1000.0,2.0967178122438948,0,1011115.4294862287,0.00997783436846164,43712.55334047002,43537.05024941615
2026-06-14 02:14:50.827177,1000.4721863504209,0.0009723539581316349,0.5,1000.0,2.0493977382205646,0,1054330.791124091,0.00987398020712082,41490.60589765856,41495.68168570712
2026-06-14 02:19:50.827177,1000.1826202411885,0.001050091242684097,0.5,1000.0,1.9637652442453897,0,935215.8115839112,0.010174393135549504,39243.42982343548,39346.00256633132
2026-06-14 02:24:50.827177,999.2182762418144,0.0009751214580807397,0.5,1000.0,2.0741822294390126,0,1062719.3026757527,0.009854437345217602,42362.932890296725,42370.862385613735
2026-06-14 02:29:50.827177,995.8153744706549,0.0009608998253744481,0.5,1000.0,1.9908031533796953,0,1031570.7919436983,0.009927998790597376,39182.95475143072,39274.93388383572
2026-06-14 02:34:50.827177,997.3671831006104,0.0009620148441259857,0.5,1000.0,1.8918085631286867,0,980664.5859438382,0.010054404462363881,35889.3671180092,35779.78792810251
2026-06-14 02:39:50.827177,1000.4261953999584,0.0009114465723455954,0.5,1000.0,1.9596712208089062,0,1075491.6871448148,0.009825048668715319,37747.32624650064,37671.92232180636
2026-06-14 02:44:50.827177,998.2834338272799,0.0010235771190209102,0.5,1000.0,2.0084526983784325,0,979410.842211259,0.01005762057948461,40501.61380113679,40372.184094627795
2026-06-14 02:49:50.827177,1002.6386590799634,0.0009084427560830825,0.5,1000.0,2.0910215783664747,0,1153919.1971105826,0.009653673919590365,42320.82255640668,42357.47831093786
2026-06-14 02:54:50.827177,998.7866356787888,0.0009385778084367119,0.5,1000.0,1.9816471827842848,0,1054383.933332111,0.009873855789673959,38726.8497841816,38695.08892118334
2026-06-14 02:59:50.827177,998.38409823298,0.0008962205995460734,0.5,1000.0,1.8790801288760395,0,1046641.7090421787,0.009892065091724293,34871.86867549389,34836.36281728073
2026-06-14 03:04:50.827177,997.381767071595,0.0009956965153604554,0.5,1000.0,2.005674168329682,0,1004534.421542256,0.00999413632382866,40098.43806257634,40165.33668156149
2026-06-14 03:09:50.827177,998.2670818095646,0.0009924839769864064,0.5,1000.0,2.011345604005655,0,1011532.7567896455,0.009976805072309722,40291.33325974033,40244.03496135163
2026-06-14 03:14:50.827177,997.6950603272389,0.000983665189340682,0.5,1000.0,2.0185837628902754,0,1023687.2621477381,0.009947057993707303,40437.66062262743,40545.62779396627
2026-06-14 03:19:50.827177,999.4162173533772,0.0009478711152664712,0.5,1000.0,2.091987151595443,0,1102874.5639176986,0.009763486828219977,42704.07929437753,42727.64505317625
2026-06-14 03:24:50.827177,999.9134046335892,0.000941388312328168,0.5,1000.0,2.1018923240089897,0,1116282.3472256896,0.009734036280384939,43000.774655037305,42964.159870957184
2026-06-14 03:29:50.827177,996.4280210789841,0.0010232184931773286,0.5,1000.0,1.9405789127618334,0,944884.8015766707,0.0101482640561059,38080.29522445293,37925.134890593064
2026-06-14 03:34:50.827177,995.3375340928844,0.0009724724034145757,0.5,1000.0,1.9383856541951057,0,991980.8471650155,0.010025606460708665,37493.96836276681,37560.29579057052
2026-06-14 03:39:50.827177,994.3275892537935,0.0010158179160768073,0.5,1000.0,1.8959801289044527,0,927934.6824909302,0.010194293264849066,36437.970130197806,36466.26369328596
2026-06-14 03:44:50.827177,999.0159826538251,0.0009557375656937889,0.5,1000.0,2.0698815670280477,0,1081805.739298567,0.009810680998363928,41991.615669602994,42024.722517179485
2026-06-14 03:49:50.827177,995.7932667876522,0.0010090531371385542,0.5,1000.0,1.403336691137615,1,692447.7892381881,0.010968310001011332,21509.616261191997,48649.08765253318
2026-06-14 03:54:50.827177,993.694218814095,0.0010651639018658032,0.5,1000.0,1.9684918072091078,0,918205.6044052087,0.010221190673820121,39356.95374783451,39304.045140962175
2026-06-14 03:59:50.827177,998.7771572090619,0.0010293082900196392,0.5,1000.0,1.9758569435275006,0,958624.7386924911,0.01011170327144153,39427.924192092374,39412.78678429561
2026-06-14 04:04:50.827177,1002.9859990348656,0.000979379309089176,0.5,1000.0,2.146678255689898,0,1099210.5994621888,0.00977161275968237,45164.2739494243,45118.418822399704
2026-06-14 04:09:50.827177,997.9878581769202,0.0010128599485177965,0.5,1000.0,2.050555785321501,0,1010223.466363741,0.00998003608802118,41879.40923823831,42004.41568661271
2026-06-14 04:14:50.827177,999.6769815489033,0.0009879667412734893,0.5,1000.0,1.1819604083514454,1,597985.0150664116,0.011377946819519378,15890.203187721627,50332.72405234179
2026-06-14 04:19:50.827177,998.1636587170951,0.0010003940092347364,0.5,1000.0,1.8809083494026273,0,938357.4583715473,0.01016586638506744,35898.923022183255,35836.999003053264
2026-06-14 04:24:50.827177,997.8022206936178,0.000983719447392575,0.5,1000.0,2.0678728069279417,0,1048738.0748310185,0.009887117967581729,42185.366489890526,42317.2428977201
2026-06-14 04:29:50.827177,999.8381529659755,0.0009917832397057305,0.5,1000.0,1.9070863659490243,0,961287.5239970894,0.010104693581746578,36744.60440017056,36865.601523670855
2026-06-14 04:34:50.827177,997.4194509116227,0.0010106046676537088,0.5,1000.0,1.8865979814065041,0,930991.9016474598,0.01018591385750396,36160.67786339912,36184.31529261288
2026-06-14 04:39:50.827177,998.5347846281438,0.0009503320650209025,0.5,1000.0,1.9653228423233289,0,1032503.9495752113,0.009925754845340667,38281.99361844839,38269.00678577366
2026-06-14 04:44:50.827177,998.643395612392,0.0009492060586505011,0.5,1000.0,1.941420727655131,0,1021267.7058415536,0.009952944333252806,37462.8948575978,37424.939904121034
2026-06-14 04:49:50.827177,996.6638190927139,0.0009305728723084394,0.5,1000.0,1.977840030561496,0,1059154.8803286522,0.009862717799704334,38452.76951541839,38448.372107798
2026-06-14 04:54:50.827177,999.984084699073,0.0009199864447748146,0.5,1000.0,1.8559018365475082,0,1008641.1108837322,0.009983947955857088,34387.87976143941,34300.40860311848
2026-06-14 04:59:50.827177,997.6500804866092,0.0009391358653889761,0.5,1000.0,2.095881630646767,0,1113234.2798127031,0.009740692467652773,42687.58409456336,42735.92078864577
2026-06-14 05:04:50.827177,996.4885096810143,0.0010079731253402064,0.5,1000.0,2.112768629451643,0,1044348.1130275567,0.00989749185965279,44025.19904404557,44190.44934045486
2026-06-14 05:09:50.827177,999.0730196871408,0.0009553606242254058,0.5,1000.0,1.8052657525859186,0,943932.7208173992,0.010150822054777334,33050.7053242053,33106.967312078785
2026-06-14 05:14:50.827177,996.2030640364179,0.0010256807232115548,0.5,1000.0,2.097845780566655,0,1018777.2603996369,0.00995902136686395,43662.80723455145,43552.483606707894
2026-06-14 05:19:50.827177,998.0563623147383,0.0010017356874376282,0.5,1000.0,1.9189471370178373,0,955949.4700370015,0.010118770376076464,37188.514445021174,37234.024521617976
2026-06-14 05:24:50.827177,997.9817620067116,0.0009015747893280973,0.5,1000.0,2.0856975536982785,0,1154362.4246659195,0.0096527471329904,41905.998933058814,41925.4527894219
2026-06-14 05:29:50.827177,1000.1717911316632,0.0010327487792110845,0.5,1000.0,1.9931553507333584,0,965141.6672065551,0.010094590559073632,40109.34867944416,40153.97815977446
2026-06-14 05:34:50.827177,998.94939646576,0.0010405399322795856,0.5,1000.0,2.0028775564081,0,961411.1213326765,0.010104368805646708,40491.277435778306,40409.32056132097
2026-06-14 05:39:50.827177,997.9499460825098,0.0009503068662582573,0.5,1000.0,1.981490235057878,0,1040415.5454674148,0.009906831278657015,38817.48542253533,38817.821156783124
2026-06-14 05:44:50.827177,999.6355325984006,0.0010210095771447495,0.5,1000.0,2.1212129204233485,0,1038403.4855930571,0.00991162678217533,44581.54888776135,44669.858777860885
2026-06-14 05:49:50.827177,1000.7804150980346,0.0009571750881295401,0.5,1000.0,1.8760411987474972,0,980753.319276442,0.01005417703741701,35413.59928967845,35306.59950062752
2026-06-14 05:54:50.827177,999.1156206127038,0.0010048835188374169,0.5,1000.0,2.060784033873501,0,1024477.7033134919,0.009945138762079232,42197.96989772661,42153.05757461128
2026-06-14 05:59:50.827177,998.0207052396868,0.0009367750796522517,0.5,1000.0,2.110133016488955,0,1124045.9353634943,0.009717184750550082,43181.69413773462,43152.90877327653
2026-06-14 06:04:50.827177,995.3763275352997,0.0009103446773732712,0.5,1000.0,2.071634008054041,0,1132568.5216746503,0.009698852466309756,41431.79266470097,41531.62937658807
2026-06-14 06:09:50.827177,995.8697726738493,0.0009808591405193515,0.5,1000.0,2.2324698914323418,0,1133317.308999516,0.009697250051481948,48130.72081346754,48245.47073812539
2026-06-14 06:14:50.827177,997.3895505912907,0.0009938135526862582,0.5,1000.0,1.9471053237275302,0,977055.755849406,0.010063675808361304,38054.002316901795,37862.489091467396
2026-06-14 06:19:50.827177,996.7809755956814,0.0009801160153192698,0.5,1000.0,2.095730482259353,0,1065682.1447875258,0.009847580790449933,43112.19683744845,43211.947716081406
2026-06-14 06:24:50.827177,997.6260573940291,0.0009407984720888721,0.5,1000.0,1.989390936465858,0,1054778.6244567628,0.009872931977290637,38981.10975709025,39099.00526541699
2026-06-14 06:29:50.827177,998.1132998497942,0.000980005046893443,0.5,1000.0,2.1233406076352668,0,1081287.5440336077,0.009811856202656408,44154.029991544274,44265.498734322464
2026-06-14 06:34:50.827177,999.0593855087135,0.0010134647376290368,0.5,1000.0,1.9992311004278631,0,985407.0499562214,0.01004228537170333,40100.50675785915,40047.54403392537
2026-06-14 06:39:50.827177,997.8590024438818,0.0009977553484938732,0.5,1000.0,1.961212421813753,0,980708.0832820203,0.01005429297477834,38589.574191172,38566.59399636262
2026-06-14 06:44:50.827177,998.9730032876524,0.0010091250515299607,0.5,1000.0,2.130607220387163,0,1054586.3917210111,0.00987338186243512,44774.05978512332,44617.31765869997
2026-06-14 06:49:50.827177,998.1289488296202,0.0009664942399772884,0.5,1000.0,1.950843806098107,0,1007348.8268058565,0.009987148409971808,37937.88829165624,37728.39298016945
2026-06-14 06:54:50.827177,994.0490668672923,0.001058585895735808,0.5,1000.0,1.8587274241099443,0,872704.9306720875,0.010351889258776734,35551.57558770897,35515.42414718953
2026-06-14 06:59:50.827177,996.1213292123625,0.000941191333172261,0.5,1000.0,1.948315311682617,0,1031011.6389707982,0.009929344590488085,37544.930913022225,37552.57778457626
2026-06-14 07:04:50.827177,997.7118248885567,0.001024378014854336,0.5,1000.0,2.0619032946588534,0,1004114.3352487602,0.009995181459084802,42396.732566770814,42414.40951396952
2026-06-14 07:09:50.827177,995.5806105143178,0.0010590945546479981,0.5,1000.0,2.1392038751587092,0,1005457.8652578137,0.009991840801811671,45522.519336990226,45604.63330240502
2026-06-14 07:14:50.827177,999.1998574599924,0.0010240454046374448,0.5,1000.0,2.011112937529651,0,981159.502994412,0.01005313631031249,40628.13195162873,40934.24553011807
2026-06-14 07:19:50.827177,1001.0615016646874,0.0009898737886467584,0.5,1000.0,2.1318197067234026,0,1077956.9382316787,0.00981942645617266,44673.278589365065,44633.67952287537
2026-06-14 07:24:50.827177,1000.4375237033946,0.0009735851476668511,0.5,1000.0,1.8641825078522407,0,957799.190115141,0.010113881443426955,35162.90020712596,35057.343293335005
2026-06-14 07:29:50.827177,997.5731142581396,0.001051804382552313,0.5,1000.0,1.9556736535182098,0,927419.3421207401,0.010195709139057029,38900.47850758545,38955.09197564418
2026-06-14 07:34:50.827177,1000.9814522736999,0.0009288512537369163,0.5,1000.0,1.9711424882845898,0,1062106.0490705592,0.009855859510445309,38331.56695952033,38353.79119821592
2026-06-14 07:39:50.827177,998.2973349144042,0.0009514937869810179,0.5,1000.0,1.988544057252748,0,1043179.8188688006,0.009900261834835906,39082.02221563572,39024.57007355378
2026-06-14 07:44:50.827177,997.3258280577639,0.000980122111725414,0.5,1000.0,2.0084094388250198,0,1021831.1487376957,0.00995157202341771,40034.394484207056,40125.4797016193
2026-06-14 07:49:50.827177,996.7731946729181,0.0010618826878756,0.5,1000.0,2.0690910957392195,0,971112.2354274993,0.010079038829486126,43010.51989635277,42929.326397881305
2026-06-14 07:54:50.827177,997.3950606270238,0.0010189883818020448,0.5,1000.0,1.955519316182951,0,957040.0123072809,0.010115886571542946,38582.945943779145,38570.089271832
2026-06-14 07:59:50.827177,997.2236463629175,0.0009515977120744878,0.5,1000.0,2.0139028686953124,0,1055231.3948732337,0.00987187275677636,39927.22783615174,39920.13606199509
2026-06-14 08:04:50.827177,998.340832444751,0.000984484614730755,0.5,1000.0,1.9954877109675948,0,1011786.6915804958,0.009976179027214229,39658.94742363033,39564.17615340338
2026-06-14 08:09:50.827177,998.3211479620998,0.0009692838427951853,0.5,1000.0,1.907411009610885,0,982276.122162007,0.010050278072968764,36503.70274749279,36332.732249517765
2026-06-14 08:14:50.827177,998.0060920403068,0.0009645105503883233,0.5,1000.0,1.216261868668711,1,629250.1175642902,0.011233902453644215,16585.097285600245,44664.399427049786
2026-06-14 08:19:50.827177,998.8738763394927,0.001048944477927839,0.5,1000.0,1.9856340470102882,0,945425.6251231662,0.010146812435333693,39961.21731840601,40098.08886725491
2026-06-14 08:24:50.827177,1000.3812925495727,0.0009314128435368248,0.5,1000.0,0.9596043550010062,1,515330.1522807226,0.011809053395874958,10878.401120119388,22725.371686018818
2026-06-14 08:29:50.827177,999.8991082708826,0.0010804390427867187,0.5,1000.0,2.0031759456581453,0,926925.8895935018,0.010197065799400173,40913.779080619286,41016.559038839696
2026-06-14 08:34:50.827177,995.0302040631002,0.0010414114845092312,0.5,1000.0,2.007567354061339,0,959078.2239757243,0.010110507768874137,40546.13674896077,40466.24177937708
2026-06-14 08:39:50.827177,992.8921577301961,0.001054543083530185,0.5,1000.0,1.956770482089267,0,921186.6715015805,0.010212911379610614,38826.78409197793,38848.19104912696
2026-06-14 08:44:50.827177,999.8686398224786,0.0009768530243987371,0.5,1000.0,2.1272714733971263,0,1088696.0379469213,0.009795121202553814,44319.88185493613,44177.46588347905
2026-06-14 08:49:50.827177,995.2662426031692,0.0009925029640460445,0.5,1000.0,1.8830519370796983,0,944147.319421499,0.010150245201489912,35821.22262940374,35838.11413068962
2026-06-14 08:54:50.827177,997.5504691962146,0.0009283424092737644,0.5,1000.0,1.9279029891530104,0,1035814.2169217825,0.009917815112552505,36772.33759275295,36911.216043500426
2026-06-14 08:59:50.827177,995.6597739478813,0.0009737668796466599,0.5,1000.0,2.2779963624223556,0,1164605.9188655822,0.00963145115687341,49763.25050417702,49905.23421651643
2026-06-14 09:04:50.827177,994.39603912484,0.0010246827423821576,0.5,1000.0,1.896200864501077,0,920077.2839510452,0.010215988555178347,36526.5339968272,36729.57886359155
2026-06-14 09:09:50.827177,999.0829254564096,0.0010648031530890699,0.5,1000.0,1.864624532529024,0,874769.4479643677,0.010345776049464574,35937.4615810683,36036.379383502914
2026-06-14 09:14:50.827177,999.5183103206053,0.0009446421591598774,0.5,1000.0,2.073447674500122,0,1096949.1971423833,0.009776645008494702,42011.3619100895,42058.936815677225
2026-06-14 09:19:50.827177,996.8469791985466,0.0009817247031507366,0.5,1000.0,1.7922880146226126,0,909948.0167384496,0.010244300967575427,32803.97161611221,32891.44393435243
2026-06-14 09:24:50.827177,992.8179154157102,0.000992435038988374,0.5,1000.0,1.976472609002756,0,988617.5610781481,0.010034122405626827,38916.21554452698,38984.27296049217
2026-06-14 09:29:50.827177,996.907511103495,0.0009302105398903758,0.5,1000.0,2.214582492507649,0,1186685.0707794353,0.009586335078496395,46869.59467856606,46788.86925382491
2026-06-14 09:34:50.827177,998.7836080108051,0.0010295674620879201,0.5,1000.0,1.84550640778466,0,895163.0740331308,0.010286341418269366,34991.57219685437,34840.039198797764
2026-06-14 09:39:50.827177,995.0421768624517,0.0009638004834128695,0.5,1000.0,1.8018035514261286,0,930104.6009755568,0.010188342277042703,32912.425830649285,33000.70170259126
2026-06-14 09:44:50.827177,998.3667198395583,0.0009902304824411488,0.5,1000.0,1.8500818798042302,0,932641.5468554955,0.010181406686178333,34792.03086562089,35001.365691676736
2026-06-14 09:49:50.827177,997.969380301654,0.0009774025314044062,0.5,1000.0,2.0898359568346985,0,1066905.5111703572,0.009844756645563236,42908.82242353729,43001.21956632446
2026-06-14 09:54:50.827177,999.1585829992022,0.0009605330747140163,0.5,1000.0,2.1124776719985814,0,1098712.9193859275,0.00977271912492384,43574.66882663207,43385.79645504102
2026-06-14 09:59:50.827177,998.2391607368284,0.0009996477507259723,0.5,1000.0,1.9487411203021492,0,972997.5879058526,0.01007415280395099,38190.15628501247,38138.22610060857
2026-06-14 10:04:50.827177,996.0538621182369,0.0009892195210715988,0.5,1000.0,2.068321240400107,0,1041305.4512763686,0.009904713990815122,42204.69313578903,42185.023858801804
2026-06-14 10:09:50.827177,1000.393143003329,0.0009814071058860667,0.5,1000.0,2.139025532751199,0,1090203.2718325166,0.009791733944584618,44819.008847011755,44633.40451432481
2026-06-14 10:14:50.827177,997.6829408539461,0.0009635769189159829,0.5,1000.0,2.1787346414429827,0,1127925.7222457053,0.009708817769175784,45979.85245402688,45842.16274984791
2026-06-14 10:19:50.827177,997.9453909209801,0.0010159762335391477,0.5,1000.0,1.9753664718820152,0,970154.5178510007,0.010081525366707091,39258.01894212825,39254.311392711505
2026-06-14 10:24:50.827177,996.1334640818536,0.0010826808634246143,0.5,1000.0,1.7698528282330013,0,814187.1202591739,0.010533080851937467,32866.030674136164,32892.194111906436
2026-06-14 10:29:50.827177,997.1134354976169,0.0010069943616419564,0.5,1000.0,1.9179121077590313,0,949546.493801542,0.010135785617878396,37175.719795131256,37077.118380861284
2026-06-14 10:34:50.827177,996.2303945719462,0.0010498059107455565,0.5,1000.0,1.9573195805064743,0,928715.1263067961,0.010192150901345709,38899.95636527839,38757.66240122403
2026-06-14 10:39:50.827177,997.6541078801531,0.0009304889037423269,0.5,1000.0,1.974106120342161,0,1058301.2180100647,0.00986470610058281,38353.511803404595,38472.84239132634
2026-06-14 10:44:50.827177,1001.4234169602847,0.0010078880719646885,0.5,1000.0,0.839806674917566,1,417210.05207583634,0.012449381735812073,8792.738775173839,22282.898600712357
2026-06-14 10:49:50.827177,995.2561977141373,0.0009451315840514467,0.5,1000.0,2.111889459793067,0,1111946.267172783,0.009743512003386526,43250.66412944619,43226.72291187773
2026-06-14 10:54:50.827177,994.7728772042465,0.000926153753623405,0.5,1000.0,2.127442842668758,0,1142532.991638517,0.009677636094802544,43572.15348066302,43517.48645641403
2026-06-14 10:59:50.827177,1000.9423406549872,0.0009630314296270482,0.5,1000.0,1.9828326346075216,0,1030444.6341796758,0.009930710220533542,39080.62371104553,39003.50618180052
2026-06-14 11:04:50.827177,997.5813526456963,0.0010595949667206786,0.5,1000.0,2.109848487605182,0,993183.9873950103,0.010022568832726553,44507.16255443119,44637.4408821133
2026-06-14 11:09:50.827177,996.6618545226802,0.0010475007914334824,0.5,1000.0,2.035766136663109,0,968481.5848036371,0.010085876198764155,41659.80584909436,41571.82621455732
2026-06-14 11:14:50.827177,1000.0798093747921,0.00101215023610272,0.5,1000.0,2.006450597286257,0,991261.3065133609,0.010027425322329217,40372.07187551769,40390.04022477542
2026-06-14 11:19:50.827177,996.7887689205263,0.0009233649720055035,0.5,1000.0,2.0906544157109965,0,1128449.1530735723,0.009707691715176983,42294.472447970176,42295.3428809353
2026-06-14 11:24:50.827177,1001.6520194270938,0.0009901859674306033,0.5,1000.0,2.0072252048237917,0,1015234.1307531309,0.009967699172400823,40225.73580709007,40030.918429204336
2026-06-14 11:29:50.827177,999.3558517426785,0.0010150850004450869,0.5,1000.0,2.205781117709776,0,1085800.8278519628,0.009801644180959787,47658.88985973874,47682.98454793867
2026-06-14 11:34:50.827177,997.0241771837086,0.00100877681147893,0.5,1000.0,1.856158883320544,0,917266.9624769377,0.010223804514476425,35119.516082079215,34965.119192231694
2026-06-14 11:39:50.827177,1002.314616426531,0.0009078103208259627,0.5,1000.0,1.0155963658417655,1,560660.6680494106,0.01156275842623617,11953.84973203671,39655.056971921105
2026-06-14 11:44:50.827177,996.7885701539933,0.0009554841075990065,0.5,1000.0,1.987348110304605,0,1036629.4245576981,0.009915864689428677,39037.45832794691,38918.816674975205
2026-06-14 11:49:50.827177,999.4841907440186,0.0009967961117925642,0.5,1000.0,2.043945269045799,0,1024728.6074799801,0.009944529940904816,41523.95518848129,41576.1570495412
2026-06-14 11:54:50.827177,998.598585160813,0.0010268145454758596,0.5,1000.0,2.126796048710309,0,1034176.7822267632,0.009921738557132478,44815.72380156595,44772.773217092275
2026-06-14 11:59:50.827177,1000.6034825787976,0.0008901936089450027,0.5,1000.0,1.9975601432763843,0,1122657.8218146018,0.009720187069203608,38809.34932573438,38741.91685101414
2026-06-14 12:04:50.827177,1001.1230223934537,0.0009918938012260072,0.5,1000.0,1.8577770350493792,0,937531.4968008384,0.010168104667834766,35132.95156149714,35154.0082072283
2026-06-14 12:09:50.827177,998.0640082981315,0.0010071524384939476,0.5,1000.0,1.007243658958212,1,499077.20279959915,0.011904044501447037,12053.74557368023,40159.87177692951
2026-06-14 12:14:50.827177,996.4931642593076,0.0010424805994258108,0.5,1000.0,2.0754958766141964,0,991969.2772381483,0.010025635694231533,43035.811152916736,43028.88908702041
2026-06-14 12:19:50.827177,998.9199442858783,0.0010346428792118718,0.5,1000.0,1.8058141340620595,0,871732.5516036983,0.01035477482058198,33730.08526875323,33808.31027274726
2026-06-14 12:24:50.827177,996.6445692604958,0.0010291285659404404,0.5,1000.0,1.99961958663292,0,968251.2309739707,0.010086476020609716,40195.23102876525,40299.49147192769
2026-06-14 12:29:50.827177,1002.0267744950532,0.0009600029746649033,0.5,1000.0,1.8409858169319702,0,960787.1687456989,0.010106008896308952,34320.9964045806,34274.73331320822
2026-06-14 12:34:50.827177,998.2730706621654,0.0009045998931438347,0.5,1000.0,1.9335348902497937,0,1066878.2003797928,0.009844819648421911,36741.860740323966,36710.195510273224
2026-06-14 12:39:50.827177,997.2693568973758,0.00098034736214693,0.5,1000.0,1.90971910730372,0,971341.5976479024,0.01007844378767455,36655.98881148494,36506.79856521563
2026-06-14 12:44:50.827177,998.3693606117298,0.001050081591260428,0.5,1000.0,2.0809264698241985,0,989224.6690396296,0.010032582513251925,43372.79940711329,43297.72809092523
2026-06-14 12:49:50.827177,995.3057474209406,0.0010696727263762216,0.5,1000.0,2.0116830174172184,0,935912.2747793781,0.010172499777369916,40973.52233759641,40817.51128690546
2026-06-14 12:54:50.827177,996.0567719229787,0.0010355274551148892,0.5,1000.0,1.8714408999243972,0,900054.0605736602,0.010272338591185298,35834.855017207854,35878.86237673137
2026-06-14 12:59:50.827177,1000.4008278158889,0.0010214670411400866,0.5,1000.0,2.088006596295734,0,1022472.308596406,0.00995001157786884,43397.16518271285,43481.381854685795
2026-06-14 13:04:50.827177,996.6862114420572,0.0010189819824192982,0.5,1000.0,1.8566194176071587,0,907997.8867885389,0.010249797028898467,35214.33504349686,35168.912626315236
2026-06-14 13:09:50.827177,995.9061780346361,0.000972194062661961,0.5,1000.0,2.0330113790470943,0,1041298.5792486349,0.009904730332261788,40769.99904354024,40664.175828670785
2026-06-14 13:14:50.827177,999.0733055050546,0.000993496985322319,0.5,1000.0,1.9185989330708444,0,964683.842185836,0.01009578803270722,37128.37792523065,37159.197102588616
2026-06-14 13:19:50.827177,1000.371408309326,0.0010834534762913166,0.5,1000.0,1.963432291746948,0,906435.5645146236,0.010254210786194581,39545.345110787566,39458.548540139076
2026-06-14 13:24:50.827177,999.4379066213302,0.0009528720997104062,0.5,1000.0,2.0504270748038382,0,1075314.5904599654,0.009825453172688474,41285.453852931416,41352.64773981608
2026-06-14 13:29:50.827177,999.9920953716116,0.0010807389395354925,0.5,1000.0,2.052144939905953,0,949410.0024492593,0.01013614988950609,42686.01899773251,42879.562026002866
2026-06-14 13:34:50.827177,996.4864098228611,0.000983898592275397,0.5,1000.0,2.133696907355596,0,1080497.5164888678,0.009813649245222655,44521.25183285864,44432.8085268885
2026-06-14 13:39:50.827177,995.1563786665163,0.001066271605454754,0.5,1000.0,1.9917746300328547,0,929466.3844574473,0.010190090778870555,40229.97628961861,40155.808729329576
2026-06-14 13:44:50.827177,1001.0026673039109,0.0009296592495251231,0.5,1000.0,2.030645086296334,0,1093239.8880388266,0.009784927396546414,40388.79455782216,40242.83748766787
2026-06-14 13:49:50.827177,997.3546403223157,0.0010292952100582325,0.5,1000.0,1.9562262677595674,0,947760.8205133048,0.01014055644917197,38703.440424763554,38718.051334096344
2026-06-14 13:54:50.827177,997.4983339670899,0.000963161493202619,0.5,1000.0,2.01819898826228,0,1045074.0309975137,0.00989577268971344,40205.90647073882,40213.71887759863
2026-06-14 13:59:50.827177,1000.6563882836981,0.0009292366404037906,0.5,1000.0,2.043948604800851,0,1100521.7292275317,0.009768701054292601,40837.74322773233,40810.68729812606
2026-06-14 14:04:50.827177,999.1124600188014,0.0010109267021205473,0.5,1000.0,1.9901690152545624,0,983455.4060711097,0.010047263837541289,39759.60882064909,39761.22352540432
2026-06-14 14:09:50.827177,998.9117755441632,0.0010504735894297985,0.5,1000.0,1.8196249515907503,0,865154.9213172527,0.01037440036681555,34312.62183713116,34208.254338925646
2026-06-14 14:14:50.827177,1002.3300046898022,0.0009577529280703252,0.5,1000.0,2.0331470896330894,0,1063888.332867282,0.009851729146326283,40818.85259822439,40652.532630543974
2026-06-14 14:19:50.827177,996.7129635392397,0.00092504920197708,0.5,1000.0,2.036456147735546,0,1097110.422769432,0.009776285807506252,40410.49047337249,40334.583495763436
2026-06-14 14:24:50.827177,999.8556802561625,0.0009954077617832522,0.5,1000.0,1.9319826523652048,0,970307.7991189811,0.010081127193945714,37622.95104515339,37431.39877354608
2026-06-14 14:29:50.827177,998.1140262497942,0.000995628233561141,0.5,1000.0,1.8715612963927486,0,938117.0189571246,0.01016651770042071,35543.524534498116,35455.07171150525
2026-06-14 14:34:50.827177,998.5371845577265,0.001027415981377725,0.5,1000.0,1.4909693752666497,1,724530.4673206198,0.010844819089848298,24072.655457357763,59960.58213312801
2026-06-14 14:39:50.827177,1001.0569368528251,0.0010474797285682244,0.5,1000.0,2.0491445510894404,0,979164.7091281378,0.010058252567091405,42279.17529445659,42285.14181302124
2026-06-14 14:44:50.827177,999.0156715125793,0.0009970292409363754,0.5,1000.0,1.977091896907829,0,990515.4773477181,0.010029312379026172,39164.91349843493,38987.535225393556
2026-06-14 14:49:50.827177,999.0765921580993,0.0010927751657397132,0.5,1000.0,1.8862967116852514,0,862279.3368633386,0.01038303887519784,36909.93489669555,37014.86955125525
2026-06-14 14:54:50.827177,1000.1450146746196,0.0010112117372267646,0.5,1000.0,1.9178185171578654,0,948414.9354547972,0.0101388075296119,37296.22432492301,37276.767235175255
2026-06-14 14:59:50.827177,997.2700945409142,0.000982678674699655,0.5,1000.0,1.1523477972713663,1,584729.284514122,0.011441889878706151,15152.270385764878,48545.95708506369
2026-06-14 15:04:50.827177,996.321580665322,0.0009194216320448586,0.5,1000.0,2.013766194086805,0,1091098.277251032,0.009789725337259202,39553.79301134364,39517.357520354984
2026-06-14 15:09:50.827177,995.910381611958,0.0009868670239841916,0.5,1000.0,1.9449412932999293,0,981382.0801323158,0.010052566249811882,37871.298619842695,37812.997444961795
2026-06-14 15:14:50.827177,994.067286821248,0.0009831806527294431,0.5,1000.0,2.0509689231224657,0,1036839.5203379242,0.009915362335976704,41461.26333492339,41374.48946460926
2026-06-14 15:19:50.827177,1002.1124142598807,0.0010480152398140736,0.5,1000.0,1.9185601812553676,0,917263.8441220463,0.010223813203745704,37712.05526330588,37793.31453369164
2026-06-14 15:24:50.827177,995.7935832685566,0.0010231241812033427,0.5,1000.0,2.150084303028038,0,1046324.6748423015,0.009892814325384823,45540.74790137152,45430.115403414806
2026-06-14 15:29:50.827177,997.5574927528285,0.0009410315439183692,0.5,1000.0,2.1352800534896725,0,1131771.1028128183,0.009700560410004276,44120.90843989277,44139.3730557431
2026-06-14 15:34:50.827177,997.4463734002221,0.001008612719320552,0.5,1000.0,1.9533425928797223,0,965858.5738382156,0.010092716864953428,38410.90021834008,38276.768399334
2026-06-14 15:39:50.827177,998.6148133956182,0.0010335765585864527,0.5,1000.0,1.937132975296914,0,935803.7721435131,0.010172794629529322,38120.37367517112,38116.684065861846
2026-06-14 15:44:50.827177,999.6314744250786,0.0010764015679693916,0.5,1000.0,1.738186680130772,0,807108.6876819584,0.010556099357983248,31881.314999892023,31907.85726801682
2026-06-14 15:49:50.827177,999.7209469767195,0.001044375198370703,0.5,1000.0,1.8518419228448633,0,886331.446613176,0.010311870142192993,35352.81905777206,35379.55288578071
2026-06-14 15:54:50.827177,996.8338451228622,0.001038042332715574,0.5,1000.0,1.8660530225042244,0,895986.9703771074,0.01028397592543595,35697.00546884889,35705.086082719616
2026-06-14 15:59:50.827177,997.6657565724272,0.0010030042997307583,0.5,1000.0,0.8823155410270269,1,438809.6850684643,0.012293270098551327,9547.734801354818,25117.243859099366
2026-06-14 16:04:50.827177,998.5651599009766,0.0010194156002711725,0.5,1000.0,1.9673766295558641,0,963568.6162519532,0.01009870796001088,39031.679481803694,38925.27006666098
2026-06-14 16:09:50.827177,997.5026177476329,0.001062475245035308,0.5,1000.0,1.8654664512584758,0,875694.5995428244,0.010343042446511403,35903.53719814096,35798.28201920627
2026-06-14 16:14:50.827177,1001.21469115204,0.0009333611301260176,0.5,1000.0,1.275471850559138,1,684098.101855962,0.011001626036478243,17919.498388099688,43065.61632599029
2026-06-14 16:19:50.827177,998.9819499032765,0.0009825280336391523,0.5,1000.0,2.0505337147647347,0,1042436.4998171672,0.00990202623158018,41592.549524388225,41466.40864068787
2026-06-14 16:24:50.827177,999.4697555720996,0.000961371562562188,0.5,1000.0,2.0527839349915586,0,1067066.8540893255,0.009844384487099551,41461.470844986,41312.400102221094
2026-06-14 16:29:50.827177,999.3257625373349,0.0010189576559363062,0.5,1000.0,1.810032971914112,0,887579.8564041875,0.010308242233328293,33749.292376473604,33892.26935806496
2026-06-14 16:34:50.827177,1000.3469477149706,0.0010615111087825394,0.5,1000.0,1.987173651951617,0,936336.4551075292,0.01017134749191083,40179.15356746758,40153.18187776609
2026-06-14 16:39:50.827177,998.3620431174074,0.0009701512856639463,0.5,1000.0,1.861665922302839,0,957900.3920611856,0.010113614300557357,34994.35122730015,35057.852695907284
2026-06-14 16:44:50.827177,995.4063361040883,0.0008804847816265281,0.5,1000.0,2.0901728697140274,0,1181491.9243821274,0.00959685173829576,41734.34472145476,41821.69354274333
2026-06-14 16:49:50.827177,998.7993759035053,0.0009793889627487764,0.5,1000.0,2.0784146416353497,0,1059803.2681049267,0.009861208950486547,42547.37880583532,42552.49150524846
2026-06-14 16:54:50.827177,996.6972862124163,0.0010456736866008703,0.5,1000.0,1.9101972773675542,0,910364.5175731072,0.010243129049061342,37252.23753054506,37214.5598592591
2026-06-14 16:59:50.827177,996.9427666365004,0.001026881495147494,0.5,1000.0,1.92339547975996,0,933659.4436598623,0.01017863055053999,37540.21538527862,37504.23686354818
2026-06-14 17:04:50.827177,999.1727280375102,0.0010214093123905288,0.5,1000.0,1.9538732949501694,0,955668.2549652375,0.010119514681638834,38600.51070853039,38761.31376575728
2026-06-14 17:09:50.827177,1000.4765661428672,0.000986000334906276,0.5,1000.0,1.774720660526866,0,900388.3515290571,0.01027138499486186,32366.514917043092,32310.634133930296
2026-06-14 17:14:50.827177,998.0425431534721,0.0009360484631890107,0.5,1000.0,2.0335968173440575,0,1084140.522177772,0.009805394706737193,40470.99125491099,40488.63443948769
2026-06-14 17:19:50.827177,998.6176660251979,0.0010257647160812234,0.5,1000.0,1.972715545365987,0,960253.6345620496,0.010107412373978138,39279.70010985831,39347.432024518224
2026-06-14 17:24:50.827177,1001.4044298892704,0.0009582859094982688,0.5,1000.0,2.097017508256786,0,1095686.8933944704,0.009779459628171075,43065.39939918711,43090.47037697285
2026-06-14 17:29:50.827177,998.4815063589772,0.0011092048366690228,0.5,1000.0,1.8901590782037447,0,850739.5664314623,0.010418071097777903,37164.137250457024,37272.5756135831
2026-06-14 17:34:50.827177,1003.2033662283608,0.0010285253604177258,0.5,1000.0,1.9380877051750067,0,945186.2757607203,0.010147454743246354,38237.80523739001,38199.14363602373
2026-06-14 17:39:50.827177,999.1310192912631,0.0009709675848723025,0.5,1000.0,1.8493474741960885,0,951494.393687853,0.010130594134093538,34617.39597077127,34684.73098971218
2026-06-14 17:44:50.827177,994.4784744816884,0.0009694307376305686,0.5,1000.0,1.8995709436505748,0,974325.6226992351,0.010070718205452989,36138.22910799675,35958.768233812494
2026-06-14 17:49:50.827177,999.5066832422091,0.0009953527896693205,0.5,1000.0,1.881801800393178,0,944827.5503678817,0.01014841778447214,35919.62545624398,36054.31700263098
2026-06-14 17:54:50.827177,998.7623167697656,0.0009880249038989124,0.5,1000.0,2.0995973678846447,0,1061207.426633205,0.009857945315077565,43403.08427163841,43515.39928168658
2026-06-14 17:59:50.827177,1000.5795055081655,0.0010558416887764977,0.5,1000.0,1.9301738151248609,0,914574.7804864625,0.010231320032028412,38139.59806522333,38109.15546734284
2026-06-14 18:04:50.827177,999.3463627025399,0.0010093208084872023,0.5,1000.0,2.0124175684744614,0,996265.0925169855,0.010014810740331555,40531.71522868934,40575.59907236498
2026-06-14 18:09:50.827177,997.7230880320325,0.0009634184130545736,0.5,1000.0,1.9619236596138196,0,1015891.1775138164,0.009966087082041147,38273.56432949457,38362.670826440815
2026-06-14 18:14:50.827177,995.5514035274213,0.0010945220342577892,0.5,1000.0,1.8730534733987187,0,851842.6107284809,0.01041469688929011,36375.64274820602,36271.8674554121
2026-06-14 18:19:50.827177,997.5819534854279,0.0010024654165760112,0.5,1000.0,1.9831699576828357,0,986754.5192911141,0.01003885528696578,39386.97682581128,39372.52421625501
2026-06-14 18:24:50.827177,996.2989590915814,0.0010384419837984448,0.5,1000.0,2.0599103331863593,0,988156.5618469345,0.010035292491891185,42424.46204256122,42293.887044837065
2026-06-14 18:29:50.827177,996.8389531003905,0.000969588674627762,0.5,1000.0,1.8792240607456647,0,966019.815605804,0.010092295685865841,35528.10920717068,35641.950849806715
2026-06-14 18:34:50.827177,999.1771568088412,0.0010181557813872262,0.5,1000.0,2.080911279073138,0,1021061.3412040254,0.009953447187492886,43064.870091899924,43147.14615398284
2026-06-14 18:39:50.827177,1001.3398090087028,0.0010155554995571598,0.5,1000.0,1.9150279078522303,0,944110.7257709049,0.010150343555718273,37274.55255427476,37246.457662659974
2026-06-14 18:44:50.827177,998.789343059646,0.0009055175353951924,0.5,1000.0,1.951701607392716,0,1076367.209965449,0.009823050122274078,37372.06534108267,37332.37401116723
2026-06-14 18:49:50.827177,995.6082338759296,0.001100763755523032,0.5,1000.0,2.0530683123010047,0,928469.7584657482,0.01019282420767625,42774.97986793087,42760.08421184738
2026-06-14 18:54:50.827177,998.8892053364402,0.0010645322230461273,0.5,1000.0,1.9336563842780512,0,907209.9685053603,0.010252021809769347,38290.00684654775,38200.28111304017
2026-06-14 18:59:50.827177,1000.3932629732913,0.0009801402341927006,0.5,1000.0,2.0037574859335865,0,1022580.9632288574,0.00994974725700569,39964.38398114595,39946.980223509796
2026-06-14 19:04:50.827177,996.7804341913612,0.0009448865129772073,0.5,1000.0,1.9685309171211907,0,1038322.1028865037,0.009911820992455548,38285.77430556229,38182.00122776387
2026-06-14 19:09:50.827177,997.7319656666542,0.0010173780806901776,0.5,1000.0,2.012936800670382,0,987032.957075874,0.010038147232500972,40581.46557986055,40671.298691478434
2026-06-14 19:14:50.827177,998.0293763894584,0.00100433488497072,0.5,1000.0,1.7619260894476503,0,875432.1006917035,0.010343817701245896,32047.898416412387,32161.591987067844
2026-06-14 19:19:50.827177,996.4302033738355,0.0010177834474281615,0.5,1000.0,1.8170318184791916,0,889455.1139532779,0.010302804659592277,33894.358115894924,33988.8774146962
2026-06-14 19:24:50.827177,999.2965608676877,0.0010095788698097044,0.5,1000.0,2.061596700604684,0,1020299.9262448656,0.00995530364739597,42282.078167399486,42162.658183450876
2026-06-14 19:29:50.827177,997.7581037027844,0.0010253120494652962,0.5,1000.0,2.1037181405649052,0,1023591.7073976767,0.009947290131033513,43924.33071276813,43903.4856349412
2026-06-14 19:34:50.827177,998.8390648878141,0.0010723652849695903,0.5,1000.0,1.9089513296468479,0,889032.4909552053,0.01030402886293979,37505.27011110224,37563.74302021649
2026-06-14 19:39:50.827177,996.2250156443959,0.0010284051602564323,0.5,1000.0,1.9755971647828865,0,956889.0707929259,0.01011628547277706,39334.651575879514,39411.527379601604
2026-06-14 19:44:50.827177,997.1250833993532,0.000947517225054503,0.5,1000.0,2.0294719252902302,0,1067863.1001379755,0.00984254887142196,40422.51371140387,40238.627227999095
2026-06-14 19:49:50.827177,999.4447627156555,0.0010681281426356227,0.5,1000.0,2.06932176016587,0,968129.5310074278,0.010086792989025067,43168.59895098015,43242.6479110212
2026-06-14 19:54:50.827177,997.2543336958165,0.0010820307281744143,0.5,1000.0,1.797232272832915,0,828210.1543292324,0.0104882090986891,33784.35925059001,33660.03242972608
2026-06-14 19:59:50.827177,1001.4539277024668,0.0011576028367256044,0.5,1000.0,1.9113959753021623,0,826783.9997159446,0.010492729064609086,38390.23473473463,38374.83829667098
2026-06-14 20:04:50.827177,997.2007276287708,0.0009438252983380201,0.5,1000.0,1.9667420620150124,0,1038982.8598327554,0.009910244723171566,38226.257217303784,38352.00598306273
2026-06-14 20:09:50.827177,998.4493694515038,0.0010121441006575138,0.5,1000.0,2.0703140197236047,0,1021150.9044101526,0.00995322893082767,42595.37896580893,42707.5860002986
2026-06-14 20:14:50.827177,999.8651816637462,0.0008958950648405506,0.5,1000.0,2.2498430483721497,0,1255470.5436824253,0.009452242236107465,47838.85017768809,47971.463196662866
2026-06-14 20:19:50.827177,995.163268534134,0.0010276574578189604,0.5,1000.0,1.9771994273190283,0,957340.5173405821,0.010115092644860687,39351.850051508256,39245.22301436955
2026-06-14 20:24:50.827177,994.4783823760384,0.0009725899850916614,0.5,1000.0,1.8593022537896011,0,950573.1737112958,0.010133047684289288,34836.57296325185,34754.643934694206
2026-06-14 20:29:50.827177,994.9486873708598,0.0010961722897412478,0.5,1000.0,2.04022680772013,0,925913.2908564708,0.010199852589525516,42242.6814383893,42186.4013341355
2026-06-14 20:34:50.827177,1000.5251682068543,0.000961269251499071,0.5,1000.0,2.132099578954071,0,1109584.6905225008,0.009748692254255176,44339.352573771605,44324.708515900136
2026-06-14 20:39:50.827177,996.8962837082152,0.0009155408481016369,0.5,1000.0,2.0108014120979503,0,1094741.135336621,0.009781571088038144,39427.29257606579,39448.96269054645
2026-06-14 20:44:50.827177,1003.1163985713365,0.000976436812964874,0.5,1000.0,1.9093351454845706,0,980752.3484231135,0.010054179525590408,36767.34746312763,36895.07295822504
2026-06-14 20:49:50.827177,996.8715048026852,0.0009012256114391431,0.5,1000.0,1.1063084472586344,1,611859.7566449146,0.011312888387542937,13802.73472649569,27195.49521357757
2026-06-14 20:54:50.827177,998.3691026063941,0.0010375549727253655,0.5,1000.0,1.2070997669540295,1,580755.3058729703,0.011461413424872271,16673.07264736604,49177.4391466029
2026-06-14 20:59:50.827177,1001.0842199051358,0.000896745847687184,0.5,1000.0,1.8973919155804375,0,1059078.8407674609,0.009862894825368913,35545.866807444254,35688.23091444793
2026-06-14 21:04:50.827177,1002.0121857763182,0.001001422879059158,0.5,1000.0,1.0830266233709291,1,541831.9756971233,0.01166192696098755,13706.342682612774,31713.177106272607
2026-06-14 21:09:50.827177,1002.1230071532729,0.0008961094090071902,0.5,1000.0,1.3657478221752783,1,763660.8324912374,0.010703143438594126,20006.605655032945,63685.11285703612
2026-06-14 21:14:50.827177,1000.4167324611863,0.000983985109773168,0.5,1000.0,2.1181890042558895,0,1076780.380783093,0.009822107687342629,44087.457773366215,44078.592995086445
2026-06-14 21:19:50.827177,1000.048125051623,0.0010821689077902268,0.5,1000.0,1.9933551024690543,0,921044.3113066618,0.010213305993575865,40584.16247319658,40622.96984657522
2026-06-14 21:24:50.827177,999.1850538984023,0.0010180323945717898,0.5,1000.0,1.9641920553820682,0,963913.9948730516,0.01009780322509734,38926.08554393486,38844.94843363258
2026-06-14 21:29:50.827177,999.5567221523332,0.0009568253197517533,0.5,1000.0,2.1227273822081263,0,1108763.7316775082,0.009750496302690594,43915.98321713861,43986.70084588
2026-06-14 21:34:50.827177,996.897628567343,0.000998439825553046,0.5,1000.0,0.8815538706397378,1,440096.1082498538,0.012284276772007354,9516.95178205523,32310.355855384074
2026-06-14 21:39:50.827177,996.3636022331553,0.0010009008436022222,0.5,1000.0,2.0438579290921006,0,1017296.3993885483,0.009962643684478226,41466.16395254729,41324.20405620169
2026-06-14 21:44:50.827177,997.9932510851781,0.0010236315172921704,0.5,1000.0,1.862997337263557,0,908167.9969648726,0.010249317019342874,35501.52419612764,35549.52811124865
2026-06-14 21:49:50.827177,997.6596307549502,0.0009316570818359587,0.5,1000.0,2.1065376272259604,0,1127886.8546827084,0.009708901410812425,42982.42680318082,42732.11793083186
2026-06-14 21:54:50.827177,997.0935439013455,0.0010296283636923665,0.5,1000.0,1.974195448438884,0,955906.8132984975,0.010118883260123602,39323.1936848162,39266.39350280437
2026-06-14 21:59:50.827177,999.3927748949135,0.0008647804184198613,0.5,1000.0,2.126858323564747,0,1228963.3278697392,0.00950280338865512,42960.07903482732,42989.19284463085
2026-06-14 22:04:50.827177,999.910610417141,0.0009685057723818095,0.5,1000.0,2.0491412756355527,0,1057793.439223795,0.009865889740709056,41422.970269879384,41498.748284316775
2026-06-14 22:09:50.827177,998.1768137725837,0.0009755863078774227,0.5,1000.0,1.877677976993807,0,960578.5798923488,0.010106557479531863,35567.46828951128,35690.12020913643
2026-06-14 22:14:50.827177,1000.9550601621105,0.001031666341303562,0.5,1000.0,2.142462773207724,0,1039342.3087456384,0.009909387765664851,45528.98532518809,45706.73981353586
2026-06-14 22:19:50.827177,995.716621771733,0.0010011315426338434,0.5,1000.0,2.1551245266427728,0,1071733.9439333756,0.009833649582556442,45477.35776994781,45624.53259191969
2026-06-14 22:24:50.827177,997.6126810814405,0.0009297218473071857,0.5,1000.0,2.0882286492599214,0,1120358.4101702566,0.009725170637309967,42307.29810683552,42326.45290218542
2026-06-14 22:29:50.827177,996.5663553587943,0.0009507503437091492,0.5,1000.0,1.923841213496378,0,1008274.9057672918,0.0099848543740715,36828.701310434386,36941.263088167674
2026-06-14 22:34:50.827177,994.2669267658539,0.0010099340004773704,0.5,1000.0,1.969398604564259,0,969423.693633207,0.010083424882096443,38884.6605743227,38902.27188608365
2026-06-14 22:39:50.827177,997.8346386283146,0.0009960466329067721,0.5,1000.0,2.014542721740576,0,1009079.5161281658,0.00998286337125053,40426.54873509681,40495.13929774304
2026-06-14 22:44:50.827177,997.7565049832334,0.0009710437945182127,0.5,1000.0,1.9296289600668566,0,991355.826575249,0.010027186299486462,37252.143629094266,37192.20898757535
2026-06-14 22:49:50.827177,1001.0268994864842,0.0009759583105244011,0.5,1000.0,2.1692346572463204,0,1112476.946907262,0.009742349819848685,45890.473265918954,45936.680847518764
2026-06-14 22:54:50.827177,999.2616233691095,0.0010348083998579646,0.5,1000.0,2.0144326471726037,0,972617.364459798,0.010075137226970203,40854.103170182585,40806.77854795485
2026-06-14 22:59:50.827177,995.9516263513416,0.0009741153713565393,0.5,1000.0,1.7296651952892643,0,884219.1155923851,0.010318023197628168,30743.891456041933,30726.53704878976
2026-06-14 23:04:50.827177,1001.7081851326684,0.0009955954377985463,0.5,1000.0,2.033935581275622,0,1023211.7597392114,0.009948213430484947,41225.00379514781,41271.52668479375
2026-06-14 23:09:50.827177,1000.4420673910507,0.0011084968294040273,0.5,1000.0,1.9651842603182688,0,886810.3868435019,0.01031047757561926,39836.14286593182,40045.28077367094
2026-06-14 23:14:50.827177,999.1641954069372,0.0009288158681558039,0.5,1000.0,1.9925073443881551,0,1071709.7251745332,0.009833705137891056,39008.01999584457,39047.497035874585
2026-06-14 23:19:50.827177,997.5470318023004,0.000907407863421267,0.5,1000.0,1.1323633826166035,1,622424.4778923584,0.011264574947832815,14408.534933360348,49372.76560621942
2026-06-14 23:24:50.827177,996.081121526553,0.0010391794832399304,0.5,1000.0,2.080704641660669,0,997205.3174919852,0.010012449264177768,43177.342585688886,43094.1649647193
2026-06-14 23:29:50.827177,997.2555864478579,0.0009660678469352948,0.5,1000.0,2.111968777855338,0,1090074.9201006985,0.009792022165718998,43556.58808073957,43646.20823920664
2026-06-14 23:34:50.827177,1000.1774972394084,0.000984088123612869,0.5,1000.0,2.0283053162258655,0,1030733.5726054503,0.009930014195504766,40859.552557738025,40826.00655804707
2026-06-14 23:39:50.827177,1001.7691726118692,0.0009609421810934443,0.5,1000.0,1.9660688812861842,0,1024800.0531430936,0.009944356611456422,38507.18856154945,38544.603827448154
2026-06-14 23:44:50.827177,1001.0864870565443,0.0009870099929616244,0.5,1000.0,1.995866279519083,0,1012165.4170912019,0.009975245690703212,39779.3865884831,39849.580814363144
2026-06-14 23:49:50.827177,997.0223011564275,0.001079926905604817,0.5,1000.0,2.001959961657763,0,924136.0306127339,0.010204753040612566,40777.269993279886,40903.680904136134
2026-06-14 23:54:50.827177,995.760765133422,0.001040106422930906,0.5,1000.0,1.9197569960135163,0,918953.4133603014,0.010219110635972571,37502.535351976,37586.77259987797
2026-06-14 23:59:50.827177,998.2817724938224,0.001043111175594349,0.5,1000.0,2.0578928648571235,0,984725.7822549057,0.01004402182223823,42462.57352161974,42340.22771836909
2026-06-15 00:04:50.827177,994.4631212688743,0.0009291886472103677,0.5,1000.0,2.046004232386047,0,1094866.8826166287,0.009781290218519395,40719.07304051732,40547.35319452806
2026-06-15 00:09:50.827177,998.6463354283695,0.0009424423131723566,0.5,1000.0,2.1540441239776675,0,1141251.9581810762,0.00968035069268792,44855.117026338856,44925.26419800403
2026-06-15 00:14:50.827177,997.7047948274027,0.0008580460670257286,0.5,1000.0,2.1255349780288473,0,1235747.427002163,0.00948973415099239,42775.25604250606,42783.856482022056
2026-06-15 00:19:50.827177,997.0679269962635,0.0009595309589458623,0.5,1000.0,1.931432508240987,0,1003495.1916719178,0.009996722826981481,37182.74693878521,37221.893898072245
2026-06-15 00:24:50.827177,994.8105938654664,0.001047835159319283,0.5,1000.0,2.0820298374508965,0,988335.4841737228,0.010034838278767378,43273.76451408262,43445.74027169773
2026-06-15 00:29:50.827177,999.0272002131394,0.0010258473257874186,0.5,1000.0,1.9049046616905527,0,927551.0707116814,0.010195347127202903,36959.477171906285,36897.818362985236
2026-06-15 00:34:50.827177,996.9345983206762,0.0009889243368523938,0.5,1000.0,2.069593210094085,0,1043178.4306974259,0.009900265128436697,42274.98626932961,42404.127193642526
2026-06-15 00:39:50.827177,995.6601663285794,0.0009988849858140975,0.5,1000.0,1.9483385801239892,0,971024.2632036473,0.010079267105279892,38095.08505148,38034.41872708701
2026-06-15 00:44:50.827177,992.2554755734367,0.0009655557228712298,0.5,1000.0,1.8976746776624416,0,975074.7912136477,0.01006878326676779,35978.58025589137,36135.10713015048
2026-06-15 00:49:50.827177,997.9449701898988,0.0010102379441200892,0.5,1000.0,2.0280045342697406,0,1001663.4874368854,0.010001289853827483,41048.79860716981,41123.85045558557
2026-06-15 00:54:50.827177,1001.5445031933394,0.0010382939139740308,0.5,1000.0,1.7325432871845858,0,835610.7950121537,0.010464909196964568,31461.10009331402,31310.387291022504
2026-06-15 00:59:50.827177,1001.3225184290958,0.0009192056606294763,0.5,1000.0,1.8249024425594773,0,993964.674031549,0.010020600253913317,33415.427784880994,33373.69991516343
2026-06-15 01:04:50.827177,997.0858074868274,0.0010149823843918675,0.5,1000.0,1.9822508116225717,0,973649.4847308737,0.01007246611950315,39462.58755639077,39654.15436223732
2026-06-15 01:09:50.827177,996.7955758792764,0.0010466217435477333,0.5,1000.0,2.008244176663484,0,956319.18738758,0.010117792243587742,40674.74995711125,40853.769138849115
2026-06-15 01:14:50.827177,998.9375485121501,0.0009792449855518315,0.5,1000.0,1.963068122984181,0,1001272.657644041,0.010002265669453649,38504.14332697698,38564.565465875785
2026-06-15 01:19:50.827177,996.0032291216235,0.0010350350306060291,0.5,1000.0,1.8420563701282402,0,886295.651171121,0.010311974258793181,34850.45071646823,34885.87418992115
2026-06-15 01:24:50.827177,998.603583799639,0.0011407327222236277,0.5,1000.0,1.9182108157861495,0,839606.0522369058,0.010452437628029363,38406.38011260935,38430.353579873496
2026-06-15 01:29:50.827177,999.5321605567693,0.0009947828603506553,0.5,1000.0,2.039120932723739,0,1024428.06001073,0.009945259244078469,41333.18259935316,41376.885365043505
2026-06-15 01:34:50.827177,1000.4538664477686,0.0010196653525002663,0.5,1000.0,2.0581781770628362,0,1009700.0501350256,0.009981329219008928,42301.073166374175,42286.99312041002
2026-06-15 01:39:50.827177,997.7996918470401,0.0009630971458169305,0.5,1000.0,1.9983776882404058,0,1035191.8548304479,0.009919305435582842,39525.71848480357,39646.82041074099
2026-06-15 01:44:50.827177,997.5926524996461,0.0010090625581301025,0.5,1000.0,2.1156833781036988,0,1045817.3162836517,0.00989401393526953,44180.14201669333,44237.927003160126
2026-06-15 01:49:50.827177,996.2440348264869,0.0010230135812491152,0.5,1000.0,2.0397397023459236,0,993182.5678109188,0.010022572414110305,41542.6728253959,41446.13729684234
2026-06-15 01:54:50.827177,996.3462392919203,0.0010097421170135068,0.5,1000.0,1.9252544346041787,0,949856.3956465661,0.010134958786828203,37429.0270278458,37494.52620663201
2026-06-15 01:59:50.827177,997.5470422161969,0.0009490152340145572,0.5,1000.0,1.9719497946588382,0,1036396.7903546777,0.009916421082297658,38466.26796572725,38482.76638384022
2026-06-15 02:04:50.827177,998.7347310136323,0.0010103180885662727,0.5,1000.0,1.8597133842792146,0,919195.8293285166,0.01021843680767787,35296.09418423343,35264.847999115955
2026-06-15 02:09:50.827177,999.8271692524665,0.001073109796935882,0.5,1000.0,1.9891861009608582,0,926672.3284601972,0.010197763272017591,40344.16137204277,40534.01405737838
2026-06-15 02:14:50.827177,996.3936420986394,0.0010224317882257263,0.5,1000.0,2.111210061922134,0,1028722.0658917294,0.009934864791533037,44122.06222003305,44132.43927214112
2026-06-15 02:19:50.827177,1000.985377137919,0.0010480993594535921,0.5,1000.0,2.068529008471097,0,987772.4239544522,0.010036268013670803,42985.621962924786,42789.9379897824
2026-06-15 02:24:50.827177,997.4577527979148,0.0009881494014993687,0.5,1000.0,2.1402009325919122,0,1080180.7952926713,0.009814368534308626,44840.03780803276,44815.904020785434
2026-06-15 02:29:50.827177,997.9572654113032,0.0010374950119711856,0.5,1000.0,1.9697114756201006,0,947324.0136954468,0.010141725188281709,39267.11667043018,39366.46551735507
2026-06-15 02:34:50.827177,996.5055766417044,0.0010139633919108264,0.5,1000.0,2.134609979451426,0,1048928.7707269876,0.009886668565909886,44891.7752276797,44799.1277396963
2026-06-15 02:39:50.827177,993.1515194794541,0.0009524544635156385,0.5,1000.0,1.980669577355203,0,1032650.4183077671,0.009925402865125605,38671.2060561579,38767.15657322286
2026-06-15 02:44:50.827177,999.7680907927221,0.0010159260502399438,0.5,1000.0,2.1471585082569895,0,1056504.3400168922,0.009868897843710039,45487.92616442032,45388.15730478384
2026-06-15 02:49:50.827177,999.4736877941849,0.0009504151668279845,0.5,1000.0,1.9978143252557876,0,1050468.7429682228,0.009883043143357695,39425.05450120204,39558.72186757387
2026-06-15 02:54:50.827177,997.4373448857635,0.0009683559862557604,0.5,1000.0,2.0707231373804276,0,1066455.217635603,0.009845795678532554,42109.54179898294,42052.285115067505
2026-06-15 02:59:50.827177,998.1339814344498,0.0010094664153646187,0.5,1000.0,2.1475112364309856,0,1061701.4632526655,0.00985679832691504,45372.80220821688,45337.62307940258
2026-06-15 03:04:50.827177,999.0318784354082,0.0010148622136690062,0.5,1000.0,1.9806572371418794,0,974880.9707895464,0.01006928368436253,39463.58844388833,39420.995964690264
2026-06-15 03:09:50.827177,994.874908286227,0.0009405383767461436,0.5,1000.0,2.0218388987544174,0,1069322.0174208456,0.009839190010161328,40014.82490311961,40074.57017074129
2026-06-15 03:14:50.827177,996.9418946453075,0.0010526992885591438,0.5,1000.0,2.12888634252063,0,1008063.7494787262,0.009985377207870542,45116.902334591454,45301.31428975957
2026-06-15 03:19:50.827177,999.5885293592437,0.0010286003139150237,0.5,1000.0,1.9866996836069937,0,965332.3006759506,0.010094092153150562,39824.742306507054,39826.22564530353
2026-06-15 03:24:50.827177,995.4914211536615,0.0009647635782194558,0.5,1000.0,1.867910771749384,0,963701.9839559317,0.010098358549244277,35075.23274114834,35074.14232583339
2026-06-15 03:29:50.827177,998.5871158643332,0.0009231207601775413,0.5,1000.0,2.214300705458491,0,1197661.3735211003,0.009564295023632624,46828.70189699979,46771.37503839587
2026-06-15 03:34:50.827177,995.2868363907531,0.0009927547710459285,0.5,1000.0,1.9530235535662863,0,979002.4136462637,0.01005866939636927,38185.9637737637,38023.22912641536
2026-06-15 03:39:50.827177,998.932859964867,0.000977702814306942,0.5,1000.0,2.015875605093754,0,1029824.3771330282,0.009932205184726128,40318.97111745237,40271.61881231201
2026-06-15 03:44:50.827177,997.928717035405,0.001005657022852651,0.5,1000.0,2.1156006669451126,0,1049671.3150449104,0.009884919628470119,44150.95006380953,44025.04980151615
2026-06-15 03:49:50.827177,994.769736368189,0.0009818441669422217,0.5,1000.0,1.9391506096268798,0,982339.359780634,0.010050116323623,37593.844008285494,37405.11241185362
2026-06-15 03:54:50.827177,1000.3294787089144,0.0008996271569627495,0.5,1000.0,1.899213208677787,0,1055903.5175237607,0.009870301426258657,35614.01415692798,35606.314525632784
2026-06-15 03:59:50.827177,996.5308168464039,0.000980582653084942,0.5,1000.0,2.0253737296774834,0,1029157.1704358474,0.009933814565572003,40608.516797081575,40554.25727624412
2026-06-15 04:04:50.827177,996.3794951259713,0.0009847190444465844,0.5,1000.0,1.820692360208761,0,921125.9520547047,0.0102130796809705,33732.974764177765,33870.63200751012
2026-06-15 04:09:50.827177,998.4011383944619,0.001031683051238703,0.5,1000.0,1.971209392313208,0,953809.2629012319,0.01012444186268111,39277.30471437652,39191.74449219575
2026-06-15 04:14:50.827177,1000.2972746988574,0.0009650900162694475,0.5,1000.0,2.0245038664315405,0,1049179.6962302073,0.009886077380286396,40531.279333925326,40598.31607451268
2026-06-15 04:19:50.827177,995.9683563620432,0.0010839337336686283,0.5,1000.0,1.9730048103174835,0,906443.9536241285,0.010254187060514857,39756.03500016274,39821.11726540462
2026-06-15 04:24:50.827177,998.1233596996959,0.0009044179724674122,0.5,1000.0,1.8456549056814253,0,1018440.218674086,0.009959845222109222,33863.9654176534,33997.67872717336
2026-06-15 04:29:50.827177,998.8576330006612,0.0010655583748901312,0.5,1000.0,2.159417795620401,0,1012122.3758460444,0.009975351740168878,46462.77697790465,46444.354398601936
2026-06-15 04:34:50.827177,999.3862112145263,0.0009887840514560947,0.5,1000.0,2.0103538153949176,0,1015954.8385765026,0.009965930956350502,40252.81192695552,40384.71617029164
2026-06-15 04:39:50.827177,998.3528831105544,0.0010429792436171777,0.5,1000.0,2.1431152117761743,0,1025708.4518261794,0.009942154123484908,45588.531780651334,45644.62645046134
2026-06-15 04:44:50.827177,997.2659443218333,0.0010039900742029367,0.5,1000.0,1.9739963749819556,0,980387.8591863163,0.010055113882687572,39074.25297321548,39188.18143623776
2026-06-15 04:49:50.827177,996.3448195587025,0.0010569777768012734,0.5,1000.0,1.9119988018309235,0,901159.0134713189,0.010269188294497616,37404.25557071751,37643.67124496761
2026-06-15 04:54:50.827177,998.1722877660927,0.0009806319017723595,0.5,1000.0,2.026918092025516,0,1031586.6052159369,0.00992796074361001,40713.45492316288,40701.132581870006
2026-06-15 04:59:50.827177,995.8557219760288,0.0009450689787411094,0.5,1000.0,1.978421287367178,0,1042369.500969254,0.009902185342231149,38598.019975793344,38615.10092817515
2026-06-15 05:04:50.827177,992.1572990330108,0.0010710252143635531,0.5,1000.0,1.8822238542008642,0,871810.537378037,0.010354543247267738,36396.03083355973,36359.84922465926
2026-06-15 05:09:50.827177,998.8731196083154,0.000994325967705893,0.5,1000.0,2.1469784258787494,0,1078398.3862642045,0.009818421393450467,45207.17350525092,45361.404469017514
2026-06-15 05:14:50.827177,999.8078696821724,0.0010110779236812105,0.5,1000.0,1.9377729777106003,0,958086.7247692825,0.010113122530202055,37967.11613687092,38227.581414161104
2026-06-15 05:19:50.827177,993.2741351289163,0.0010617375957022398,0.5,1000.0,1.8159733615204432,0,849437.4586445494,0.010422061285745186,34138.2847368353,34211.70124704068
2026-06-15 05:24:50.827177,995.9805385905802,0.0009484022378952782,0.5,1000.0,2.132816605395733,0,1119906.589461007,0.009726151381800427,44065.520458294675,43904.51233381679
2026-06-15 05:29:50.827177,999.2383085220104,0.001029774544881963,0.5,1000.0,1.9495701984187377,0,945879.482598862,0.010145595040403486,38532.24864557093,38443.93765102226
2026-06-15 05:34:50.827177,1002.1149909394234,0.0009705052621768555,0.5,1000.0,1.9392176107384376,0,1001189.3361896002,0.010002473766285389,37694.50745978864,37810.46644960299
2026-06-15 05:39:50.827177,998.0415874153508,0.0009933915322177815,0.5,1000.0,1.8234612412970026,0,915998.4219874805,0.010227342342652547,33939.42692530864,33824.99128866194
2026-06-15 05:44:50.827177,996.5439941175417,0.0010036139482692144,0.5,1000.0,2.174094148659699,0,1079389.3758796875,0.00981616703891377,46237.58157543599,46177.528312280694
2026-06-15 05:49:50.827177,997.6342071177903,0.0009249889069276533,0.5,1000.0,1.8710519412790312,0,1008998.8138961022,0.009983062978817603,34866.37770961173,34802.816944692124
2026-06-15 05:54:50.827177,1000.7497528382963,0.0009610581478589783,0.5,1000.0,2.005844948070565,0,1044343.0714808909,0.009897503804620423,39851.61140789349,39843.8963638556
2026-06-15 05:59:50.827177,996.708071641751,0.001067553644620657,0.5,1000.0,2.0912620322540443,0,976240.2844899647,0.010065776743472052,43876.51995366271,43902.19097059801
2026-06-15 06:04:50.827177,996.4016159866995,0.00104430955942924,0.5,1000.0,2.04217169330031,0,974243.2964220119,0.010070930949659359,41849.33349798265,41660.390353601986
2026-06-15 06:09:50.827177,997.0345129556359,0.0009968680211336382,0.5,1000.0,1.9940345688007808,0,997183.8011515791,0.010012503273660095,39693.393455158606,39540.64958046751
2026-06-15 06:14:50.827177,996.0933427834826,0.0010121561729256447,0.5,1000.0,1.8298334141712584,0,900397.058781096,0.010271360162522225,34257.14005714474,34106.78274218651
2026-06-15 06:19:50.827177,998.2453406319896,0.000985287874718177,0.5,1000.0,1.9190275164232715,0,972132.2701560942,0.010076393865994604,37042.88732883905,36904.48456524766
2026-06-15 06:24:50.827177,1001.2493569169392,0.0010678291692913992,0.5,1000.0,2.0187800338042523,0,946453.921999799,0.01014405525163446,41393.47220285056,41395.07289019735
2026-06-15 06:29:50.827177,998.6461585462321,0.0009899823711102917,0.5,1000.0,1.1340152310122207,1,571969.7578620343,0.011505174450288699,14775.514729171578,34323.72648567628
2026-06-15 06:34:50.827177,997.4952929957474,0.0010115921046067425,0.5,1000.0,2.020335945999877,0,996091.0070509241,0.010015248280358779,40777.421172915965,40878.73959606869
2026-06-15 06:39:50.827177,997.416377462169,0.0010573015072071032,0.5,1000.0,2.068174340881514,0,975516.891341281,0.01006764229034876,42951.52249212846,43007.01543507004
2026-06-15 06:44:50.827177,994.8736183826067,0.0009611314257577046,0.5,1000.0,2.09625028858001,0,1084921.4029137993,0.009803629852772692,42858.906965692295,42800.68122771779
2026-06-15 06:49:50.827177,999.7662195542944,0.0010779394592248448,0.5,1000.0,1.8773820642187315,0,870616.2266073477,0.010358092510875034,36499.21911455384,36522.211942395916
2026-06-15 06:54:50.827177,997.8443256059744,0.0009234769295128312,0.5,1000.0,2.2196646054978952,0,1199206.8564793116,0.00956121202675738,47005.69246235958,47111.115279915895
2026-06-15 06:59:50.827177,997.6390401728188,0.00108148210655564,0.5,1000.0,2.076747934455413,0,957872.9058262004,0.01011368685250717,43516.15477849349,43493.41651004198
2026-06-15 07:04:50.827177,1004.3862151356897,0.0009813662208024013,0.5,1000.0,1.9998285846330937,0,1023369.370405622,0.009947830373507322,39959.00432255429,39927.96245953819
2026-06-15 07:09:50.827177,998.5975058167314,0.000987865062608736,0.5,1000.0,2.108953658307664,0,1065932.961283006,0.009847001449683309,43734.94174168706,43640.446013188914
2026-06-15 07:14:50.827177,996.4964178998097,0.0009054994914408529,0.5,1000.0,2.2365407771999974,0,1230649.4338391535,0.009499546780414082,47351.33950946394,47270.856927955436
2026-06-15 07:19:50.827177,997.1472848075889,0.0009772602641311154,0.5,1000.0,1.856127989894313,0,946949.8829076318,0.010142726764412751,34844.15017489566,34912.70760196975
2026-06-15 07:24:50.827177,1000.2968914183936,0.0009480096734486558,0.5,1000.0,1.9774737357508647,0,1043270.3832743325,0.009900046971907996,38724.6608044667,38724.27835539149
2026-06-15 07:29:50.827177,998.2265408210756,0.0009696176827313264,0.5,1000.0,1.7621568340126672,0,907074.8977296122,0.010252403440664417,31779.270042988966,31975.10914475625
2026-06-15 07:34:50.827177,995.1234440433652,0.000993134451710556,0.5,1000.0,2.0192651532648025,0,1011654.6104571441,0.009976504632517494,40480.14577075275,40412.475049525514
2026-06-15 07:39:50.827177,999.8384578691504,0.0010478895807236454,0.5,1000.0,2.036539424192514,0,971576.812448224,0.010077833744711332,41790.99106424244,41867.128380808244
2026-06-15 07:44:50.827177,996.663711828922,0.0010103801675700314,0.5,1000.0,1.996083788455724,0,984492.9372022378,0.010044615654175923,39887.746821571964,39926.387736659184
2026-06-15 07:49:50.827177,1001.7465955524351,0.0010153838326700556,0.5,1000.0,1.934546642900169,0,954282.2384549216,0.010123187122839309,37951.90238492711,37942.9649427897
2026-06-15 07:54:50.827177,1000.1600961314293,0.0009452240305577219,0.5,1000.0,1.7950485483811676,0,949688.0478430958,0.010135407903947834,32663.532630711485,32619.982428426367
2026-06-15 07:59:50.827177,997.1053562086825,0.0009559622955198636,0.5,1000.0,2.037353368341177,0,1062518.870034544,0.00985490204548182,40787.40585664176,40847.416043809564
2026-06-15 08:04:50.827177,1000.5620327234702,0.0010899362509175657,0.5,1000.0,2.1455434483915323,0,984804.9884623569,0.010043819860204936,46261.27107927868,46315.53845781444
2026-06-15 08:09:50.827177,998.1357110210548,0.0009632399482618377,0.5,1000.0,1.9408981544266568,0,1005606.0085983337,0.009991472788284925,37568.56424525814,37588.76309116085
2026-06-15 08:14:50.827177,999.7055473502444,0.0010828104126028649,0.5,1000.0,2.0440059929023144,0,943565.0535580108,0.010151810746466174,42401.375417541036,42443.938857919005
2026-06-15 08:19:50.827177,998.9694656345889,0.0009878469400559566,0.5,1000.0,1.843185568657995,0,931969.3304325888,0.010183242116306744,34560.212673550835,34563.861350184954
2026-06-15 08:24:50.827177,996.3072866900183,0.0010001143968071753,0.5,1000.0,2.045721306369251,0,1018966.9554700312,0.0099585578314299,41522.42345685448,41358.30538296773
2026-06-15 08:29:50.827177,996.712900335365,0.0010535182580114965,0.5,1000.0,1.9606617702255342,0,927471.7664916054,0.01019556506055609,39064.90220133316,39073.339551609766
2026-06-15 08:34:50.827177,1000.0599216351624,0.0010635946210969327,0.5,1000.0,1.9237582049397086,0,904420.4631708408,0.010259917764465288,37972.64708055609,37945.792039623615
2026-06-15 08:39:50.827177,997.330449335787,0.0009944593719860458,0.5,1000.0,1.923963635878387,0,964759.1302016665,0.010095591062792656,37270.44239499716,37465.06674673711
2026-06-15 08:44:50.827177,997.192703073516,0.000980587847323923,0.5,1000.0,1.960638841796699,0,996919.7312295098,0.010013166250397977,38383.60160787871,38446.94017125507
2026-06-15 08:49:50.827177,996.0897548413013,0.0009972039775738894,0.5,1000.0,2.0382433315692534,0,1017982.9533919498,0.009960963493410364,41220.369638186174,41240.520551006084
2026-06-15 08:54:50.827177,998.8471981311869,0.001016897876411606,0.5,1000.0,1.8687836798804482,0,917805.7039261266,0.010222303870038781,35658.73298784216,35705.015995164824
2026-06-15 08:59:50.827177,1002.1250498384862,0.0010445651843434879,0.5,1000.0,1.9602884668432148,0,940321.4882983733,0.010160553913838933,39127.245242525445,39024.93342956428
2026-06-15 09:04:50.827177,995.8649341714914,0.0010002114929497075,0.5,1000.0,1.9958528222000853,0,993589.782464244,0.010021545338893559,39755.036916165234,39694.06005327627
2026-06-15 09:09:50.827177,998.0484389133455,0.0010309443149011577,0.5,1000.0,1.890096077546814,0,914892.9832222295,0.01023043029443325,36476.510232848086,36443.03134041993
2026-06-15 09:14:50.827177,1000.8244411108309,0.001081917986613547,0.5,1000.0,2.1796665201675016,0,1008146.4370893353,0.009985172452800128,47478.12718873984,47516.969439103916
2026-06-15 09:19:50.827177,997.8407172175085,0.0010190654806132393,0.5,1000.0,1.9146504519938659,0,937386.3684837512,0.010168498207334642,37196.068180396804,37152.59295167097
2026-06-15 09:24:50.827177,998.9047435924995,0.001015582642800239,0.5,1000.0,1.933056308636651,0,950655.8279710406,0.010132827424012293,37821.93391194205,37771.790058315106
2026-06-15 09:29:50.827177,995.8752129437063,0.0009240544587454967,0.5,1000.0,1.90216920501775,0,1025006.2343045019,0.009943856494089904,35830.92863658524,35724.14226971516
2026-06-15 09:34:50.827177,998.8566141944153,0.0008684634931585469,0.5,1000.0,2.1798480087138117,0,1253567.7196535985,0.009455827149075637,44880.23279357438,44882.744902429506
2026-06-15 09:39:50.827177,997.6257114699908,0.0010194187864615083,0.5,1000.0,2.055290522859948,0,1005676.3213393585,0.009991298143062686,42105.224908048076,42121.78152733952
2026-06-15 09:44:50.827177,999.9714599913598,0.0009952587884359564,0.5,1000.0,1.9063407993756358,0,957683.777597417,0.010114186141021584,36755.27128733235,36798.123616907054
2026-06-15 09:49:50.827177,1000.3747721031295,0.0009742608662542629,0.5,1000.0,2.110623155885997,0,1083597.9518928993,0.009806621895552915,43702.22603717349,43632.62441511829
2026-06-15 09:54:50.827177,1003.1791272840372,0.0010121765102093173,0.5,1000.0,2.020069869428888,0,1001056.5885624898,0.010002805350595697,40948.03699569375,40985.114570855694
2026-06-15 09:59:50.827177,999.1592663464271,0.0009969798135401546,0.5,1000.0,2.02572534211115,0,1015076.8446635263,0.00996808527354771,40870.27759035587,40766.25015268487
2026-06-15 10:04:50.827177,998.6515926331643,0.001056389012531695,0.5,1000.0,1.9655522791247548,0,929062.0645738633,0.010191199258127523,39319.545670801825,39297.63929135237
2026-06-15 10:09:50.827177,998.3887686031546,0.001004305543412949,0.5,1000.0,1.9250584013043026,0,956858.5473679361,0.010116366148230065,37429.32932069274,37459.486534301286
2026-06-15 10:14:50.827177,997.2936674143787,0.0009626538357464916,0.5,1000.0,2.03377660990546,0,1053479.6926360196,0.009875973882198684,40738.91804265914,40713.04681992107
2026-06-15 10:19:50.827177,998.6769676869234,0.0010495083119479644,0.5,1000.0,1.9454912770004409,0,925632.1779719703,0.010200626920723179,38557.642617265294,38401.458172263774
2026-06-15 10:24:50.827177,997.4091971797219,0.0009891434462526898,0.5,1000.0,2.1816755629575106,0,1099953.3384160816,0.009769962781519956,46381.69461084616,46237.431351423016
2026-06-15 10:29:50.827177,998.3369219525392,0.0010263268341836153,0.5,1000.0,1.8730708894756896,0,910994.3168764112,0.010241358239808781,35870.96990402859,35893.05939082933
2026-06-15 10:34:50.827177,1000.6351950712159,0.00097612946469036,0.5,1000.0,2.1536156772854946,0,1103841.0996191914,0.009761348871321796,45302.484132686914,45360.44926836176
2026-06-15 10:39:50.827177,995.9869148694407,0.0009675086557251282,0.5,1000.0,1.9888681151202199,0,1023704.8559406183,0.009947015254922534,39188.47716503229,39222.40884391149
2026-06-15 10:44:50.827177,1000.279757122258,0.001004208411509285,0.5,1000.0,2.0299085734021105,0,1010983.5924055486,0.009978159641849269,41126.7966350189,41187.170855942684
2026-06-15 10:49:50.827177,1000.6342301346797,0.0010006414321771843,0.5,1000.0,2.0833157766629435,0,1041650.3910760656,0.009903893908943863,43012.188487509164,42984.13423892218
2026-06-15 10:54:50.827177,997.7638629460179,0.0010239913517683416,0.5,1000.0,1.9369750704995563,0,943681.6655893966,0.010151497113654918,38001.954055401766,38075.79824649309
2026-06-15 10:59:50.827177,993.7562902019828,0.0009865677123345128,0.5,1000.0,2.086424838469864,0,1050813.7360165613,0.009882231867077288,42750.423240537166,42784.02924848606
2026-06-15 11:04:50.827177,996.7843560258111,0.0009081820108114802,0.5,1000.0,1.7292456144618822,0,948975.5113524522,0.010137309906513042,30216.02302091383,30152.07734440336
2026-06-15 11:09:50.827177,1000.5939890931222,0.0009783613058205805,0.5,1000.0,1.9280010466778061,0,985906.8663048919,0.010041012367862551,37346.50128860114,37397.946659740504
2026-06-15 11:14:50.827177,997.9542638754023,0.0010396909233571909,0.5,1000.0,1.9075937192658934,0,915508.274197616,0.010228710954839225,37145.25226977073,37174.85729018418
2026-06-15 11:19:50.827177,996.0013955354102,0.0009851311960378448,0.5,1000.0,1.8746493987628239,0,947667.3892863209,0.010140806381166993,35495.438978049904,35662.68838681066
2026-06-15 11:24:50.827177,996.9904501575436,0.0009876808298742727,0.5,1000.0,1.9785045161921049,0,998576.6902493169,0.010009009899607391,39062.155904492145,39200.087899840895
2026-06-15 11:29:50.827177,999.6812400530091,0.001049318825295297,0.5,1000.0,2.0385749968181694,0,971070.5324412427,0.010079147039764053,41873.4466623379,41864.21630752329
2026-06-15 11:34:50.827177,999.0934671364028,0.0009644013386370539,0.5,1000.0,2.0702659998499304,0,1072369.5378771676,0.009832192156368979,42102.58645405266,42060.81839382363
2026-06-15 11:39:50.827177,997.5221358016606,0.000922859839087855,0.5,1000.0,2.0240876757200406,0,1093921.4037798543,0.009783403031874827,39982.60880398004,40138.51992928885
2026-06-15 11:44:50.827177,997.2663511763707,0.0009919684440237253,0.5,1000.0,1.9334306535106454,0,971878.362006136,0.010077051928774668,37566.59751853581,37621.75147046133
2026-06-15 11:49:50.827177,997.2164837019124,0.0009757913024375632,0.5,1000.0,2.036901643782517,0,1040812.6664919811,0.009905886158043593,40984.807402445724,40967.39262576885
2026-06-15 11:54:50.827177,996.155179631003,0.0009516876840123373,0.5,1000.0,2.012428569485085,0,1053229.5293967412,0.009876560265679669,39844.98465439503,39646.07847871215
2026-06-15 11:59:50.827177,1001.2307513789389,0.0009912310772050654,0.5,1000.0,2.0936056167936017,0,1057363.097767246,0.009866893429397401,43301.642177753296,43226.092232916584
2026-06-15 12:04:50.827177,997.3553590615774,0.0010245752823623392,0.5,1000.0,2.0776936702931517,0,1011247.7590604041,0.009977507933283255,42957.10850318358,42874.60569550662
2026-06-15 12:09:50.827177,1000.434317041651,0.0009995355719216092,0.5,1000.0,2.003047641392063,0,1002424.3535752422,0.009999391503669991,40136.981735341,40122.34367267229
2026-06-15 12:14:50.827177,1001.0426321038449,0.0010153490536343119,0.5,1000.0,1.9102746993838744,0,941679.3201647758,0.010156889240035164,37102.65067458263,37164.50250825809
2026-06-15 12:19:50.827177,999.9966217962959,0.0010906703849257711,0.5,1000.0,1.9347049844167918,0,886930.8616649194,0.010310127431015116,38591.53622846052,38668.66155089274
2026-06-15 12:24:50.827177,997.1367593745639,0.0009828560569221218,0.5,1000.0,1.9450210640361967,0,986640.9160573524,0.010039144246496644,37870.412802869054,38020.41637139799
2026-06-15 12:29:50.827177,998.8074601806733,0.0010139174317322335,0.5,1000.0,1.9684733666083745,0,969569.0310681264,0.010083046987009393,39024.078341885725,39117.217925652745
2026-06-15 12:34:50.827177,997.9516087872182,0.0009745393318700433,0.5,1000.0,2.0268050427589754,0,1037748.4453285723,0.009913190498896359,40639.362523977994,40509.315732495896
2026-06-15 12:39:50.827177,996.1925962785398,0.0009576820140056514,0.5,1000.0,2.0715174390128057,0,1077408.9445279385,0.009820674811746432,41981.87467834415,42084.87543629819
2026-06-15 12:44:50.827177,998.6487185634433,0.0009707546173291115,0.5,1000.0,1.9948881306984623,0,1026105.0732267781,0.009941193246548689,39508.30136679098,39681.63383731832
2026-06-15 12:49:50.827177,995.6419204176804,0.0009760620714239156,0.5,1000.0,0.8397572007830192,1,428301.38397471525,0.012367989429305736,8683.798796029483,20026.980362794737
2026-06-15 12:54:50.827177,1000.3753587769231,0.0010179737898773564,0.5,1000.0,2.0143306305000004,0,989753.7378759808,0.010031241525366854,40717.32011897258,40596.03377404175
2026-06-15 12:59:50.827177,997.0707654054032,0.001117453789335038,0.5,1000.0,1.948409468686766,0,869253.8961377054,0.010362148535050984,39222.58916399976,39203.479503801915
2026-06-15 13:04:50.827177,998.4023193117457,0.000964197828186208,0.5,1000.0,1.9074607742357044,0,987563.5504051981,0.010036798649059837,36459.61046960259,36555.70784455958
2026-06-15 13:09:50.827177,998.5665757430922,0.000979168734719227,0.5,1000.0,1.824456210268929,0,930299.8175303615,0.010187807747858865,33862.939463641735,33747.10516028552
2026-06-15 13:14:50.827177,997.4821900525918,0.0009968438493444375,0.5,1000.0,1.9304850641923128,0,965860.6365283442,0.0100927114764524,37518.53742839278,37346.045930000866
2026-06-15 13:19:50.827177,999.1733876029506,0.0010197899424354874,0.5,1000.0,2.0473145453267785,0,1002962.5340575268,0.009998049838261877,41872.153702534764,41903.54927121183
2026-06-15 13:24:50.827177,997.0501926867549,0.0010131775405977392,0.5,1000.0,1.9297088561960432,0,949496.2678330296,0.010135919654621997,37632.55985763838,37565.00071492771
2026-06-15 13:29:50.827177,999.7425945949145,0.0010642047896974058,0.5,1000.0,1.976219296257406,0,928256.772500848,0.010193408836249841,39799.526946929356,39636.38184022789
2026-06-15 13:34:50.827177,995.3080406395065,0.0008786803964732396,0.5,1000.0,2.046643128741232,0,1159147.495797002,0.009642769809822435,40201.62012737068,40324.57217164594
2026-06-15 13:39:50.827177,998.2527591590929,0.0008806535064902164,0.5,1000.0,2.052068949642267,0,1163047.370996786,0.009634676206119285,40500.6078287098,40517.0390945216
2026-06-15 13:44:50.827177,1001.8778579981166,0.0009752060913994925,0.5,1000.0,1.8920467147833961,0,971896.9798062055,0.010077003669059458,36141.81056144974,36089.74132799549
2026-06-15 13:49:50.827177,995.9993373507889,0.0010548650093771855,0.5,1000.0,2.099705935645364,0,991266.9876921274,0.010027410954928968,44031.63533178406,43935.26692336482
2026-06-15 13:54:50.827177,996.6445100589503,0.0009217175984197202,0.5,1000.0,2.1127350089355486,0,1142240.1782688536,0.009678256250904288,43055.382636283815,43072.83925111815
2026-06-15 13:59:50.827177,999.0278156993178,0.0008496183830153122,0.5,1000.0,1.887015014278144,0,1109427.788753563,0.009749036915250812,34680.871838799285,34732.413558691835
2026-06-15 14:04:50.827177,998.3591635638792,0.0010285589703109604,0.5,1000.0,1.9176163130358845,0,930656.3228650667,0.01018683195003233,37398.08646575053,37430.67973303088
2026-06-15 14:09:50.827177,998.7012601985472,0.0010121828611851357,0.5,1000.0,2.119109068314619,0,1045441.9740648435,0.009894901871030964,44376.56777012207,44224.676437995186
2026-06-15 14:14:50.827177,998.9783742602954,0.0009454895796600285,0.5,1000.0,1.9853146478744699,0,1048814.520008736,0.009886937801514402,38929.29891993701,38976.984126360716
2026-06-15 14:19:50.827177,999.2694429371236,0.0009507230199639536,0.5,1000.0,1.778022205254815,0,934406.3524632963,0.010176595892738125,32148.40991988693,32217.85487082163
2026-06-15 14:24:50.827177,1000.2193996839125,0.0009515128140182663,0.5,1000.0,1.8600318495267314,0,977622.1152870726,0.01006221796070966,34820.07927971986,34785.73887264963
2026-06-15 14:29:50.827177,998.819637313857,0.001005526765873697,0.5,1000.0,1.9750630374827518,0,980944.4232230012,0.010053687322288608,39171.87583852423,39275.83687671913
2026-06-15 14:34:50.827177,997.5174846907629,0.0009686842361908497,0.5,1000.0,1.8836957349715397,0,969882.3214365413,0.010082232634547652,35686.07137300119,35600.87963370695
2026-06-15 14:39:50.827177,999.3451474024055,0.001024703195948776,0.5,1000.0,1.958657622936356,0,955093.6303520738,0.010121036420070128,38802.30721813137,38931.36569673447
2026-06-15 14:44:50.827177,1001.7997638697905,0.0008572686668547805,0.5,1000.0,2.003239621368358,0,1170487.769618544,0.009619328470135892,38671.541370113555,38684.77293855662
2026-06-15 14:49:50.827177,997.7347325072349,0.0009571574067436101,0.5,1000.0,2.146225460403473,0,1118605.8168431823,0.00972897766743353,44712.91483381444,44663.29788661278
2026-06-15 14:54:50.827177,996.0509413906587,0.0009436973019544475,0.5,1000.0,1.9709546083772211,0,1040148.7791935803,0.009907466417202056,38335.17093716287,38303.32608812979
2026-06-15 14:59:50.827177,1000.214161338574,0.0009871829660813753,0.5,1000.0,2.107254179957276,0,1067535.3732549257,0.009843304185171394,43718.7517234263,43818.68021176929
2026-06-15 15:04:50.827177,997.7592376720928,0.0009730976120754931,0.5,1000.0,2.142876016203677,0,1098591.9160735335,0.009772988215413168,44776.19864840752,44799.92288339906
2026-06-15 15:09:50.827177,993.6546609079719,0.0010398921889947883,0.5,1000.0,2.1434309669352074,0,1024062.9717050043,0.009946145520760152,45405.585970751345,45470.0927034021
2026-06-15 15:14:50.827177,999.6948433543008,0.0009070331614169972,0.5,1000.0,2.0284754593385568,0,1117851.3326919149,0.009730618874566228,40026.48288066888,40133.94981094142
2026-06-15 15:19:50.827177,996.9293436280922,0.0010022745738165375,0.5,1000.0,1.8036710852161026,0,897025.9637827544,0.010280996739839803,33343.738160987734,33291.1404543944
2026-06-15 15:24:50.827177,997.8189334353917,0.0010279168211605853,0.5,1000.0,2.0460824865403864,0,993086.1147575348,0.010022815764734834,41868.534888674396,41881.26472228233
2026-06-15 15:29:50.827177,998.663960661138,0.0010928323718280978,0.5,1000.0,2.1048399887813543,0,961733.88249748,0.010103520933791627,44702.343904964844,44679.898308933145
2026-06-15 15:34:50.827177,998.3809993595581,0.0009759117014453263,0.5,1000.0,1.9918932894564583,0,1018877.2252653167,0.00995877708108562,39448.85981125286,39550.5656090485
2026-06-15 15:39:50.827177,999.4189036342781,0.0010162229302176258,0.5,1000.0,2.1744583870075247,0,1069251.0238260555,0.009839353325898643,46496.07762337029,46457.832081503235
2026-06-15 15:44:50.827177,997.1290272588603,0.0009098068603718818,0.5,1000.0,2.0859833561467456,0,1143096.7633848044,0.009676442629091023,41984.47849271102,41989.26166914721
2026-06-15 15:49:50.827177,999.0262115963521,0.0008804021897843488,0.5,1000.0,2.0568273377152786,0,1166980.527166128,0.009626547819585383,40685.825067794125,40915.39752790888
2026-06-15 15:54:50.827177,997.4809066448322,0.0010422387187890851,0.5,1000.0,2.1086380711205837,0,1009042.4473055938,0.00998295505418573,44275.94037360266,44404.452001025966
2026-06-15 15:59:50.827177,999.477620961775,0.0009997219853175965,0.5,1000.0,2.0333369851260876,0,1016419.9859332829,0.00996479057583612,41177.49951483151,41073.97670381197
2026-06-15 16:04:50.827177,999.2307349680261,0.0010589256344899212,0.5,1000.0,1.7507189500604645,0,826012.7653034069,0.010495177429280892,32143.14994435917,32233.347555094973
2026-06-15 16:09:50.827177,996.1291225959108,0.0009313298555515125,0.5,1000.0,1.9500861048529634,0,1042883.758656772,0.009900964396749241,37505.9967468448,37574.873675680465
2026-06-15 16:14:50.827177,1000.1719642323501,0.0010259951069764377,0.5,1000.0,2.1197168027247852,0,1033182.9575899984,0.009924123641333741,44598.73370246117,44488.67006867768
2026-06-15 16:19:50.827177,996.928073109772,0.0010934408920271928,0.5,1000.0,1.9192408659901703,0,874919.3085406978,0.010345333001876407,37989.82256049386,37978.816986914906
2026-06-15 16:24:50.827177,999.6161155965623,0.0010209852804178633,0.5,1000.0,1.977652749476306,0,968130.2940142654,0.010086791001613263,39435.40871186535,39340.63840574363
2026-06-15 16:29:50.827177,998.7345746268027,0.0010138290752795525,0.5,1000.0,1.895516368609693,0,933647.3870506902,0.01017866341069091,36525.47867970298,36286.21850225105
2026-06-15 16:34:50.827177,1001.6763673535902,0.0010004278040412174,0.5,1000.0,1.5056301295731345,1,753754.6001204486,0.010738137999189172,24383.329213985533,60108.83741258972
2026-06-15 16:39:50.827177,997.5530680352563,0.0009214559271437044,0.5,1000.0,2.1681492457418017,0,1173601.3998804947,0.009612941958371736,45078.62663444074,45028.01762149002
2026-06-15 16:44:50.827177,997.3013664077636,0.0010677786467855174,0.5,1000.0,1.911613110485927,0,892719.84079747,0.010293372229584086,37513.19830885952,37403.10807032756
2026-06-15 16:49:50.827177,997.9611607882246,0.0009694571180097467,0.5,1000.0,2.0147298000389084,0,1036983.5099303703,0.00991501812044305,40164.35269469459,40163.39406802735
2026-06-15 16:54:50.827177,997.3936404343315,0.0010252241628191509,0.5,1000.0,1.9319505952235951,0,939753.1326274653,0.010162089822309876,37830.46299504326,37618.40174947738
2026-06-15 16:59:50.827177,999.5998838038842,0.0009218482846714373,0.5,1000.0,2.061494463903138,0,1117683.7126265224,0.009730983681540028,41337.793071200074,41341.92056513438
2026-06-15 17:04:50.827177,994.7673787831268,0.000941027016774611,0.5,1000.0,2.050968307724233,0,1084047.711209744,0.009805604572721168,41031.161384020386,41032.7011961315
2026-06-15 17:09:50.827177,995.8926351617073,0.0010717543699611117,0.5,1000.0,2.0811705571613266,0,966929.7781671544,0.01008992042186592,43522.67779373744,43590.5517490595
2026-06-15 17:14:50.827177,995.8643941568416,0.0009826348855521078,0.5,1000.0,2.033191844770789,0,1030282.6586294251,0.009931100510862061,40884.086687013965,40723.768763426844
2026-06-15 17:19:50.827177,999.9006151839471,0.0010726637738021272,0.5,1000.0,2.2935406206388467,0,1068980.203087011,0.009839976454327718,51756.36504658235,51970.307472168184
2026-06-15 17:24:50.827177,1001.4212267451638,0.0009960884670470742,0.5,1000.0,1.8972076234989261,0,953682.3528069138,0.010124778670254745,36494.889511043715,36670.4697335854
2026-06-15 17:29:50.827177,997.7911015629251,0.0009079051113521071,0.5,1000.0,1.8289396645563485,0,1005005.754330458,0.009992964342277845,33352.83243208215,33275.51095526557
2026-06-15 17:34:50.827177,997.6623565536199,0.001044603379986586,0.5,1000.0,1.124120842465749,1,536803.2835389739,0.011689143330153851,14736.429480674633,51750.37024776595
2026-06-15 17:39:50.827177,998.1401043262264,0.0009705053841122197,0.5,1000.0,1.8432011734439733,0,947842.7640247162,0.010140337272591404,34386.61150159072,34472.31871286497
2026-06-15 17:44:50.827177,1000.3237566052164,0.001034934440675852,0.5,1000.0,1.8507537729994008,0,894430.0691882636,0.01028844824089412,35252.323500386534,35208.380987807905
2026-06-15 17:49:50.827177,996.1452937316188,0.0010012605433770041,0.5,1000.0,1.8998685345802033,0,945081.233825399,0.010147736693575802,36487.068964634,36426.383664050874
2026-06-15 17:54:50.827177,998.4767379654696,0.0009228440886028565,0.5,1000.0,1.9077811094568373,0,1032067.6495888382,0.00992680369139951,36074.84495111793,36021.72249261006
2026-06-15 17:59:50.827177,999.9503952595649,0.0010082147382685285,0.5,1000.0,1.904538189804994,0,944463.3387095009,0.01014939602193633,36812.7300562907,37095.36694398763
2026-06-15 18:04:50.827177,999.0021883398797,0.0011098111571076399,0.5,1000.0,2.051821895044541,0,923478.9856389816,0.010206567698443242,42926.49999759749,43062.511940488635
2026-06-15 18:09:50.827177,998.3791632331975,0.001024649322925723,0.5,1000.0,1.9493810938914664,0,949701.2401203038,0.0101353727060873,38452.86749986783,38432.59021047958
2026-06-15 18:14:50.827177,1000.0020921851343,0.0009971241123497268,0.5,1000.0,1.982048542512752,0,993884.6452396649,0.010020801965531062,39366.96747483956,39355.325234836586
2026-06-15 18:19:50.827177,992.5935354140015,0.0010537671700978448,0.5,1000.0,2.0894232774500936,0,984063.6986953805,0.010045710814674055,43531.63426828944,43616.37908935757
2026-06-15 18:24:50.827177,999.3557506390619,0.0010105334232601555,0.5,1000.0,1.9233677475218574,0,951046.5338585972,0.010131786579731968,37456.81166444389,37537.17608929216
2026-06-15 18:29:50.827177,996.6918486337452,0.0010104767115131398,0.5,1000.0,1.9735454101295278,0,973311.2108240129,0.010073341175817914,39104.676480588554,39008.988862850325
2026-06-15 18:34:50.827177,994.3387342062871,0.0009454187413920449,0.5,1000.0,2.0365759986092917,0,1070978.5579194082,0.009835383099390875,40562.70237052564,40592.45623404767
2026-06-15 18:39:50.827177,999.02240519905,0.00101169240128948,0.5,1000.0,1.805843219937978,0,891613.8120121291,0.010296562925403251,33544.98423829421,33489.72988545987
2026-06-15 18:44:50.827177,1000.747317090326,0.0010517721708208473,0.5,1000.0,1.7615094491049417,0,838026.4776568697,0.01045735953324866,32472.552567297433,32487.77254542904
2026-06-15 18:49:50.827177,997.7251029707446,0.0009581968923949987,0.5,1000.0,2.0346117328797724,0,1059272.4818899399,0.009862444045943254,40734.13897361479,40729.337660300705
2026-06-15 18:54:50.827177,999.9057490944059,0.0010712247910623473,0.5,1000.0,2.0492014280566897,0,956385.7679835449,0.010117616146701114,42482.15740747648,42583.92185470086
2026-06-15 18:59:50.827177,1001.2245565159773,0.0009954146987927437,0.5,1000.0,2.2064220134852413,0,1109650.0305943415,0.009748548741818705,47516.95736647082,47490.12967433838
2026-06-15 19:04:50.827177,1000.6298289071681,0.000955611524423073,0.5,1000.0,2.015809487586681,0,1055386.5515022273,0.00987150991082524,40138.025157478914,40149.856905935005
2026-06-15 19:09:50.827177,1001.2799290587428,0.0010498816038460122,0.5,1000.0,2.0819739717258097,0,992797.0654382117,0.010023545211850775,43503.82626621567,43316.01708282737
2026-06-15 19:14:50.827177,999.4842549821437,0.0009856602882130866,0.5,1000.0,1.9804527356414026,0,1004114.3742325394,0.009995181362071464,39182.81198516297,39215.17727807829
2026-06-15 19:19:50.827177,998.1508672778032,0.0010379757443743055,0.5,1000.0,2.0297227221585086,0,975923.332715852,0.010066593912508604,41395.40777142106,41317.55559871097
2026-06-15 19:24:50.827177,994.7960683762057,0.000985412068387073,0.5,1000.0,2.1667256841749536,0,1093679.619428164,0.009783943701564149,45693.65182092177,45541.93831793751
2026-06-15 19:29:50.827177,997.5078750237401,0.000997008692823505,0.5,1000.0,1.7876007181874365,0,894247.8669570247,0.010288972266469933,32796.64134479739,32909.552767555964
2026-06-15 19:34:50.827177,996.3135068093676,0.0010246780102167146,0.5,1000.0,2.041361625757168,0,992426.9574176033,0.010024479607009454,41619.585213697756,41615.40827695116
2026-06-15 19:39:50.827177,1002.3418854349957,0.0010145448528795003,0.5,1000.0,2.2135586730077366,0,1093466.9706944372,0.009784419342709278,48054.38375613678,47846.66784416319
2026-06-15 19:44:50.827177,997.6482283751353,0.000900223410977413,0.5,1000.0,2.028203421920934,0,1123850.7719249793,0.00971760658495872,39880.42433704154,39802.06198083577
2026-06-15 19:49:50.827177,998.246409613569,0.0009439378129952804,0.5,1000.0,2.165057296323285,0,1144810.9414137786,0.009672818347854457,45261.566096987735,45262.066272131255
2026-06-15 19:54:50.827177,999.102970752081,0.0010464704992395408,0.5,1000.0,1.9370787850470557,0,924699.344189701,0.010203198538154885,38250.855887834485,38254.33080181727
2026-06-15 19:59:50.827177,998.0872048927449,0.0009933931705549226,0.5,1000.0,1.9967952505836286,0,1003115.3069457985,0.00999766914469092,39786.370138692284,39736.4295697912
2026-06-15 20:04:50.827177,1001.3901020808615,0.0009738134348614289,0.5,1000.0,2.0033524702388585,0,1030041.9273646111,0.009931680709790289,39915.42661062822,39578.89701864496
2026-06-15 20:09:50.827177,996.7547012765311,0.0009320712992371263,0.5,1000.0,1.7782408920641228,0,950823.1669711334,0.010132381565837385,31936.03641291984,31880.84519727049
2026-06-15 20:14:50.827177,998.3892149104745,0.0009460131839362076,0.5,1000.0,1.2560620339303583,1,662801.961552339,0.011088952638056053,17466.769409860695,59173.88748811387
2026-06-15 20:19:50.827177,996.5150588286039,0.0008989100680019027,0.5,1000.0,1.3022101631417067,1,721803.038770513,0.01085504925218134,18343.31504945277,41890.95335940653
2026-06-15 20:24:50.827177,995.3599549775586,0.0009949359640649233,0.5,1000.0,2.082206607803253,0,1041546.9689774825,0.009904139755599017,42740.98878340809,42680.239687065725
2026-06-15 20:29:50.827177,996.7764618181894,0.0009700781209709476,0.5,1000.0,2.0872153105684057,0,1072329.6646659637,0.009832283554476507,42695.94912112999,42884.28253209689
2026-06-15 20:34:50.827177,997.9259264059032,0.0009516706054507343,0.5,1000.0,2.0324036442706532,0,1065593.640238014,0.00984778526064485,40593.528747581186,40431.82763910637
2026-06-15 20:39:50.827177,997.1413955509655,0.0009965938287416023,0.5,1000.0,2.0824102896855705,0,1041777.2228173942,0.0099035924564272,42823.494955935676,42742.49180407272
2026-06-15 20:44:50.827177,996.6151580402523,0.0010181985315426368,0.5,1000.0,1.9835850587278225,0,970768.8999488263,0.010079929884184892,39526.344920204865,39615.49453257647
2026-06-15 20:49:50.827177,995.1873650726563,0.0011046598966104972,0.5,1000.0,2.120193166953954,0,955040.3059530719,0.010121177693396806,45277.950906990336,45351.35642749066
2026-06-15 20:54:50.827177,997.8337888547426,0.0009244058290218393,0.5,1000.0,2.000878844263207,0,1079906.9280659445,0.009814990712536416,39209.35369690283,39208.39178905329
2026-06-15 20:59:50.827177,994.990559251938,0.0010579690521650262,0.5,1000.0,2.0057864047426754,0,943193.2496091321,0.010152811051943043,40641.958736682674,40530.04615547464
2026-06-15 21:04:50.827177,999.5201119273792,0.0010486550780507537,0.5,1000.0,1.973440736673759,0,940487.3667653849,0.010160105867258832,39549.22233056624,39437.042528206475
2026-06-15 21:09:50.827177,998.164879505869,0.000961045363031165,0.5,1000.0,2.068445047763643,0,1074168.4426599513,0.009828073087284188,41971.90078949667,41899.33241937085
2026-06-15 21:14:50.827177,995.0848970010701,0.0010101617977293015,0.5,1000.0,1.9578801183387087,0,964329.1501801583,0.010096716243137276,38513.4548161888,38405.620680006796
2026-06-15 21:19:50.827177,997.3815818459003,0.0009771183375331192,0.5,1000.0,2.097643137719807,0,1070571.7774825126,0.00983631724308315,43167.51837921972,43180.58869427881
2026-06-15 21:24:50.827177,996.4956871888188,0.0010092844290209369,0.5,1000.0,1.8867850859283992,0,931438.7236726269,0.010184692062255465,36130.01944762426,36120.79271244752
2026-06-15 21:29:50.827177,998.6383490208384,0.0010754565506702275,0.5,1000.0,1.8901083745271805,0,877550.4251808068,0.01033756979105016,36880.780791619996,36764.64460852971
2026-06-15 21:34:50.827177,1000.6809008920463,0.0010302803116315658,0.5,1000.0,2.0687426755126506,0,1004654.393990846,0.00999383794393034,42799.713380033434,42764.22509330005
2026-06-15 21:39:50.827177,994.2496550607085,0.001025430418661672,0.5,1000.0,1.9911455785416987,0,965299.921190418,0.010094176799743936,39789.857482505926,39524.91383437511
2026-06-15 21:44:50.827177,998.2300521582948,0.000978484534002268,0.5,1000.0,1.954610858384687,0,997027.1533745024,0.010012896528742144,38186.59918307726,38220.52123100977
2026-06-15 21:49:50.827177,997.6797344088667,0.0009257971667537832,0.5,1000.0,2.0890057732475458,0,1125602.237658654,0.009713824166364073,42292.23813347155,42363.9106939596
2026-06-15 21:54:50.827177,999.3426801529009,0.0009895765894729796,0.5,1000.0,1.9392738585913916,0,979206.2362890489,0.010058145925277807,37801.641086583775,37710.460075203075
2026-06-15 21:59:50.827177,998.4263932564754,0.0010603304077431957,0.5,1000.0,1.979979874569963,0,932192.5271835073,0.010182632512981708,39856.36389338399,39777.72629569745
2026-06-15 22:04:50.827177,996.4960613365224,0.0009236416071705176,0.5,1000.0,2.139922795007116,0,1154357.1771963045,0.009652758102821042,44047.69829910987,44073.487172905996
2026-06-15 22:09:50.827177,997.3618921286668,0.0009472455315911653,0.5,1000.0,2.153914234581065,0,1133936.1891082665,0.009695926638419809,44864.09422167873,44874.72083559569
2026-06-15 22:14:50.827177,996.407948286393,0.0010063133868117033,0.5,1000.0,2.1572398210270327,0,1068002.7376170908,0.009842227136267328,45638.08610962532,45715.39794523349
2026-06-15 22:19:50.827177,1000.1520142771972,0.0009507672607576369,0.5,1000.0,1.971787422306609,0,1037103.002776359,0.009914732511172877,38553.80086374399,38476.13289673763
2026-06-15 22:24:50.827177,998.0426232973439,0.0009603738276442394,0.5,1000.0,2.123070290498447,0,1103171.796846724,0.00976282910585585,43919.10914400589,43853.05341027866
2026-06-15 22:29:50.827177,1001.802381371506,0.0009788200709135912,0.5,1000.0,1.9051047172231321,0,974917.9135113517,0.010069188293759176,36611.22215295421,36589.15230460858
2026-06-15 22:34:50.827177,997.8786783723708,0.0009317191297904925,0.5,1000.0,1.9093097125277938,0,1022443.0258125027,0.00995008281922467,36195.71853134308,36089.106318888546
2026-06-15 22:39:50.827177,996.5831864661791,0.0009512939076891816,0.5,1000.0,1.7649544147375638,0,924490.2550040343,0.010203775395928245,31676.809444818482,31652.561539403094
2026-06-15 22:44:50.827177,994.9725712147743,0.0010351713958393655,0.5,1000.0,2.167286820189853,0,1041562.2710940964,0.009904103378720582,46287.00208192317,46182.02476609711
2026-06-15 22:49:50.827177,994.3937206474881,0.0009346315108884518,0.5,1000.0,1.9136020150923923,0,1017980.7793006041,0.009960968811788576,36271.30595869096,36313.06298044769
2026-06-15 22:54:50.827177,994.831728113989,0.0009201063932752581,0.5,1000.0,1.987346742025294,0,1074373.3595269504,0.009827604422925238,38613.98194848869,38520.45135297065
2026-06-15 22:59:50.827177,998.534253302023,0.0009684987510233053,0.5,1000.0,1.9089675658071716,0,984084.646927529,0.010045657353428931,36554.29625672177,36579.58553133777
2026-06-15 23:04:50.827177,999.0174500464599,0.0010365977751254922,0.5,1000.0,2.069516524833014,0,997244.6261605163,0.01001235059684561,42839.749228110806,42985.41085189561
2026-06-15 23:09:50.827177,994.8376185959357,0.0009901539096001555,0.5,1000.0,1.962436633928266,0,985859.7580708445,0.010041132315421303,38470.35325031112,38513.175667981806
2026-06-15 23:14:50.827177,999.7900766281522,0.000976770946094219,0.5,1000.0,1.869518310956705,0,956788.2126526941,0.010116552059832327,35350.92556091789,35368.51416649397
2026-06-15 23:19:50.827177,997.0338778966332,0.0010022179398757804,0.5,1000.0,2.044166256418606,0,1016796.3117658312,0.009963868432274516,41511.68188473345,41375.31788391019
2026-06-15 23:24:50.827177,998.2935860239711,0.0009127146283570175,0.5,1000.0,1.856626997518977,0,1015355.0549521482,0.009967402382162864,34299.64257494173,34438.54602822354
2026-06-15 23:29:50.827177,1001.2244412565109,0.0010247352826887517,0.5,1000.0,1.9162594274684508,0,936147.025959469,0.010171861995362165,37397.3226320253,37508.895454227204
2026-06-15 23:34:50.827177,999.793678631731,0.0010191717515701823,0.5,1000.0,1.789311088537392,0,877644.96644909,0.01033729138506638,33089.3968813343,33073.76235463213
2026-06-15 23:39:50.827177,997.4629387041883,0.000979534576295214,0.5,1000.0,1.8576041887802393,0,945801.9032354808,0.010145803082011478,34921.23228782768,34882.82058723847
2026-06-15 23:44:50.827177,996.2176155491694,0.001050296225589821,0.5,1000.0,2.0178529169720476,0,956977.9327474675,0.010116050623003236,41034.03501878398,40952.63700331547
2026-06-15 23:49:50.827177,993.6963691973414,0.0009436251950523481,0.5,1000.0,1.8035463961897076,0,949623.597891131,0.010135579869432237,32760.984275714225,32939.92197008581
2026-06-15 23:54:50.827177,996.5616933615152,0.0010563954496626785,0.5,1000.0,1.8518854275378285,0,873497.7409112804,0.010349539545017002,35371.497461712854,35449.89391910448
2026-06-15 23:59:50.827177,997.5777395223446,0.0010077246832797626,0.5,1000.0,1.9997631083867191,0,989813.5841785147,0.010031089894207028,40017.68638760628,39941.84560847027
2026-06-16 00:04:50.827177,996.0256409456977,0.0009831723705060913,0.5,1000.0,1.9456393103906948,0,985537.5818705589,0.01004195283647852,37862.85520929264,37972.782174339845
2026-06-16 00:09:50.827177,997.7374860658153,0.0009990063182315845,0.5,1000.0,2.199203663595931,0,1098205.2338503231,0.009773848378390012,47164.23423900435,47298.149106520104
2026-06-16 00:14:50.827177,998.1537037659175,0.000994636761709453,0.5,1000.0,1.4146377104689527,1,709819.868192241,0.010900575743876262,21773.95503232122,51677.73351594508
2026-06-16 00:19:50.827177,997.5502880363838,0.0010610141448208858,0.5,1000.0,1.9132077537248846,0,899385.2509496405,0.010274247763003381,37515.35819527991,37480.92345991286
2026-06-16 00:24:50.827177,996.6999948383531,0.0009461660436264494,0.5,1000.0,2.055713761840348,0,1082753.8726513067,0.00980853256690605,41313.670447970726,41214.36210268701
2026-06-16 00:29:50.827177,998.3373093439335,0.0009618740380426701,0.5,1000.0,2.074928255687945,0,1076792.911512864,0.009822079112044397,42216.95437196444,42287.697225386735
2026-06-16 00:34:50.827177,998.8838812991388,0.001051815144603624,0.5,1000.0,1.9402521141975597,0,921305.693529867,0.010212581516154663,38403.152052844176,38360.444478986516
2026-06-16 00:39:50.827177,995.8192018451143,0.0009702232532408071,0.5,1000.0,1.8504458463501796,0,949631.6953932492,0.010135558262860367,34560.57270397077,34513.730309322054
2026-06-16 00:44:50.827177,1000.8218647594925,0.0010450266538665797,0.5,1000.0,1.9987701550691943,0,957110.9341663582,0.010115699169698266,40446.263074402035,40445.11017343784
2026-06-16 00:49:50.827177,997.8028237354315,0.0010849717991504356,0.5,1000.0,0.8453503521087001,1,388716.54039316124,0.01267150559332545,9035.380034914166,22026.756140690013
2026-06-16 00:54:50.827177,998.0376992458897,0.0009799102486529184,0.5,1000.0,1.9564235503029381,0,996307.8055255751,0.010014703401622572,38256.99039647561,38409.83272660592
2026-06-16 00:59:50.827177,999.4164288465131,0.0010340681163287654,0.5,1000.0,2.0442316868164485,0,987864.6773417329,0.010036033692066026,41914.93785255062,42011.729031560426
2026-06-16 01:04:50.827177,998.466432262527,0.0009423153859330071,0.5,1000.0,1.9249270392994402,0,1019815.1606067598,0.009956486491428277,36835.63184292946,36843.287577323805
2026-06-16 01:09:50.827177,999.9062732678265,0.0010377366649033904,0.5,1000.0,0.9061422530285169,1,436554.54891372024,0.01230911545813994,10105.99088321834,31441.76976955796
2026-06-16 01:14:50.827177,998.5742483304036,0.0010099711992993384,0.5,1000.0,2.010908297034983,0,994108.1698993728,0.010020238625115316,40461.59122755104,40381.865396815054
2026-06-16 01:19:50.827177,996.7751252507192,0.0010236519141080108,0.5,1000.0,2.0385970092568875,0,992536.0179726905,0.010024204221446061,41525.02120511424,41440.88533544701
2026-06-16 01:24:50.827177,998.7230070504122,0.0009677213963982303,0.5,1000.0,1.8823355056099946,0,971318.6994921805,0.01007850318520681,35664.41957353406,35541.34985094827
2026-06-16 01:29:50.827177,995.7125475853587,0.0009169458292216414,0.5,1000.0,2.092809061099108,0,1136291.9026555803,0.009690897427960171,42262.695310692136,42294.96390606609
2026-06-16 01:34:50.827177,998.2171194115531,0.0010251626032374752,0.5,1000.0,1.8229518862223921,0,887518.611654451,0.010308420063227021,34195.38784894619,34131.144072918025
2026-06-16 01:39:50.827177,997.933540018711,0.0008968298423760273,0.5,1000.0,1.9421886541284357,0,1080570.1970530092,0.009813484221340664,36940.91711559903,36870.96199928042
2026-06-16 01:44:50.827177,997.5837662854549,0.0009841324753878734,0.5,1000.0,1.974199146380239,0,1000591.418887647,0.010003967710841114,38895.87753696932,38814.48384669948
2026-06-16 01:49:50.827177,997.7429249771221,0.0010470590933209984,0.5,1000.0,1.9363776287348071,0,922587.4124383504,0.010209032669842546,38192.964002213266,38293.32186129604
2026-06-16 01:54:50.827177,994.2363019090047,0.001009594886793652,0.5,1000.0,1.9434939526448807,0,956964.1573744896,0.010116087027610738,37989.93586113034,37914.078411106064
2026-06-16 01:59:50.827177,996.9025501845181,0.0010974171322394907,0.5,1000.0,2.1871074482308113,0,993392.9991686302,0.010022041599246459,47791.333345611536,47918.2377941117
2026-06-16 02:04:50.827177,998.1856898022822,0.0010512554576290888,0.5,1000.0,1.91491159109611,0,909121.2481215309,0.010246629254279483,37505.055989782595,37476.28661090911
2026-06-16 02:09:50.827177,998.3197127839948,0.0009673050805837212,0.5,1000.0,0.9646298119496681,1,497779.33360349084,0.011911796334696224,11065.429243536495,26568.158886645564
2026-06-16 02:14:50.827177,995.9446497181481,0.001001365668992572,0.5,1000.0,1.312984179003743,1,652938.0868224339,0.01113059739680739,19110.526985370525,46602.5050435895
2026-06-16 02:19:50.827177,1000.5314156817294,0.0009976314648727782,0.5,1000.0,2.009205513731199,0,1007522.9720753499,0.009986716824925777,40336.869284045344,40425.5969030411
2026-06-16 02:24:50.827177,996.267650303571,0.0009208911618326937,0.5,1000.0,2.0476240353387665,0,1107612.751072689,0.009753028383849453,40739.52435605929,40653.72102572985
2026-06-16 02:29:50.827177,999.9389144010535,0.0009529800541757823,0.5,1000.0,2.252992774925195,0,1182005.4048563356,0.00959580931519647,48705.126680171976,48711.45073161835
2026-06-16 02:34:50.827177,998.8543887237433,0.000971961954651007,0.5,1000.0,1.9006406996068552,0,976613.9997068795,0.010064813652151911,36316.833108683924,36348.67939249889
2026-06-16 02:39:50.827177,996.7075453803124,0.0008981889748572032,0.5,1000.0,1.887958208106361,0,1047520.2012368662,0.009889990469141926,35135.68073006029,35145.2441152826
2026-06-16 02:44:50.827177,1001.550621785219,0.001002374673412582,0.5,1000.0,1.9245133803428078,0,961465.619514384,0.010104225617626927,37481.57308654195,37435.75865916553
2026-06-16 02:49:50.827177,995.6127263364871,0.000987546407767348,0.5,1000.0,2.0032143146964563,0,1009788.3246824967,0.009981111072743989,39877.15420900779,39965.316245449496
2026-06-16 02:54:50.827177,999.83830834722,0.0009163553049344213,0.5,1000.0,0.8025734826813711,1,437845.2926105478,0.012300033764512918,7921.468305873667,22398.357468021997
2026-06-16 02:59:50.827177,1000.001164636086,0.0010202106432638666,0.5,1000.0,2.0022339239318607,0,981285.712429038,0.010052813045173149,40301.178163141274,40240.610175780224
2026-06-16 03:04:50.827177,996.6587595818468,0.001035793637234548,0.5,1000.0,2.169354713341367,0,1043695.5296734682,0.009899038628886398,46430.20985412049,46253.70156348818
2026-06-16 03:09:50.827177,1000.7849306001286,0.0010113517239432445,0.5,1000.0,2.0151407390624776,0,997043.0844913993,0.010012856531077205,40692.04506338098,40516.469273869814
2026-06-16 03:14:50.827177,997.499906970802,0.0009837965912395516,0.5,1000.0,1.9707314541024723,0,999090.8992959613,0.01000772179932599,38770.64127878435,38792.231665836975
2026-06-16 03:19:50.827177,998.5773872585597,0.0010295721075875928,0.5,1000.0,1.9381839551316373,0,939917.9793617087,0.010161644225581263,38118.491087273724,38110.78609606112
2026-06-16 03:24:50.827177,998.5206436775425,0.0010340110180238346,0.5,1000.0,2.0898511704551566,0,1009060.5900415304,0.00998291018092926,43535.63959678785,43624.38409869981
2026-06-16 03:29:50.827177,997.7313825170589,0.0010153701784859845,0.5,1000.0,1.9174167226761951,0,942053.8824715222,0.010155879490141264,37253.25224184792,37366.280676000904
2026-06-16 03:34:50.827177,999.6216165463196,0.000958769387478262,0.5,1000.0,2.184639592059925,0,1138862.4778320573,0.009685424358517875,46207.65116146051,46183.14080260393
2026-06-16 03:39:50.827177,999.5869774411044,0.001013830038275559,0.5,1000.0,2.193335974771436,0,1081261.1555994928,0.009811916067276076,47182.9116788742,47277.77666851522
2026-06-16 03:44:50.827177,994.5029360535236,0.001059774032541274,0.5,1000.0,2.0256750798661787,0,950457.2449216491,0.010133356656163878,41352.23325044268,41296.048639150904
2026-06-16 03:49:50.827177,1000.6086804857563,0.0009701685470694135,0.5,1000.0,1.9988484911923354,0,1030782.3095814129,0.009929896816830392,39698.0116857071,39683.02270070186
2026-06-16 03:54:50.827177,994.6750160239286,0.0011048969669566215,0.5,1000.0,2.103065980824156,0,946634.5056306839,0.010143571437296146,44624.96600742121,44607.117514721096
2026-06-16 03:59:50.827177,1000.0650924086833,0.0009737184533007308,0.5,1000.0,2.1094798502227325,0,1083278.8236661372,0.009807344060547294,43644.592457497325,43802.49871212069
2026-06-16 04:04:50.827177,1000.2534102736552,0.0010016203506670069,0.5,1000.0,1.9194008268940586,0,958390.6824099318,0.010112320579968498,37264.23628710069,37136.38767640607
2026-06-16 04:09:50.827177,995.8180671395696,0.0009663757201996832,0.5,1000.0,1.9473444866863299,0,1003336.8917765128,0.009997117107948322,37752.03366603572,37757.94743165019
2026-06-16 04:14:50.827177,997.1783714240909,0.001011163541796013,0.5,1000.0,1.8677652565316705,0,920966.3124338004,0.010213522234128207,35529.81727389382,35460.213766160836
2026-06-16 04:19:50.827177,995.7885906630281,0.0009128889153682362,0.5,1000.0,2.040906493833406,0,1113120.8666005142,0.009740940572114798,40403.059667064226,40373.158169814546
2026-06-16 04:24:50.827177,997.5701579394225,0.000972697910059164,0.5,1000.0,2.066662788345689,0,1059754.062827244,0.009861323414562091,42016.308258327525,41982.13000119524
2026-06-16 04:29:50.827177,997.3839314316285,0.0009453939399825717,0.5,1000.0,1.0574882875468854,1,557821.3383173669,0.011577444133532804,12912.97151587859,34055.89947791995
2026-06-16 04:34:50.827177,999.5593210645387,0.0010067669173946146,0.5,1000.0,1.9544801095183841,0,970243.8456957146,0.01008129331369531,38493.49408287752,38628.185833158466
2026-06-16 04:39:50.827177,1000.6206174922393,0.0010497223687754454,0.5,1000.0,1.8652746082418652,0,889012.3168799661,0.01030408731895909,35872.738693389016,36062.93873008975
2026-06-16 04:44:50.827177,1000.7913676215799,0.0010323003093557276,0.5,1000.0,1.9101200189756162,0,925908.6763739516,0.010199865297839712,37244.255689379876,37309.91283915519
2026-06-16 04:49:50.827177,996.8756639468434,0.0008814170319570554,0.5,1000.0,1.3574743606925799,1,767646.3612244816,0.010689223946195705,19635.883244265744,41779.51273678522
2026-06-16 04:54:50.827177,997.581556252511,0.001102103482646394,0.5,1000.0,1.2281374707067008,1,555831.3300933028,0.011587792750120798,17435.84879866622,48656.47464901764
2026-06-16 04:59:50.827177,994.6331236155581,0.0010147639970310434,0.5,1000.0,1.9699174043967702,0,965419.1057883346,0.01009386524435408,38959.776351404485,38985.83656446423
2026-06-16 05:04:50.827177,996.3882598670076,0.00096117504297535,0.5,1000.0,1.8372688272052684,0,952289.1293453523,0.010128479843109345,34065.77571819659,34025.083391963075
2026-06-16 05:09:50.827177,999.9297032661949,0.0010078563959495471,0.5,1000.0,2.0186990209724662,0,1001411.074602043,0.01000192001845422,40756.41648339344,40728.708985774814
2026-06-16 05:14:50.827177,1001.2311656470964,0.0010088094911251345,0.5,1000.0,1.995572668015535,0,990290.8161095211,0.010029881152874617,39991.274095238514,39984.15803984432
2026-06-16 05:19:50.827177,995.5313022562401,0.0009666575641524218,0.5,1000.0,1.9271040749966837,0,992333.0145597707,0.010024716849653437,37062.72730431587,37139.94852142633
2026-06-16 05:24:50.827177,996.8150714816942,0.0010098958333671039,0.5,1000.0,1.9810985702317525,0,977719.1110461773,0.010061968392922341,39364.95085617248,39417.96902571282
2026-06-16 05:29:50.827177,997.9471884860822,0.0009696263856189847,0.5,1000.0,2.0180294880503444,0,1038486.0002526825,0.009911429890045778,40280.874284107354,40219.85771705858
2026-06-16 05:34:50.827177,998.5603223176392,0.0009797819003654988,0.5,1000.0,1.9185131851090655,0,977641.6280901369,0.01006216775224334,36982.42927400512,37041.712691068424
2026-06-16 05:39:50.827177,996.3807929601567,0.0009656860432122458,0.5,1000.0,0.8820341624011765,1,455035.0004168349,0.012182187345218325,9443.248835461414,25224.15516825387
2026-06-16 05:44:50.827177,998.8481220889282,0.0009283664355130174,0.5,1000.0,2.1805574432686816,0,1173052.8075976619,0.009614065663363057,45660.59908857084,45509.30424513708
2026-06-16 05:49:50.827177,997.0523213058582,0.0010072918235107691,0.5,1000.0,1.9366727295289727,0,958492.8595253163,0.010112051071165223,37815.485263799565,37771.75230434549
2026-06-16 05:54:50.827177,997.9710954582434,0.0010292649718258169,0.5,1000.0,1.990323989681311,0,964904.9888366451,0.010095209519369082,39909.919798450406,39858.58427773076
2026-06-16 05:59:50.827177,999.0925684960074,0.0010257441798038186,0.5,1000.0,2.1010839735020315,0,1023246.0612710594,0.009948130057760027,43876.704716699154,43884.69638155333
2026-06-16 06:04:50.827177,998.0128445396218,0.0010409962626317618,0.5,1000.0,2.3529055187570487,0,1127876.2537394194,0.009708924224297092,53643.390456247325,53461.002939215185
2026-06-16 06:09:50.827177,997.1272282189468,0.0010162170105007435,0.5,1000.0,1.8755513550111134,0,920159.426913644,0.010215760551303379,35832.67254605551,35968.78127361802
2026-06-16 06:14:50.827177,997.7807803921484,0.0009733637250891548,0.5,1000.0,2.044982721372651,0,1048140.7941480301,0.009888526204692128,41261.59278765044,41266.27196388376
2026-06-16 06:19:50.827177,997.8232740815894,0.0010419831932215594,0.5,1000.0,1.9292447714705894,0,923741.0674647245,0.010205843675056689,37903.31592030411,37933.12926002503
2026-06-16 06:24:50.827177,997.2599779402358,0.0009321241230079032,0.5,1000.0,1.946120969542329,0,1041056.9296780005,0.00990530505239778,37412.42934814995,37430.660986173316
2026-06-16 06:29:50.827177,997.4824078746658,0.000954966430874376,0.5,1000.0,1.927978797899321,0,1006907.0867229792,0.009988243594972027,37033.8512367247,36982.197986528714
2026-06-16 06:34:50.827177,1001.1972943410094,0.0009517899964288377,0.5,1000.0,1.8874345032199416,0,992705.4943631985,0.010023776356703665,35751.5450802174,35821.41053077406
2026-06-16 06:39:50.827177,999.1218388958824,0.0010540028029569655,0.5,1000.0,1.995870863821534,0,945973.8446926612,0.010145342021937382,40378.4850873422,40379.008089276555
2026-06-16 06:44:50.827177,997.4090393639417,0.0010471394257070038,0.5,1000.0,0.9244052616832393,1,440251.86207459116,0.012283190134364855,10469.098643460851,24496.34375911955
2026-06-16 06:49:50.827177,999.3939088090215,0.0010243652618522497,0.5,1000.0,2.094680756651187,0,1021808.9518729763,0.00995162606774227,43638.16028170967,43627.34391819074
2026-06-16 06:54:50.827177,997.332361020488,0.0010535964932605899,0.5,1000.0,2.0055002936033373,0,949201.3098187076,0.01013670698034106,40661.393995602186,40633.63676474623
2026-06-16 06:59:50.827177,1000.3462492751732,0.0009560358608794006,0.5,1000.0,2.042243497290144,0,1068448.7403755018,0.009841199864767433,41059.47990236034,41129.15407104918
2026-06-16 07:04:50.827177,998.7392843843962,0.001017429755993049,0.5,1000.0,1.9533811388053777,0,958748.4881431895,0.010111376966286242,38533.31870888167,38803.46001778064
2026-06-16 07:09:50.827177,997.7853957119916,0.0009937412785808418,0.5,1000.0,1.9632796065788252,0,985634.6724074294,0.010041705530190298,38619.70352745393,38657.47205529393
2026-06-16 07:14:50.827177,998.8954338516205,0.0010423441051942456,0.5,1000.0,2.0287563905167327,0,972095.2441645021,0.01007648981419206,41427.53565925,41639.51551402894
2026-06-16 07:19:50.827177,994.858247695863,0.00099423878837239,0.5,1000.0,1.8835949367594174,0,942384.2541996082,0.010154989286219144,35843.936807822945,35775.314164841795
2026-06-16 07:24:50.827177,995.7464650621804,0.000980752855579496,0.5,1000.0,1.9642009565586664,0,997114.6900252447,0.010012676763580745,38465.44897155548,38403.23658807255
2026-06-16 07:29:50.827177,995.6121499872019,0.0010270454259280494,0.5,1000.0,1.9140386486121546,0,927729.2347519043,0.010194857605315577,37185.42571909321,37160.78232788754
2026-06-16 07:34:50.827177,998.2858861895274,0.0010438084583595617,0.5,1000.0,1.9109431189408985,0,913801.5359387702,0.01023348374125495,37305.59362542366,37348.11283946067
2026-06-16 07:39:50.827177,1001.4650299989702,0.00096658274025766,0.5,1000.0,0.725735300996675,1,375962.91280258406,0.012777627505995731,6739.730162000084,20147.255487691757
2026-06-16 07:44:50.827177,1002.4626002923852,0.0009969462164323812,0.5,1000.0,2.133932658948,0,1072870.1543163678,0.009831044995521468,44877.56484910697,44716.380205763446
2026-06-16 07:49:50.827177,999.2761022028815,0.0009470779683179173,0.5,1000.0,1.931346124684623,0,1018896.0634926527,0.009958731049156039,37120.15064701808,37122.45616586607
2026-06-16 07:54:50.827177,999.001688949889,0.0008750969491253531,0.5,1000.0,2.116337605516355,0,1207994.6367154748,0.0095437756869728,42702.79915913141,42588.499762053754
2026-06-16 07:59:50.827177,994.3978845316946,0.0010100229815706865,0.5,1000.0,2.106879232139429,0,1037142.8619105067,0.009914637249863344,43763.92905811916,43875.51195810205
2026-06-16 08:04:50.827177,996.914652400532,0.0010304452678127317,0.5,1000.0,1.8714000293483506,0,905252.4030316602,0.010257559698984032,35812.55417941428,35876.94121045137
2026-06-16 08:09:50.827177,996.4244324961835,0.0010131033404543364,0.5,1000.0,1.8911588764327154,0,930012.1887686757,0.010188595363003303,36309.03558755296,36233.08311222698
2026-06-16 08:14:50.827177,996.7583048034978,0.0009025219141122816,0.5,1000.0,2.2560502959355686,0,1245807.3501406442,0.009470518409235773,48046.43516069049,48092.01436699583
2026-06-16 08:19:50.827177,997.6637123628304,0.0009824575284961762,0.5,1000.0,2.1750925941927144,0,1104379.0135013703,0.009760160030276062,46067.708914160045,46012.89305794891
2026-06-16 08:24:50.827177,997.0558188446057,0.0008890826119974459,0.5,1000.0,1.9968481486671896,0,1119676.0790905105,0.009726651929623053,38669.88915411802,38664.669940760214
2026-06-16 08:29:50.827177,994.0414003792484,0.0010684850553827094,0.5,1000.0,2.025737310641735,0,942299.9146906873,0.010155216506356604,41424.751673283936,41420.5845277767
2026-06-16 08:34:50.827177,999.495820512235,0.0009456972708940957,0.5,1000.0,1.936915359705281,0,1023551.0169554977,0.0099473889911766,37300.21799186174,37266.65493941326
2026-06-16 08:39:50.827177,995.8545139485204,0.0010627701804729948,0.5,1000.0,2.043235271420034,0,957293.0749698312,0.010115217965692364,42054.056687151344,42137.12467490484
2026-06-16 08:44:50.827177,998.4784937282222,0.0010472934821842074,0.5,1000.0,1.9282818099277528,0,919201.708887149,0.010218420467400792,37937.0444092292,37825.12803891026
2026-06-16 08:49:50.827177,1002.1481653395,0.0009549704823731969,0.5,1000.0,1.7967646235701615,0,942764.412248127,0.010153965413033246,32851.105721617445,32904.803333687436
2026-06-16 08:54:50.827177,996.1612308168271,0.0009433607524366128,0.5,1000.0,1.867844421348895,0,986194.4080985517,0.010040280380736783,34894.49164808067,34924.94455995961
2026-06-16 08:59:50.827177,992.9394249545073,0.001017518510819317,0.5,1000.0,2.0021092747850586,0,976873.2513772275,0.010064145812319665,40056.705748865985,39916.24830169967
2026-06-16 09:04:50.827177,997.4279915562398,0.0009577837981408464,0.5,1000.0,1.8868932764497413,0,982497.3938082192,0.010049712160675395,35688.62771652561,35609.18560484039
2026-06-16 09:09:50.827177,1000.2019192699971,0.0010051242321079104,0.5,1000.0,1.9932722535086465,0,991755.3820217415,0.010026176216153704,39843.3879113654,39733.999988501135
2026-06-16 09:14:50.827177,1001.9166949084412,0.000975858620459654,0.5,1000.0,1.8925338960567137,0,971534.8444871032,0.010077942577473744,36165.19624347053,36128.55357540722
2026-06-16 09:19:50.827177,995.5409008110952,0.0009109420792767183,0.5,1000.0,1.9217646077498007,0,1050119.0538179888,0.00988386580281313,36340.11767683733,36344.96032255884
2026-06-16 09:24:50.827177,998.9933984464731,0.0008884765990437771,0.5,1000.0,2.085316530641319,0,1172353.5825389451,0.009615498868480395,41771.34038058083,41678.501735170124
2026-06-16 09:29:50.827177,997.0693790864399,0.00101133421242473,0.5,1000.0,2.0247480547640104,0,998094.5274904768,0.010010218476972815,40917.67192776146,41014.584788343855
2026-06-16 09:34:50.827177,997.7881032913917,0.0009719221126834687,0.5,1000.0,1.9990335578686653,0,1026117.1528521517,0.009941163989065764,39638.36467411182,39744.14293100931
2026-06-16 09:39:50.827177,1003.288686694034,0.0009723455091542934,0.5,1000.0,2.087896397307065,0,1077170.005253251,0.009821219375217759,42954.55426989698,43077.9962325901
2026-06-16 09:44:50.827177,994.9940593432096,0.0010347931919546893,0.5,1000.0,2.048060859334735,0,984645.2431533972,0.01004422720374169,41920.14068098976,41648.33616200173
2026-06-16 09:49:50.827177,998.5074793229892,0.0010586721138316222,0.5,1000.0,2.144656329125137,0,1011387.4528433202,0.009977163389750182,45821.9770776205,46016.79390102307
2026-06-16 09:54:50.827177,998.9353863435309,0.0009863727639319096,0.5,1000.0,1.954014073768486,0,989450.3756976015,0.010032010323262576,38263.15200492549,38279.757441979054
2026-06-16 09:59:50.827177,1000.1715726498787,0.000982970064654507,0.5,1000.0,1.9570365021472491,0,995641.8544514916,0.01001637760562554,38369.226784400686,38373.95673573138
2026-06-16 10:04:50.827177,998.1959663069418,0.0010250071516556942,0.5,1000.0,1.8698890733608655,0,910489.1255906157,0.010242778566699926,35749.11395595996,35738.92657360658
2026-06-16 10:09:50.827177,998.6161010790082,0.0009321532215150213,0.5,1000.0,1.957101928262758,0,1048322.0204074947,0.009888098812925355,37821.45667463307,37689.33180457143
2026-06-16 10:14:50.827177,997.2167028651564,0.001011157652737385,0.5,1000.0,2.0964769894302444,0,1033786.3068991051,0.009922675318786673,43490.91302715195,43526.88883652217
2026-06-16 10:19:50.827177,998.5382538824903,0.0010275942985911077,0.5,1000.0,2.1299987372262135,0,1034885.6658497704,0.009920039054088363,44940.38422356666,45101.57865821029
2026-06-16 10:24:50.827177,997.3136154490052,0.0010340115104208814,0.5,1000.0,2.096030516808667,0,1010820.3592235774,0.009978562450347695,43721.48764330112,43736.890025023065
2026-06-16 10:29:50.827177,999.2431437797121,0.0009031623648748767,0.5,1000.0,1.8205808133450563,0,1007129.4853411934,0.009987692137691778,33079.29515763033,32967.785490311195
2026-06-16 10:34:50.827177,997.2607793279127,0.000961932236509553,0.5,1000.0,2.1083145212660734,0,1092872.9190818002,0.009785748698017521,43378.40687981846,43225.87620965897
2026-06-16 10:39:50.827177,998.7542007878044,0.0009560868373588267,0.5,1000.0,1.8161481376727928,0,948598.7626210173,0.01013831629881225,33398.50251007499,33369.10013625088
2026-06-16 10:44:50.827177,997.9414743726301,0.0010049943477204607,0.5,1000.0,2.089811732412235,0,1037572.9008501703,0.009913609769546384,43206.71199486995,43132.30931261896
2026-06-16 10:49:50.827177,1000.2521005015443,0.0010240372289883992,0.5,1000.0,1.2569231945042834,1,613864.4327970343,0.011303641026788819,17862.626200549075,47917.26185644806
2026-06-16 10:54:50.827177,997.897212552823,0.0010748355203722992,0.5,1000.0,2.0702533313933857,0,961030.7761135739,0.01010536840374004,43220.01813003909,43357.06000410242
2026-06-16 10:59:50.827177,994.4539350635862,0.0009752517259815963,0.5,1000.0,1.8667551652105434,0,951755.3111610342,0.010129899753728182,35104.64144196335,35151.606590587544
2026-06-16 11:04:50.827177,1000.523843001428,0.0009751213750845393,0.5,1000.0,2.1171167632706145,0,1086134.4311556176,0.00980089145701579,43952.40499420059,43943.895778165235
2026-06-16 11:09:50.827177,996.1885353982748,0.0010574836009439373,0.5,1000.0,1.8535025253895112,0,873033.8534217469,0.010350914080941175,35424.7347634743,35411.481600932224
2026-06-16 11:14:50.827177,996.6924673227023,0.0010148288469265152,0.5,1000.0,1.9331545089146822,0,949303.196810733,0.010136434980795106,37755.441096722294,37762.54945505194
2026-06-16 11:19:50.827177,996.808677411913,0.0010633825755593986,0.5,1000.0,1.9001905372230965,0,890613.8109530199,0.010299452011863311,37069.79893266804,36953.8048694256
2026-06-16 11:24:50.827177,1000.7488761863416,0.0010144364001504918,0.5,1000.0,1.8245715147177501,0,899976.5251939507,0.010272559831384464,34223.590539099445,34283.817065310235
2026-06-16 11:29:50.827177,993.7286515720426,0.0009421441690643364,0.5,1000.0,2.0094527567588467,0,1059737.3756262844,0.009861362234773031,39569.47826447905,39461.396545422365
2026-06-16 11:34:50.827177,1004.27549706732,0.0009333435822611097,0.5,1000.0,2.180608911783696,0,1173165.0275484242,0.009613835745011217,45909.77134334622,46021.388225265306
2026-06-16 11:39:50.827177,1000.1121136181321,0.0009224243875470535,0.5,1000.0,2.266690522232001,0,1228797.0047799693,0.009503124933913731,48831.44588430353,48795.121171856335
2026-06-16 11:44:50.827177,998.4464778282584,0.0010331025917379236,0.5,1000.0,2.009715578708625,0,971149.1661358823,0.010078943007092153,40645.17303658938,40728.25394666961
2026-06-16 11:49:50.827177,997.8902119987674,0.0010594298411543504,0.5,1000.0,2.111668127506752,0,994503.3043116581,0.010019243170615753,44582.971357425864,44435.64442584756
2026-06-16 11:54:50.827177,998.5711081497153,0.001092468107069319,0.5,1000.0,2.023209463792854,0,924657.8930795408,0.010203312884985242,41706.3224371313,41788.69839860888
2026-06-16 11:59:50.827177,999.0422448567587,0.001042155266616162,0.5,1000.0,2.049888319476821,0,982543.1459197561,0.010049595167446471,42188.37733428825,42324.63007125394
2026-06-16 12:04:50.827177,999.2904311719001,0.0010581419288767492,0.5,1000.0,1.9657851348872761,0,928226.2716486813,0.010193492572251096,39362.87697554378,39234.71922963874
2026-06-16 12:09:50.827177,999.1112089320069,0.0009709991833673157,0.5,1000.0,2.0195076925422604,0,1038987.8831546411,0.009910232744581568,40382.08224949247,40370.7318885469
2026-06-16 12:14:50.827177,998.1791613625105,0.0009421792091628072,0.5,1000.0,2.0537478704606427,0,1087907.8560903629,0.009796894845458884,41246.88899017324,41280.37760408536
2026-06-16 12:19:50.827177,997.6053231593853,0.0010425039666208777,0.5,1000.0,1.942154027112367,0,929254.5917704583,0.010190671352346534,38346.77922565665,38385.16601166792
2026-06-16 12:24:50.827177,997.697453432693,0.00102088403761197,0.5,1000.0,1.9922505700107012,0,973501.0280643661,0.010072850104521022,39887.71466089687,39853.75935247517
2026-06-16 12:29:50.827177,997.6101834392946,0.0010053722187170447,0.5,1000.0,1.9941569881002512,0,989380.4909609023,0.010032187470941553,39799.2788047908,39747.69527293239
2026-06-16 12:34:50.827177,1000.2675401937341,0.0010193685740316496,0.5,1000.0,2.0826403317330526,0,1021807.8008289686,0.009951628870313043,43175.65115555964,43200.977450151404
2026-06-16 12:39:50.827177,999.1871134445618,0.0010161592741229103,0.5,1000.0,1.893396782837232,0,930886.3847556256,0.01018620249108638,36487.35643806453,36522.61183082289
2026-06-16 12:44:50.827177,992.1192227306715,0.001064190842992678,0.5,1000.0,1.9948457791392349,0,929873.0847474486,0.010188976381421189,40226.576395460324,40163.83590414208
2026-06-16 12:49:50.827177,999.3118015530595,0.0010647492792408477,0.5,1000.0,2.1912005469052698,0,1028266.7519874615,0.00993596439218188,47673.30908036564,47590.80488447663
2026-06-16 12:54:50.827177,998.3894723894375,0.0010272110176170173,0.5,1000.0,2.116406015258594,0,1028511.8873810911,0.009935372305134733,44430.59336915693,44551.73094133656
2026-06-16 12:59:50.827177,997.9625824871082,0.0010422901436281465,0.5,1000.0,2.1349179048888707,0,1022060.9869457702,0.00995101250583084,45263.05773734782,45273.824612918324
2026-06-16 13:04:50.827177,997.2229630938223,0.0010257031276212389,0.5,1000.0,2.0024431840178036,0,973421.1935301081,0.01007305662780482,40278.56142042086,40051.39096862092
2026-06-16 13:09:50.827177,1000.248225439972,0.000976941513398269,0.5,1000.0,2.0320997563686025,0,1040289.5912132581,0.00990713113527973,40920.95387719676,41042.70498303199
2026-06-16 13:14:50.827177,999.8950529242458,0.0010378282337456571,0.5,1000.0,2.1002236166702923,0,1011729.6562476953,0.009976319623731062,44000.32150955316,43940.607204219035
2026-06-16 13:19:50.827177,996.4542446643528,0.0009302752465570369,0.5,1000.0,2.156025552953093,0,1154701.6981243503,0.009652038014391143,44707.89195414766,44714.56598644064
2026-06-16 13:24:50.827177,998.8141045742491,0.0010526945776147942,0.5,1000.0,1.8048397087117114,0,856230.9505010991,0.010401326860120243,33841.58423727295,33879.07066518639
2026-06-16 13:29:50.827177,996.0566865309174,0.0009402738530116983,0.5,1000.0,1.8684558692950155,0,989652.0870691931,0.010031499101876321,34883.14100035705,34734.77265613094
2026-06-16 13:34:50.827177,995.2407636704221,0.0010142901643397366,0.5,1000.0,2.130944410140265,0,1045461.553631339,0.009894855542390486,44717.9467949253,44689.06654417333
2026-06-16 13:39:50.827177,996.74656555082,0.0009577423020786921,0.5,1000.0,1.9723110644231197,0,1026316.9306580867,0.00994068017922632,38543.54638662245,38675.30379585585
2026-06-16 13:44:50.827177,999.7247869447655,0.0010276694491537213,0.5,1000.0,1.9328279210741923,0,940134.9739393456,0.010161057817076545,37949.47428068851,38058.410220288686
2026-06-16 13:49:50.827177,999.9062500907522,0.0009983037387036047,0.5,1000.0,1.8745839013004395,0,938796.5238234599,0.010164677558830803,35715.986959006514,35686.95103431818
2026-06-16 13:54:50.827177,999.0261708401946,0.0009202622020918334,0.5,1000.0,1.9444983298455891,0,1055462.6258989496,0.009871332029240088,37287.88703251779,37359.47041169424
2026-06-16 13:59:50.827177,999.450191573696,0.001021034981550924,0.5,1000.0,1.8597630716576175,0,910223.7395561686,0.010243525084592267,35409.99216478156,35494.74466007753
2026-06-16 14:04:50.827177,999.0323565742299,0.0009711039611583644,0.5,1000.0,2.2091094272732477,0,1136321.0764924653,0.009690835226486338,47247.107041746545,47326.75718602916
2026-06-16 14:09:50.827177,996.7170368095541,0.0010440573360406685,0.5,1000.0,1.9977563948019426,0,953586.4388662118,0.010125033254096067,40276.655371981185,40162.0528292329
2026-06-16 14:14:50.827177,998.8638450893479,0.0010000662844367205,0.5,1000.0,1.9942049458237283,0,995903.5971318783,0.01001571941642975,39785.793233434015,39949.90826045796
2026-06-16 14:19:50.827177,999.6008190504554,0.001019771049269402,0.5,1000.0,2.058807667516783,0,1009043.075007642,0.009982953501644775,42297.7441166867,42251.35985072112
2026-06-16 14:24:50.827177,999.5085826596271,0.0009521215522492394,0.5,1000.0,2.096234516926657,0,1100281.9891987299,0.009769233135468621,42906.86039765037,42917.79408192596
2026-06-16 14:29:50.827177,1000.3778267429493,0.0009705333884286319,0.5,1000.0,2.094588815655464,0,1079499.2899307064,0.009815917160128891,43081.66725700892,43046.5391767708
2026-06-16 14:34:50.827177,999.4166076944022,0.0009770680681949458,0.5,1000.0,2.107362194390757,0,1077782.011335378,0.009819824861703911,43584.15931773347,43607.135430582406
2026-06-16 14:39:50.827177,998.7028964150832,0.0010428351240121278,0.5,1000.0,1.9369154449209143,0,927473.1069238181,0.010195561376764308,38200.47624340982,38114.049804013724
2026-06-16 14:44:50.827177,1000.1403004766329,0.0010838688543902744,0.5,1000.0,1.9702133195043139,0,909007.4566634719,0.010246949912857033,39781.581319605124,39759.06902695251
2026-06-16 14:49:50.827177,997.9469574815018,0.0009597414124128562,0.5,1000.0,2.0769031655442274,0,1079790.4353360161,0.009815255423347565,42251.44444805583,42269.72016592442
2026-06-16 14:54:50.827177,996.2362506975446,0.001053842407232884,0.5,1000.0,1.947261093836038,0,920409.0089457355,0.010215067943571033,38587.973691811705,38710.43858963692
2026-06-16 14:59:50.827177,997.6738660721124,0.0008915161291137149,0.5,1000.0,1.9994893367972775,0,1118789.773773155,0.009728577721154848,38803.96763543071,38914.36048333141
2026-06-16 15:04:50.827177,996.510194710387,0.0009402905299453855,0.5,1000.0,2.039876376442481,0,1080919.9605529811,0.009812690264505926,40689.048456329045,40804.50375820698
2026-06-16 15:09:50.827177,996.6496434500513,0.0009520610771906612,0.5,1000.0,2.0785185082310376,0,1087931.6357756862,0.00979684131061844,42182.89493076382,42269.76015489004
2026-06-16 15:14:50.827177,997.710962658569,0.0009323745655279639,0.5,1000.0,1.0144638190477193,1,542776.3212906048,0.011656851167576919,11969.034551811055,26995.091914051798
2026-06-16 15:19:50.827177,996.415160158,0.0009208205805106211,0.5,1000.0,2.0714745649888946,0,1120765.92559001,0.00972428648804169,41577.39561809752,41548.3815278158
2026-06-16 15:24:50.827177,997.3840769407219,0.0010206499456068899,0.5,1000.0,1.9766275942148275,0,965785.0357985691,0.01009290898260742,39330.41194256497,39314.635124536006
2026-06-16 15:29:50.827177,994.2127706660924,0.000989296615113607,0.5,1000.0,2.0707457710864383,0,1040518.0099501915,0.00990658737710489,42233.49065950001,42213.596365117126
2026-06-16 15:34:50.827177,998.4265874147459,0.0010189702698802554,0.5,1000.0,2.077693169235483,0,1017902.1714237491,0.009961161116107476,42932.77159882785,42926.65852292806
2026-06-16 15:39:50.827177,998.0024109507244,0.0010345236343060756,0.5,1000.0,2.1607915061119156,0,1042255.1313233319,0.009902456979855619,46142.41095518895,45998.78888403742
2026-06-16 15:44:50.827177,996.3658227378636,0.0010132808496586267,0.5,1000.0,2.13534536476212,0,1049849.6748988568,0.009884499762369709,44906.55820668481,44933.03428551154
2026-06-16 15:49:50.827177,999.3184913368648,0.0010328881588075188,0.5,1000.0,2.1346571662610296,0,1032639.5751173126,0.009925428920346712,45196.9864269495,45246.59192939468
2026-06-16 15:54:50.827177,999.8751402752531,0.0009965233856878866,0.5,1000.0,2.144367031916624,0,1075789.7494594266,0.009824368056852375,45169.84896171766,45144.108283685826
2026-06-16 15:59:50.827177,994.7848802712621,0.0009406503305847128,0.5,1000.0,2.0291378984815944,0,1072957.52510933,0.009830844854228126,40266.4314623847,40090.69739867742
2026-06-16 16:04:50.827177,996.4745504428676,0.0010528907090410398,0.5,1000.0,2.003218508703684,0,947940.8668718382,0.010140074905338001,40547.49445190137,40549.63750903895
2026-06-16 16:09:50.827177,996.4617153004255,0.0009705443933609437,0.5,1000.0,2.0872817083178337,0,1071510.1367918989,0.009834163032818026,42693.34233740719,42563.87166204578
2026-06-16 16:14:50.827177,996.1201937977822,0.0009532201850618788,0.5,1000.0,2.0732080951433023,0,1083256.7762836537,0.009807393962061896,41990.51077882263,42033.24188749802
2026-06-16 16:19:50.827177,999.6589496838635,0.0009911041062097802,0.5,1000.0,1.969093376326174,0,993044.9304338939,0.01002291968160104,38848.90043670926,38860.83160009634
2026-06-16 16:24:50.827177,997.6123477224544,0.0009543594540351744,0.5,1000.0,2.0404823408808266,0,1066479.9148609394,0.009845738676534018,40895.52630101362,40917.26351368305
2026-06-16 16:29:50.827177,997.4709703173788,0.0009791284809005285,0.5,1000.0,1.9964903533215406,0,1016945.7884246949,0.00996350227513025,39613.81979833477,39507.716131011555
2026-06-16 16:34:50.827177,993.9922752711865,0.0010172026960781734,0.5,1000.0,1.9146067091539944,0,935459.710448507,0.010173729887959261,37069.98114571341,37196.139522265585
2026-06-16 16:39:50.827177,999.2708360604184,0.0010174170869623063,0.5,1000.0,2.129046074137635,0,1045536.6229727408,0.009894677925396209,44818.26033612428,44835.28125571171
2026-06-16 16:44:50.827177,995.521483210293,0.0009551084966787185,0.5,1000.0,2.005519924253009,0,1045189.1992076737,0.009895500077461714,39622.54295209109,39531.11921994338
2026-06-16 16:49:50.827177,998.1198652605326,0.0009756147313525628,0.5,1000.0,2.204870825769885,0,1127866.0012048495,0.00970894628825279,47110.867332287184,47168.83149717308
2026-06-16 16:54:50.827177,998.5547538759164,0.0010537166502385122,0.5,1000.0,0.9651069929216014,1,457291.89890024805,0.012167128587405053,11316.468172500925,24009.95832441221
2026-06-16 16:59:50.827177,1000.7213171916773,0.001024820005886697,0.5,1000.0,1.9443221227156633,0,949300.6501202387,0.010136441779046176,38347.32875335328,38531.02045398119
2026-06-16 17:04:50.827177,995.3823592017618,0.001103753251967427,0.5,1000.0,2.0032638836690873,0,903287.7262539949,0.01026313277726207,40996.44605917672,40941.15861336125
2026-06-16 17:09:50.827177,991.9609756883583,0.0010590064086870765,0.5,1000.0,2.1137381097628913,0,989958.9372218929,0.010030721664354971,44455.870835690366,44331.11749187616
2026-06-16 17:14:50.827177,998.3676990895074,0.001057214653427997,0.5,1000.0,1.0890841690424227,1,514231.64275869745,0.011815355020254097,13991.368254842517,40128.90180307217
2026-06-16 17:19:50.827177,1001.6010223630217,0.0009306065724772099,0.5,1000.0,2.031047275418075,0,1092996.2712981983,0.009785472588914516,40431.19973331421,40532.42232022788
2026-06-16 17:24:50.827177,1000.4778927058788,0.0010381930175816711,0.5,1000.0,1.8872736207445853,0,909356.6914176439,0.010245965946234843,36511.5393896157,36743.83629385792
2026-06-16 17:29:50.827177,998.4193188305493,0.0009973446599151545,0.5,1000.0,1.8843058602770528,0,943168.11885586,0.010152878681784185,35991.916294812734,36333.77751274965
2026-06-16 17:34:50.827177,997.0167276287359,0.0009724509098230876,0.5,1000.0,2.0322504660289904,0,1041794.3409250397,0.009903551773780035,40780.06228765916,40624.85744207018
2026-06-16 17:39:50.827177,999.6142451932747,0.0010084007670266265,0.5,1000.0,1.8635894006181641,0,923675.6718967891,0.010206024311844223,35431.496714054454,35417.97295049038
2026-06-16 17:44:50.827177,996.0529076005911,0.0010472605767305743,0.5,1000.0,1.946812224971067,0,925809.6887827762,0.010200137929361227,38506.72482863568,38382.30355429994
2026-06-16 17:49:50.827177,998.9527155387125,0.0010250415795502105,0.5,1000.0,2.050091732908586,0,998956.8933345793,0.010008057406130404,42018.57387916609,41993.835500428046
2026-06-16 17:54:50.827177,999.0109403183333,0.000956076309932897,0.5,1000.0,1.9017675727723224,0,993585.2355109276,0.010021556804296571,36209.31530128128,36457.03967551004
2026-06-16 17:59:50.827177,1000.1204198149977,0.001037122945679631,0.5,1000.0,2.1605355962361807,0,1041725.947986329,0.009903714320449687,46235.25431883393,46153.283186042725
2026-06-16 18:04:50.827177,1003.5193200778222,0.0009681206228962018,0.5,1000.0,2.122393634423789,0,1099998.7845434083,0.009769861869169425,44163.758912959325,44161.56377857574
2026-06-16 18:09:50.827177,998.7848319343575,0.0010108341559482144,0.5,1000.0,1.8428580001661699,0,910445.4015249709,0.01024290154163514,34743.909178377224,34685.82304537119
2026-06-16 18:14:50.827177,996.982072748585,0.0009848324966261434,0.5,1000.0,1.9067628756818014,0,965143.0119080164,0.010094587042957988,36590.579000409285,36490.24942491979
2026-06-16 18:19:50.827177,997.948851375616,0.0009890566874132187,0.5,1000.0,1.771422275550505,0,893674.1683685925,0.010290623133367089,32225.091522491883,32404.370522726207
2026-06-16 18:24:50.827177,994.4618481902218,0.0010383121487520255,0.5,1000.0,1.9217408637451867,0,920290.6724147021,0.010215396306515618,37517.42268521505,37363.49694803382
2026-06-16 18:29:50.827177,996.6105737378219,0.0009479903140092051,0.5,1000.0,2.07663884765724,0,1091572.4574533126,0.009788661997327077,42069.83138272348,42061.58000889141
2026-06-16 18:34:50.827177,997.1814351237738,0.0010972597537138467,0.5,1000.0,1.9586105057725143,0,889985.2693877628,0.010301269996987536,39405.88758463716,39414.68390538947
2026-06-16 18:39:50.827177,996.9518232041308,0.0009089456965352752,0.5,1000.0,2.0460797243615967,0,1122092.837558275,0.009721410389559215,40574.06799771162,40570.76300883856
2026-06-16 18:44:50.827177,998.3047097440674,0.0009701166158372572,0.5,1000.0,1.8477665681718256,0,950728.0039325778,0.010132635106288193,34536.612151840025,34505.04126766693
2026-06-16 18:49:50.827177,996.3551601352356,0.001018510594497087,0.5,1000.0,2.0797975254581904,0,1017278.0763021748,0.009962688545650408,42937.11321657264,43098.547508264404
2026-06-16 18:54:50.827177,1000.242061334649,0.0010292157083217656,0.5,1000.0,1.944489077207165,0,944874.6978414499,0.010148291185354371,38380.36043973665,38169.172321575286
2026-06-16 18:59:50.827177,998.0004141298364,0.0009949762139714149,0.5,1000.0,2.0012169682282903,0,1003649.8033875956,0.009996337807286884,39953.975461296635,39997.6206356786
2026-06-16 19:04:50.827177,997.9813993577228,0.0009971304648499228,0.5,1000.0,1.9907125498606948,0,996205.6953740614,0.010014960016190946,39608.53462058217,39656.63455383113
2026-06-16 19:09:50.827177,997.3442105669742,0.0010205275042663808,0.5,1000.0,1.8728451479107715,0,915149.8895171862,0.010229712232096918,35785.9234232733,35814.62239951345
2026-06-16 19:14:50.827177,998.3103813677179,0.000988446526127116,0.5,1000.0,1.8846915668260218,0,951749.5924694273,0.010129914970346774,35921.293081140226,35838.20869547115
2026-06-16 19:19:50.827177,999.6501965293353,0.0010696590628967453,0.5,1000.0,2.0967794469003427,0,979772.9290005235,0.010056691222223272,44198.61630413078,44319.11941169587
2026-06-16 19:24:50.827177,996.2657395685782,0.0010419674557115802,0.5,1000.0,2.0398992157501694,0,975213.6161665529,0.010068424916309016,41740.16422083243,41855.66224375222
2026-06-16 19:29:50.827177,996.6837670218495,0.0010436412175502817,0.5,1000.0,2.1050049041553427,0,1005146.3003721072,0.00999261500377073,44130.89793072112,44044.28905500053
2026-06-16 19:34:50.827177,997.3925479424466,0.0009516921638314792,0.5,1000.0,2.0324658235502517,0,1065032.5511746511,0.009849082026954873,40579.657443874275,40459.86915468316
2026-06-16 19:39:50.827177,995.3082581530535,0.0009960305787797149,0.5,1000.0,2.0142990634809217,0,1006419.1476574744,0.009989454017197232,40341.05588211698,40201.945618849604
2026-06-16 19:44:50.827177,996.361484280557,0.000984976702563965,0.5,1000.0,1.8273989381333233,0,924260.3980539282,0.010204409738261953,33952.48420982385,33975.02472602207
2026-06-16 19:49:50.827177,997.0475582529107,0.0009497199312155267,0.5,1000.0,1.972963330323883,0,1035641.2487333288,0.009918229193945291,38493.556749442316,38498.234953381136
2026-06-16 19:54:50.827177,999.7487783614255,0.0010180082091972883,0.5,1000.0,1.9972615679596255,0,980718.9149340602,0.010054265213242285,40096.928814591076,40060.81802278289
2026-06-16 19:59:50.827177,998.5251226580039,0.0009731177121110092,0.5,1000.0,2.1953107198272575,0,1126314.359766725,0.009712288389609164,46738.26232824011,46946.394058243364
2026-06-16 20:04:50.827177,998.3871798227351,0.0010327701914925119,0.5,1000.0,2.068695663209868,0,999912.2971001228,0.010005665905467047,42750.20494805805,42704.096511522315
2026-06-16 20:09:50.827177,999.7017959243359,0.0009464904218552835,0.5,1000.0,2.153606118170953,0,1137340.5659134728,0.009688662828214312,44922.80514731119,44941.555136275965
2026-06-16 20:14:50.827177,997.7252564232012,0.0010859520306420911,0.5,1000.0,2.059753770589473,0,946205.8640449047,0.010144720029341425,42941.93845987184,42922.50790373029
2026-06-16 20:19:50.827177,998.7809296998578,0.0009551833670703969,0.5,1000.0,1.928869677305052,0,1008454.6674411575,0.009984409382792627,37102.09156906286,37298.40337257896
2026-06-16 20:24:50.827177,997.793556494135,0.0010109651168600218,0.5,1000.0,2.0117124216149853,0,992751.2128415861,0.01002366095021733,40476.118469458845,40277.15173839613
2026-06-16 20:29:50.827177,998.5307246987993,0.0010395929655194034,0.5,1000.0,2.0236223646264233,0,971846.2769982095,0.01007713509992423,41205.71501841902,41174.72402188858
2026-06-16 20:34:50.827177,996.8344826847768,0.0009714679784899944,0.5,1000.0,1.9060844430229318,0,977927.601210087,0.010061432057416685,36439.05664246443,36500.48219127383
2026-06-16 20:39:50.827177,993.1223656834471,0.0010426234321716475,0.5,1000.0,1.961561262340708,0,934215.7010759092,0.010177115053800647,38889.39612678653,38867.15730400374
2026-06-16 20:44:50.827177,997.7314416756274,0.0009385408201099792,0.5,1000.0,1.9794233006322828,0,1052129.4445108692,0.00987914093605767,38619.815618329754,38489.38235651171
2026-06-16 20:49:50.827177,1000.8454962721999,0.001072605884959128,0.5,1000.0,2.1605619832565117,0,1008007.1164450167,0.009985517457448344,46652.086763308864,46669.746466699435
2026-06-16 20:54:50.827177,999.8524308044832,0.001000707463248288,0.5,1000.0,1.7919259474609022,0,895197.4379079235,0.010286242701600262,33024.23684694597,32862.10449299943
2026-06-16 20:59:50.827177,999.9307949691823,0.000970179429601556,0.5,1000.0,2.1205818420716045,0,1092805.6308154855,0.009785899331131576,44002.84575296542,44069.86923702459
2026-06-16 21:04:50.827177,1000.4722614436124,0.0009850409113786283,0.5,1000.0,1.9063204765040618,0,968092.1554288567,0.010086890343978252,36673.65349716232,36632.32720526965
2026-06-16 21:09:50.827177,998.1773151819228,0.001040445963469636,0.5,1000.0,1.8627920812730385,0,893557.6011206909,0.010290958727552346,35644.4812293519,35586.33403352212
2026-06-16 21:14:50.827177,998.3946314148112,0.0009707772354074782,0.5,1000.0,2.1179942130038465,0,1089124.2473063814,0.009794158277263735,43865.07673749375,43969.692354016086
2026-06-16 21:19:50.827177,996.7646962091313,0.0009625321155288611,0.5,1000.0,1.2230173394860344,1,633257.0556263918,0.011216089483496089,16722.42827095613,38720.40256156316
2026-06-16 21:24:50.827177,997.3678542879459,0.0009889231701208131,0.5,1000.0,2.125451870238119,0,1071800.8411880566,0.009833496135308295,44306.33920325517,44152.092547633496
2026-06-16 21:29:50.827177,999.2315422995423,0.0009411518943615016,0.5,1000.0,2.0800701947545575,0,1104216.9501268375,0.009760518129610795,42198.30330515426,42107.25504621101
2026-06-16 21:34:50.827177,1000.4077688743376,0.0010910271953970907,0.5,1000.0,1.249156611517763,1,572701.5714985381,0.011501497281606597,17954.16527337641,57389.244672173685
2026-06-16 21:39:50.827177,997.721107448638,0.0009716802704392638,0.5,1000.0,2.0558723836944486,0,1055484.6763048014,0.009871280472692727,41626.98507356915,41526.616315322106
2026-06-16 21:44:50.827177,997.0996214702972,0.0010415808393090201,0.5,1000.0,1.9843522623876841,0,949804.7655154062,0.010135096514760356,39792.75256750876,39829.30490444638
2026-06-16 21:49:50.827177,998.0010559177132,0.0010104735041823886,0.5,1000.0,2.0342926377321344,0,1004591.5069020197,0.009993994342978398,41275.93831693242,41360.27364532389
2026-06-16 21:54:50.827177,999.2024134978582,0.0009507732974759016,0.5,1000.0,1.230936502831685,1,646818.0836363925,0.011156833104282365,16891.402558057605,52500.52098761483
2026-06-16 21:59:50.827177,995.112290367733,0.0009997022645393636,0.5,1000.0,1.9220624674739883,0,956618.8114614323,0.010116999898134678,37192.79635733716,37098.950907484446
2026-06-16 22:04:50.827177,993.4076380937255,0.0010392001389655375,0.5,1000.0,1.9348111417468619,0,924776.7077829051,0.010202985140461503,37943.02118405791,37961.03704755327
2026-06-16 22:09:50.827177,996.8989263010168,0.0009905869332456846,0.5,1000.0,1.9691039985402092,0,990825.5378899251,0.010028527664941202,38763.7347632365,38786.26698497659
2026-06-16 22:14:50.827177,995.5585751481717,0.0010596556472925514,0.5,1000.0,1.7895417201234667,0,840647.4356109677,0.010449199036399695,33314.51342249343,33449.275131073664
2026-06-16 22:19:50.827177,996.9837196047054,0.0010510757696390932,0.5,1000.0,2.013807840841755,0,955085.1088599097,0.010121058995556641,40921.36178657348,40844.438644131944
2026-06-16 22:24:50.827177,997.7044393623651,0.0010459457427329166,0.5,1000.0,1.8113871296048973,0,863920.9983725398,0.010378102777099156,33973.667124835345,33935.941773625105
2026-06-16 22:29:50.827177,997.093503181954,0.0009770171613863502,0.5,1000.0,2.005305931293262,0,1023256.0875121,0.00994810568880743,39887.56765460859,40171.407290175004
2026-06-16 22:34:50.827177,1000.9049350689415,0.0009460078776109257,0.5,1000.0,2.086528975613525,0,1103805.3690049953,0.009761427865039038,42535.84063109398,42356.57810785045
2026-06-16 22:39:50.827177,998.6534895292046,0.0009693206197318603,0.5,1000.0,1.9523123539356164,0,1005695.8993857538,0.009991249517149347,38030.60494836428,37830.83613401572
2026-06-16 22:44:50.827177,998.6009487192216,0.0010098120470333361,0.5,1000.0,2.167711587018687,0,1071822.6494256954,0.009833446114706249,46142.45684099379,46004.15274343254
2026-06-16 22:49:50.827177,999.2444142880868,0.0010272893356766178,0.5,1000.0,1.8539499100581511,0,901668.6086667776,0.01026773703002179,35264.88394933269,35375.04450009711
2026-06-16 22:54:50.827177,995.7223337644384,0.0008914214297619776,0.5,1000.0,2.119126068163183,0,1183537.3728315686,0.009592702608578259,42893.63155191151,42849.80305867723
2026-06-16 22:59:50.827177,1000.0782235748405,0.0009995943399194124,0.5,1000.0,2.067513705640692,0,1034257.2738659544,0.009921545510313127,42414.08417641669,42370.21950365723
2026-06-16 23:04:50.827177,997.8484714269291,0.0010079044612661592,0.5,1000.0,1.8283966751689311,0,905077.2655512674,0.010258055886680566,34219.25128252468,34122.72901553047
2026-06-16 23:09:50.827177,999.3409612344824,0.0009861227871842224,0.5,1000.0,2.271079429904053,0,1150760.701413639,0.00966029122809965,49793.030083934544,49884.87191439175
2026-06-16 23:14:50.827177,995.8562855339197,0.001064563691950794,0.5,1000.0,1.9936254714496033,0,932478.0056632716,0.01018185306933129,40300.51926190839,40163.76388628329
2026-06-16 23:19:50.827177,994.8924824679679,0.0010210890037125435,0.5,1000.0,1.9122515977844368,0,931595.9393872207,0.010184262344039114,37050.64666349808,36992.49646819863
2026-06-16 23:24:50.827177,999.63577931605,0.001065509595404045,0.5,1000.0,1.8592912805215982,0,872171.4455677668,0.010353471892685213,35778.544255675195,35685.98001260563
2026-06-16 23:29:50.827177,998.752819052195,0.0009892019739824885,0.5,1000.0,1.9779981972340326,0,998547.9849045579,0.010009081831298956,39111.46115600046,38844.23387618033
2026-06-16 23:34:50.827177,996.195896891285,0.0010468738746253464,0.5,1000.0,1.987259312761004,0,945529.1709041832,0.010146534627202395,39918.25721184784,39870.43331694532
2026-06-16 23:39:50.827177,996.2606738374507,0.001081753319726376,0.5,1000.0,2.0102645528539664,0,925695.1106581391,0.010200453545814964,41067.559905823975,41061.64199474293
2026-06-16 23:44:50.827177,1000.2508695688296,0.001065584672463633,0.5,1000.0,1.970220384377604,0,924710.4916400672,0.010203167787945904,39616.26994571679,39538.71776077894
2026-06-16 23:49:50.827177,995.6211762142653,0.0009453929203285633,0.5,1000.0,2.0633225310115093,0,1086472.9156852178,0.00980012801465752,41539.39004071976,41512.56253819911
2026-06-16 23:54:50.827177,1001.2853459065119,0.000987316196122881,0.5,1000.0,1.9612370167336755,0,994492.8951922233,0.01001926938776873,38588.160570922446,38563.89796037103
2026-06-16 23:59:50.827177,996.1987585307043,0.0009827417647275101,0.5,1000.0,1.8065035882759528,0,915620.3066330254,0.010228398052215922,33253.03382682536,33239.73125922894
2026-06-17 00:04:50.827177,999.2767838512168,0.0010244627267538165,0.5,1000.0,1.985063850435036,0,968130.9863207504,0.010086789198357093,39718.03036218361,39612.625512651925
2026-06-17 00:09:50.827177,997.342763048502,0.0010343176777507267,0.5,1000.0,1.7632522346626722,0,850109.6391846328,0.01042000049716092,32310.305636218676,32199.156679333435
2026-06-17 00:14:50.827177,999.2063748621647,0.0009580553662987132,0.5,1000.0,2.035377063089139,0,1061400.942068722,0.00985749595731209,40804.82841314875,40809.52306325369
2026-06-17 00:19:50.827177,996.9117719957716,0.001003391925695847,0.5,1000.0,1.9020699769717364,0,944892.9688605219,0.010148242126632262,36601.638383482765,36454.029619702436
2026-06-17 00:24:50.827177,997.6744141878554,0.0008990036333921932,0.5,1000.0,2.0163360354915802,0,1118820.2128974812,0.00972851155046794,39460.361282018275,39438.94877890885
2026-06-17 00:29:50.827177,998.0818383507915,0.0010720972502900946,0.5,1000.0,2.1314074981524604,0,992129.7314469587,0.010025230315538982,45456.23799685659,45619.7870592183
2026-06-17 00:34:50.827177,995.995625088437,0.0009743812879661653,0.5,1000.0,1.9051251304732,0,973692.9057607448,0.01007235382430112,36411.23552022633,36407.353171556584
2026-06-17 00:39:50.827177,999.4816486908403,0.001002793196992225,0.5,1000.0,2.1061256258512118,0,1049585.2580520238,0.009885122241906621,43825.35205252892,43642.69537876193
2026-06-17 00:44:50.827177,996.9735728670569,0.000984517514300597,0.5,1000.0,1.9566610433313847,0,990708.3027596937,0.01002882433237981,38279.3775661623,38297.35938764245
2026-06-17 00:49:50.827177,997.54280016932,0.0010573013787506709,0.5,1000.0,2.1753194802065585,0,1026185.3096759443,0.009940998917749636,46925.36538760133,47007.2144242244
2026-06-17 00:54:50.827177,996.0113012507829,0.0008581246779301311,0.5,1000.0,1.9634847386801786,0,1139492.3371019335,0.009684085666048494,37185.87018361331,37106.33847716187
2026-06-17 00:59:50.827177,992.8753326824094,0.0009991694828837046,0.5,1000.0,1.9159507014493309,0,951940.6980957667,0.010129406527566526,36918.78353892771,36888.88821113209
2026-06-17 01:04:50.827177,997.6179444747996,0.000994709062125115,0.5,1000.0,2.068723845039529,0,1037386.7639072305,0.009914054436119046,42327.30252690309,42239.533648994504
2026-06-17 01:09:50.827177,1002.8252308432259,0.0009773181806204158,0.5,1000.0,1.9564210270376363,0,1003740.8527589681,0.009996111107528483,38369.043299099954,38322.825133441795
2026-06-17 01:14:50.827177,999.5692085757961,0.0010863113272817817,0.5,1000.0,1.915855048587099,0,881436.871073611,0.010326155755546965,37885.8326319693,37819.2780002998
2026-06-17 01:19:50.827177,997.9614792405312,0.0009556335270572115,0.5,1000.0,1.9522160149296208,0,1019342.8374450403,0.009957639651603878,37872.670230760385,37916.23708262453
2026-06-17 01:24:50.827177,997.4742183415834,0.001038589808861783,0.5,1000.0,1.9955393467816998,0,958270.0663519838,0.010112638770716866,40168.60636300412,40334.432599064996
2026-06-17 01:29:50.827177,998.044931785624,0.0010178126394353043,0.5,1000.0,2.1342180131244852,0,1046383.8769511912,0.009892674393971906,44971.91392653421,44977.63547154522
2026-06-17 01:34:50.827177,999.0942382303505,0.0010630759626267757,0.5,1000.0,1.8065912254540422,0,848930.3434764636,0.0104236173621311,33989.49468779566,33835.32042996582
2026-06-17 01:39:50.827177,995.6383743693823,0.0009666405457611247,0.5,1000.0,2.002308065895042,0,1031187.2166218299,0.00992892190237258,39633.781920257235,39886.725250477655
2026-06-17 01:44:50.827177,1000.2286433893378,0.0009633515550438121,0.5,1000.0,2.0624903594654045,0,1070721.2353842352,0.009835973971593234,41850.4866540794,41908.77651525384
2026-06-17 01:49:50.827177,999.4307626308824,0.00105480349537387,0.5,1000.0,2.0193448574991795,0,956668.8865729518,0.010116867506496973,41230.61006506503,41309.257108971426
2026-06-17 01:54:50.827177,999.4363714514159,0.0010212660654165056,0.5,1000.0,2.1309865169433535,0,1042718.2025465422,0.009901357376262312,44937.74650596252,44931.37389092724
2026-06-17 01:59:50.827177,998.8769514776194,0.000922753132666162,0.5,1000.0,1.9925654670241475,0,1078472.4802666856,0.009818252751019678,38937.7989832699,38961.07190073751
2026-06-17 02:04:50.827177,998.039233315388,0.0009730347492768365,0.5,1000.0,1.9815448557814055,0,1016232.7245321556,0.009965249597591052,39052.02965079286,39017.84706390462
2026-06-17 02:09:50.827177,999.3457224719336,0.0010193191326924032,0.5,1000.0,2.059232954701334,0,1009441.2921586068,0.009981968805564583,42300.24919044162,42390.61878133188
2026-06-17 02:14:50.827177,999.1836282674827,0.0010418882110773296,0.5,1000.0,2.009931381495135,0,963774.4764644075,0.010098168651085992,40761.52192892505,40713.78159609023
2026-06-17 02:19:50.827177,997.2919185781179,0.0009660384673403523,0.5,1000.0,1.9609591261719528,0,1012200.2152654895,0.009975159955487974,38254.2111888235,38303.1486308792
2026-06-17 02:24:50.827177,996.8527964542062,0.0008542872005091529,0.5,1000.0,2.051614403958638,0,1196996.4870204008,0.009565622898556007,40136.15510892673,40233.09548057244
2026-06-17 02:29:50.827177,998.203712590524,0.0010261611592868518,0.5,1000.0,1.9347471706783355,0,941017.7881012846,0.010158673833640348,37958.115053002715,38082.70854158041
2026-06-17 02:34:50.827177,1001.0980403029904,0.0009389839655028012,0.5,1000.0,1.9388822847980673,0,1033569.9687108976,0.009923194510808347,37344.87419294139,37448.0684626383
2026-06-17 02:39:50.827177,995.5217858486922,0.0008991330600938794,0.5,1000.0,1.9472005978234386,0,1077972.050292774,0.009819392041423082,37064.38143649604,36962.02155868006
2026-06-17 02:44:50.827177,995.0649494684951,0.000858383703750793,0.5,1000.0,2.1353069160166407,0,1237656.9238217343,0.00948607176479767,43038.630947439204,43195.90556576949
2026-06-17 02:49:50.827177,998.329521682473,0.001040699043009887,0.5,1000.0,1.6778983644014287,0,804793.4140114166,0.010563683272063019,29690.710244255024,29757.136140039067
2026-06-17 02:54:50.827177,998.101775403712,0.0010064308725202483,0.5,1000.0,2.039559883476294,0,1011340.3693798757,0.009977279510697436,41424.74936278662,41455.30869114775
2026-06-17 02:59:50.827177,998.3466833287408,0.0009887171809643874,0.5,1000.0,2.0034271814200224,0,1011469.6701793073,0.009976960635079392,39978.52452030626,40020.61219609947
2026-06-17 03:04:50.827177,998.487906395817,0.0010694512181481381,0.5,1000.0,1.831912954076188,0,855178.2910595275,0.010404526194288126,34863.805049114904,34847.9660596639
2026-06-17 03:09:50.827177,997.5535954907303,0.0010318662341511538,0.5,1000.0,2.0309726779136,0,981718.3808048554,0.010051705229169303,41360.34422281595,41313.68203646747
2026-06-17 03:14:50.827177,1000.9797268772041,0.001080815002136096,0.5,1000.0,2.0475751991831532,0,948164.6995962067,0.010139476411862698,42552.05436080199,42515.20383958638
2026-06-17 03:19:50.827177,994.7981920430469,0.0009303632263916502,0.5,1000.0,2.05896392313574,0,1100781.678657541,0.009768124283887533,41194.91755920196,41323.73028805593
2026-06-17 03:24:50.827177,996.3430059504395,0.0009982724688023018,0.5,1000.0,1.734817193695505,0,865732.0679267339,0.010372670891938782,31103.331615209107,31111.436799974097
2026-06-17 03:29:50.827177,997.7934904797019,0.0009191643312525993,0.5,1000.0,2.136638941185444,0,1159707.983943948,0.009641604508284853,43918.98129452981,43947.15308304268
2026-06-17 03:34:50.827177,994.7136223776916,0.0009885308834072268,0.5,1000.0,1.9262263295315158,0,969136.9293205291,0.010084170712102996,37217.98739914818,37224.0015967409
2026-06-17 03:39:50.827177,997.6482911911359,0.000987569207311666,0.5,1000.0,2.0686567746753175,0,1044884.6931618064,0.009896220948954898,42249.70935351297,42182.91686047381
2026-06-17 03:44:50.827177,1001.322940331456,0.0010313306818631536,0.5,1000.0,2.0741073780682284,0,1006879.4300866253,0.009988312182721294,43025.77942201809,42811.09732880141
2026-06-17 03:49:50.827177,998.0417729765919,0.001002278194057095,0.5,1000.0,1.9123302914380707,0,952123.6348852322,0.01012891993775572,36968.99683877031,37045.86885019058
2026-06-17 03:54:50.827177,998.4614018114373,0.0010311703569139958,0.5,1000.0,2.066045995235155,0,1000255.2763361929,0.010004808080198402,42640.27670632308,42706.554471337804
2026-06-17 03:59:50.827177,995.4796704696548,0.0010351720066569447,0.5,1000.0,1.9614506759087642,0,943120.6890929883,0.010153006327045478,38884.97599688254,38883.83040819271
2026-06-17 04:04:50.827177,996.767277183921,0.0011077464338691571,0.5,1000.0,1.7928622820661841,0,806622.5268805258,0.010557689569653078,33826.45776025576,33717.433989342724
2026-06-17 04:09:50.827177,997.2496072393521,0.0009842351672356938,0.5,1000.0,2.116774192552778,0,1072382.039582288,0.009832163500605487,43934.12990789183,44116.21179592584
2026-06-17 04:14:50.827177,997.3645698064876,0.0009529488649666811,0.5,1000.0,1.922495503698376,0,1006050.2569925818,0.009990369605091491,36826.984380142,36792.86918969182
2026-06-17 04:19:50.827177,1000.5632875900076,0.0010123041807658204,0.5,1000.0,1.9145506537261945,0,946172.668624505,0.010144809007238093,37206.78640412819,37231.61155428844
2026-06-17 04:24:50.827177,999.1153821214502,0.0009598859986430228,0.5,1000.0,1.9596934131963277,0,1019891.8601450996,0.009956299295244948,38202.33024015957,38132.01540716677
2026-06-17 04:29:50.827177,995.7770840861259,0.0010740980384218268,0.5,1000.0,2.0272236725327386,0,939701.4076997295,0.010162229659950823,41586.70110274382,41451.72923911113
2026-06-17 04:34:50.827177,998.493009556864,0.0009858390980527383,0.5,1000.0,1.9942729589177897,0,1009935.400493302,0.00998074766826844,39634.85792438153,39693.82122042847
2026-06-17 04:39:50.827177,998.9964434969936,0.0009717211816063005,0.5,1000.0,2.054806692470717,0,1056241.5519536089,0.009869511620601077,41629.53385545778,41479.45299907528
2026-06-17 04:44:50.827177,1000.2802980770425,0.0009764342139424441,0.5,1000.0,1.866051063347134,0,955811.5064072706,0.010119135496898487,35246.189642969584,35269.09348577287
2026-06-17 04:49:50.827177,1001.1610813731368,0.0010359208711735821,0.5,1000.0,1.9257613629569266,0,930571.7175194847,0.01018706348271232,37823.16867244617,37846.36299410579
2026-06-17 04:54:50.827177,995.9698116163443,0.0009921126508384258,0.5,1000.0,1.9884002927678466,0,998065.4229800762,0.010010291452980997,39418.539943120886,39306.563622655594
2026-06-17 04:59:50.827177,996.3782849775794,0.0009679166589934809,0.5,1000.0,2.1897887292658704,0,1127089.7748562545,0.009710617493715441,46395.465195301425,46265.82349339406
2026-06-17 05:04:50.827177,995.4848442821708,0.0010832675958811766,0.5,1000.0,1.9886187461586242,0,913735.36436581,0.010233669010248959,40287.38483401193,40210.34126360622
2026-06-17 05:09:50.827177,997.531960281786,0.0009571915079669125,0.5,1000.0,2.108522226366163,0,1098692.525089483,0.00977276447572468,43341.16872456909,43278.41267263531
2026-06-17 05:14:50.827177,998.9327167488926,0.0010017783037016496,0.5,1000.0,2.0038555168784318,0,999081.7469549535,0.010007744718813872,40142.57847852546,39989.605030709245
2026-06-17 05:19:50.827177,999.9746690331782,0.0010326153075805116,0.5,1000.0,1.951634136256243,0,944971.8037055763,0.010148030464198926,38651.60856360725,38539.0944429601
2026-06-17 05:24:50.827177,997.848097952715,0.0009184332444791463,0.5,1000.0,1.975327557588556,0,1073064.8405977194,0.009830599053265058,38275.65774091968,38283.24825148393
2026-06-17 05:29:50.827177,997.3603049534903,0.0010240130250702964,0.5,1000.0,1.9831580287971118,0,965770.4774977203,0.01009294701824276,39589.92853479589,39788.89086677448
2026-06-17 05:34:50.827177,998.3035159844975,0.0009472446162259776,0.5,1000.0,2.0603645738960736,0,1085711.7386031458,0.009801845245896633,41539.2441762808,41640.00897903936
2026-06-17 05:39:50.827177,996.3297141967399,0.0010411391390417002,0.5,1000.0,2.1374611267576555,0,1022733.6355298618,0.009949375914996766,45289.27547441337,45305.327450773715
2026-06-17 05:44:50.827177,1002.1790774433896,0.0009518674494040512,0.5,1000.0,0.9014859814525145,1,474567.3306645086,0.012054855678229365,9818.051419625985,24794.823119702378
2026-06-17 05:49:50.827177,994.7846779457639,0.001034638451592443,0.5,1000.0,2.1187077678741755,0,1018548.0837687504,0.009959581522650224,44474.62511332219,44590.17145772545
2026-06-17 05:54:50.827177,998.3694811577915,0.0010552916533147357,0.5,1000.0,1.9035210262370315,0,900422.7851930246,0.010271286794744832,37156.218596637475,37125.720602364
2026-06-17 05:59:50.827177,1002.0472124384593,0.0010430718262816403,0.5,1000.0,1.9585369491185969,0,940753.2831742434,0.010159387818929293,39049.84027458003,39075.6298584728
2026-06-17 06:04:50.827177,998.01359968912,0.0010125658324119052,0.5,1000.0,1.9275697465792334,0,949933.7030033324,0.010134752580125405,37581.1281299434,37678.91791951504
2026-06-17 06:09:50.827177,997.619921929997,0.0009884349528535151,0.5,1000.0,2.0314444590874854,0,1025160.7639073054,0.009943481746266039,40936.76311949556,41048.210372550355
2026-06-17 06:14:50.827177,997.2851091543791,0.0009711790211832578,0.5,1000.0,1.9641041614820587,0,1008450.4454635415,0.009984419832955779,38412.378571552916,38524.78583261417
2026-06-17 06:19:50.827177,997.6392166364752,0.0010735517345408553,0.5,1000.0,2.0729772937034197,0,963196.9176967394,0.01009968209416937,43298.246307478716,43195.5452337683
2026-06-17 06:24:50.827177,1000.745696949353,0.0009650252389916178,0.5,1000.0,1.9068998288367558,0,988741.9111524485,0.01003380690299077,36512.8076974332,36630.31285475926
2026-06-17 06:29:50.827177,993.576276177341,0.0009481466963215002,0.5,1000.0,2.0043030973321283,0,1050168.721519601,0.009883748936448179,39450.245802018595,39636.05349297209
2026-06-17 06:34:50.827177,1001.0668674025926,0.0010332684467516415,0.5,1000.0,2.0686857911012257,0,1002107.8312457759,0.010000181003506355,42841.0406202358,42990.383395221696
2026-06-17 06:39:50.827177,995.1520856950997,0.0009601931598406752,0.5,1000.0,1.793469722495939,0,929383.3832710248,0.010190318284901771,32618.59910284744,32510.046897867243
2026-06-17 06:44:50.827177,997.4666953415311,0.0009524968251266937,0.5,1000.0,2.2121631307330203,0,1158302.5734889677,0.009644527805486485,47077.5304572891,46943.83282665274
2026-06-17 06:49:50.827177,997.1415111594026,0.0009278197868915118,0.5,1000.0,1.9716848115120125,0,1059499.2692859096,0.009861916235866613,38229.01319478636,38275.53576305572
2026-06-17 06:54:50.827177,999.1771065395415,0.0009758545080269742,0.5,1000.0,1.7974960086323826,0,920227.7830088345,0.010215570834972737,32979.265859763924,33126.749256785566
2026-06-17 06:59:50.827177,994.8037512962325,0.0009958642488051754,0.5,1000.0,2.0158093898576785,0,1006831.3755286235,0.009988431362394324,40376.961302303054,40399.57810075474
2026-06-17 07:04:50.827177,998.9243453321639,0.001012154586383035,0.5,1000.0,2.003344346797315,0,988578.9517837935,0.010034220375725994,40227.9074517475,40204.40966853197
2026-06-17 07:09:50.827177,1002.0486192465737,0.0010475653122149742,0.5,1000.0,1.9918105620427506,0,952633.2154295774,0.01012756513085255,40261.49533115339,40252.47643116094
2026-06-17 07:14:50.827177,995.2736519908144,0.0010263448961832897,0.5,1000.0,2.0991191112926666,0,1017785.5181183002,0.00996144652801633,43685.67801198032,43787.72723197448
2026-06-17 07:19:50.827177,998.3794123352208,0.000990456389022341,0.5,1000.0,2.0747444971427056,0,1045670.5690230774,0.009894361043402956,42521.89524209856,42489.7344841273
2026-06-17 07:24:50.827177,996.6760356444067,0.000990090216181014,0.5,1000.0,2.0297876191023847,0,1021644.615987802,0.009952026233958088,40866.43246488447,40914.5279305578
2026-06-17 07:29:50.827177,998.851774412386,0.0010255078734457592,0.5,1000.0,2.045015563394665,0,995929.6642619811,0.010015653878763525,41838.25747238071,41825.221162249254
2026-06-17 07:34:50.827177,998.0382955548315,0.0010636285081464284,0.5,1000.0,1.9895641550561913,0,933437.3810973042,0.010179235864622313,40214.09311391753,40125.259315350486
2026-06-17 07:39:50.827177,996.7170261819114,0.00100631570997416,0.5,1000.0,1.3498784964606505,1,668501.3795192154,0.011065241525129605,20096.57892952944,58971.07819395423
2026-06-17 07:44:50.827177,998.9757445697421,0.0009765434572894796,0.5,1000.0,1.8520803981642233,0,947312.3704574031,0.010141756350646939,34752.63882659061,34805.16975800961
2026-06-17 07:49:50.827177,1001.6086962195735,0.0009503566999457228,0.5,1000.0,2.0139651674215897,0,1061288.3697710456,0.009857757346408605,40047.93431742537,39777.39395417587
2026-06-17 07:54:50.827177,997.6181924165454,0.0009277397367793887,0.5,1000.0,2.006502463118878,0,1078817.302406871,0.009817468105466002,39431.49595608492,39479.422229467724
2026-06-17 07:59:50.827177,999.4395158842964,0.0010333134836021762,0.5,1000.0,2.081328040606459,0,1006549.0881085749,0.00998913160445553,43247.929665181655,43230.86766941124
2026-06-17 08:04:50.827177,995.4134540842576,0.0010288989261819778,0.5,1000.0,1.9156146122575102,0,926635.5078031591,0.010197864574726646,37250.236043405865,37344.84435639749
2026-06-17 08:09:50.827177,996.0871272463639,0.001028868176255333,0.5,1000.0,1.8256327397603465,0,883732.8790620014,0.01031944216853675,34259.44949825758,34319.59591805959
2026-06-17 08:14:50.827177,998.9448125557608,0.0009935670276823973,0.5,1000.0,0.99981189506016,1,502611.74046385183,0.011883060755157012,11866.056511054046,27397.203400091683
2026-06-17 08:19:50.827177,1000.9682320570719,0.0010703467372945876,0.5,1000.0,2.0281230492218603,0,948331.3548023971,0.01013903091675866,41745.08438039245,41638.34791956652
2026-06-17 08:24:50.827177,998.7112266975713,0.0009757940752707591,0.5,1000.0,2.148959940944765,0,1099714.8236165354,0.0097704924850303,45062.26597004928,44960.94240049085
2026-06-17 08:29:50.827177,997.3738839389537,0.0010477634618603602,0.5,1000.0,1.8729637953674914,0,891444.1298353275,0.010297052865954757,36027.13272778905,35962.63622250361
2026-06-17 08:34:50.827177,997.9985828108468,0.0009980628552505228,0.5,1000.0,2.115469376671672,0,1057666.573198005,0.009866185578253186,44064.890014797515,44151.749439386316
2026-06-17 08:39:50.827177,995.4991845320606,0.0009695824617660332,0.5,1000.0,2.236741436402712,0,1148264.5178483445,0.009665537020123427,48139.15511252408,48316.02562483958
2026-06-17 08:44:50.827177,999.2090306527107,0.001029626515365888,0.5,1000.0,1.9622235112477522,0,952127.5061088926,0.01012890964203008,38968.70714443586,39001.69626082433
2026-06-17 08:49:50.827177,999.7646661246469,0.0010204818059341998,0.5,1000.0,1.8709057780506777,0,916461.9494764982,0.010226048902774787,35785.69709337816,35726.77519950741
2026-06-17 08:54:50.827177,997.0958193343338,0.0010178486379633462,0.5,1000.0,1.9593025633626628,0,959677.2652999838,0.010108929626298177,38694.12959488002,38645.627180845106
2026-06-17 08:59:50.827177,997.059915704481,0.00100406392110281,0.5,1000.0,2.001400496737138,0,993719.7067970877,0.010021217754961505,40023.01139628148,39979.1105229571
2026-06-17 09:04:50.827177,998.5317564593041,0.0009981053459141584,0.5,1000.0,2.0563787875006914,0,1028628.6568017829,0.009935090328482787,41950.76954236895,42054.780993813074
2026-06-17 09:09:50.827177,997.1265605279189,0.001119418599643522,0.5,1000.0,0.9578056066188059,1,426584.572780148,0.012380414592652269,11325.05247576741,26197.781084475067
2026-06-17 09:14:50.827177,997.8677347707484,0.0010592128322598087,0.5,1000.0,2.1555198534147344,0,1015340.6604749045,0.009967437708923032,46212.61720999818,46208.24852733717
2026-06-17 09:19:50.827177,1002.199443578333,0.0010361413447492755,0.5,1000.0,1.888546768499194,0,913340.8922213913,0.010234773812336673,36583.72258234181,36718.20243721182
2026-06-17 09:24:50.827177,997.505948598508,0.0010055899579101695,0.5,1000.0,1.82607948478272,0,905699.7508556966,0.010256292847806502,34114.99105970218,34058.24329055702
2026-06-17 09:29:50.827177,997.2833196959575,0.0010503578600298334,0.5,1000.0,2.1106710424287316,0,1002009.4598614542,0.010000426434181888,44430.19080091083,44485.89685811383
2026-06-17 09:34:50.827177,996.7049163887297,0.0010258997388195726,0.5,1000.0,1.77253789687938,0,861047.7074191604,0.010386749820179893,32526.499719080173,32616.5452143582
2026-06-17 09:39:50.827177,999.4883839429999,0.0010013102376387017,0.5,1000.0,1.9795870231127284,0,987992.6121954797,0.010035708785574133,39307.46152956977,39313.8057271064
2026-06-17 09:44:50.827177,997.6375516535638,0.0009848217837367043,0.5,1000.0,2.311768112920805,0,1170925.9067230842,0.009618428503663099,51282.058183788,51477.469963867115
2026-06-17 09:49:50.827177,996.7012539233572,0.0009959541331168657,0.5,1000.0,1.998795644704007,0,1000147.526462076,0.010005077533762322,39840.26808093843,40006.81340292166
2026-06-17 09:54:50.827177,1000.642608064546,0.0008414787132060973,0.5,1000.0,1.887923234930375,0,1122509.933987892,0.009720507205864058,34668.62209012099,34694.93179842101
2026-06-17 09:59:50.827177,1000.8392060090273,0.001010530041964882,0.5,1000.0,1.9942602536213205,0,987567.7940899291,0.010036787866742395,39950.546284830176,39870.16459898455
2026-06-17 10:04:50.827177,996.7991528685226,0.0009755761959944821,0.5,1000.0,1.9949199211380466,0,1019158.9829658943,0.009958088706374974,39503.40990708852,39427.75404588465
2026-06-17 10:09:50.827177,994.2669200972788,0.0010796334999141441,0.5,1000.0,2.0160649940353115,0,928327.4057792911,0.01019321493525536,41192.9817931574,41214.245912242164
2026-06-17 10:14:50.827177,1000.0150273796738,0.0010009672035405878,0.5,1000.0,2.066226298215962,0,1032130.3939201708,0.009926652822656817,42380.407558723404,42271.404503818725
2026-06-17 10:19:50.827177,996.63074034848,0.0009405518290232519,0.5,1000.0,1.896088883163226,0,1004570.0880492213,0.009994047614070368,35809.072850160075,35835.967046435006
2026-06-17 10:24:50.827177,999.5812511983255,0.0009975059922935942,0.5,1000.0,2.1687548055236796,0,1086633.3930802504,0.009799766166280182,46073.873285538626,46242.682839899986
2026-06-17 10:29:50.827177,994.0597923645763,0.0009476939457468748,0.5,1000.0,2.0245114284372616,0,1061780.2399307417,0.009856615495429748,40158.805679223566,40165.05435610172
2026-06-17 10:34:50.827177,999.7851946765986,0.0010236703707856233,0.5,1000.0,2.0726794046401804,0,1012158.9142411184,0.009975261712735443,42844.51825629662,42842.623479090595
2026-06-17 10:39:50.827177,995.5776561414384,0.0010145473682169742,0.5,1000.0,1.9371850600244358,0,950482.068156565,0.010133290493643629,37858.88820980761,37944.2075164253
2026-06-17 10:44:50.827177,999.461528238133,0.0010478919815554134,0.5,1000.0,2.128638213699553,0,1015129.4406186567,0.009967956154262119,45141.492043470425,45193.97559941809
2026-06-17 10:49:50.827177,998.0285461356729,0.0009604559104152717,0.5,1000.0,1.9742947591186935,0,1025764.1744505307,0.009942019098734753,38675.99913029579,38561.16805154425
2026-06-17 10:54:50.827177,996.0921211612067,0.0010017004048114074,0.5,1000.0,2.0277552513493533,0,1008201.1646449477,0.009985036945318094,40895.945242454676,40850.421824979916
2026-06-17 10:59:50.827177,997.1859273741464,0.0009317489102286683,0.5,1000.0,1.906689392281289,0,1020298.3920796028,0.009955307389701297,36090.31860738354,36279.714039735394
2026-06-17 11:04:50.827177,999.3726369139134,0.0010350747390962358,0.5,1000.0,1.9003068373597873,0,917380.4476457328,0.010223488314144411,36895.55274114823,36928.09725997588
2026-06-17 11:09:50.827177,998.2117889062305,0.001025943559022006,0.5,1000.0,1.04461314422175,1,508188.36291665275,0.011850325945465178,12908.148791731352,24174.81345312683
2026-06-17 11:14:50.827177,999.168825960945,0.0010247902510513785,0.5,1000.0,1.9556393169792614,0,953372.5747022487,0.010125601027833811,38693.42794308374,38674.24336470254
2026-06-17 11:19:50.827177,1001.952881169031,0.001000080951567847,0.5,1000.0,1.9146176912495623,0,959100.7153357189,0.010110448494319836,37134.86544136861,36956.60671471331
2026-06-17 11:24:50.827177,994.8715167765779,0.0010207386445394396,0.5,1000.0,1.935681665797297,0,943314.2191443512,0.010152485540073218,37844.89023210067,37659.138028651745
2026-06-17 11:29:50.827177,1001.2344251499372,0.0010802169554154299,0.5,1000.0,2.069895307171742,0,959275.0917335994,0.01010998899531955,43369.38025012021,43467.60737365737
2026-06-17 11:34:50.827177,998.2087118750464,0.0009857452871478993,0.5,1000.0,1.9370962138796388,0,980794.0964290434,0.010054072533549953,37658.737341068074,37658.29017412513
2026-06-17 11:39:50.827177,996.2024319033537,0.0010069322591855043,0.5,1000.0,1.9882345068397835,0,983523.9822935604,0.010047088696561412,39566.082090119584,39617.96977850597
2026-06-17 11:44:50.827177,995.339372748522,0.0009456936850409295,0.5,1000.0,2.0015027750287095,0,1053287.416509121,0.009876424562611261,39380.69060077168,39496.4790919301
2026-06-17 11:49:50.827177,997.621759218446,0.0009565869519200834,0.5,1000.0,1.80826511139897,0,942917.2214539516,0.010153554000010934,33121.36312942748,33155.31051520268
2026-06-17 11:54:50.827177,999.8433002238489,0.0010048906646546653,0.5,1000.0,1.8528873594626483,0,921790.338785185,0.010211238896494756,35051.64582072694,35124.956026904685
2026-06-17 11:59:50.827177,997.744901759245,0.0010551966773350953,0.5,1000.0,2.0336277889247563,0,961451.9274264381,0.01010426159113819,41693.37329018132,41719.10420059499
2026-06-17 12:04:50.827177,1001.0223098604947,0.0009871859587874214,0.5,1000.0,1.9262970638847303,0,976647.9755931225,0.010064726116664861,37384.557401126396,37513.19720970944
2026-06-17 12:09:50.827177,995.0976486198969,0.0009882041735343938,0.5,1000.0,2.105672491128042,0,1060180.5784683765,0.009860331450681272,43504.96872270636,43682.31345664655
2026-06-17 12:14:50.827177,997.9758221043079,0.0009796557377747812,0.5,1000.0,2.0966807104250544,0,1067944.8784883914,0.009842360441629984,43180.12394805779,43200.0810170096
2026-06-17 12:19:50.827177,995.4952131111737,0.0009732621664577839,0.5,1000.0,2.0719168666355436,0,1059623.703552979,0.009861626695731046,42143.673273030996,42159.436869558296
2026-06-17 12:24:50.827177,998.72726376525,0.001014748572785441,0.5,1000.0,2.18197717873126,0,1073763.5685116958,0.009828999401586514,46736.5469622944,46768.5629634674
2026-06-17 12:29:50.827177,999.7737747801946,0.0009251371177410678,0.5,1000.0,1.9916910672256818,0,1076186.6853522642,0.009823462037513876,38959.220850478145,38948.66831767161
2026-06-17 12:34:50.827177,997.1584764126379,0.0010640469788333363,0.5,1000.0,2.064888192590384,0,967542.2255995998,0.010088323330522592,42891.99632249181,42851.96827459084
2026-06-17 12:39:50.827177,992.7915722867457,0.000966728885093527,0.5,1000.0,1.9415599023403969,0,996951.8537490163,0.010013085591534295,37473.78828369138,37578.62189311945
2026-06-17 12:44:50.827177,998.397896293593,0.0010360951742719071,0.5,1000.0,2.2452369912868724,0,1081773.1538787605,0.009810754877426912,49377.65487022,49337.761900720034
2026-06-17 12:49:50.827177,998.873477103467,0.0009365000701303062,0.5,1000.0,2.198363365243602,0,1172390.1196676986,0.009615423951688582,46417.0862761334,46371.42579837732
2026-06-17 12:54:50.827177,998.8085895099234,0.001033442006527311,0.5,1000.0,2.001188043451779,0,967061.4288946906,0.01008957700697448,40358.129238804635,40447.966264223694
2026-06-17 12:59:50.827177,1000.4715643836444,0.001033597230390725,0.5,1000.0,2.038658622990519,0,986660.9167559905,0.010039093369994494,41743.44234135975,41840.953300411486
2026-06-17 13:04:50.827177,995.857892640702,0.0010192101036002948,0.5,1000.0,2.1359297599364804,0,1043495.5962686792,0.009899512757938456,44976.44477038154,45209.79192397123
2026-06-17 13:09:50.827177,999.3604322109009,0.0009502785739100104,0.5,1000.0,1.9852860495185893,0,1043913.0056072653,0.009898523027763149,38988.6977603219,39110.66414541614
2026-06-17 13:14:50.827177,1000.3850150249559,0.0010124774094799039,0.5,1000.0,1.9343375929200295,0,955617.5396301764,0.010119648941513473,37878.88344885233,37961.586208935405
2026-06-17 13:19:50.827177,994.442824831987,0.0009408471907632806,0.5,1000.0,2.087398975100688,0,1103154.1326421404,0.009762868187333686,42302.70863877596,42399.843061649604
2026-06-17 13:24:50.827177,998.639303651838,0.0009873618372451907,0.5,1000.0,2.007843924608367,0,1015388.5754319192,0.009967320119013986,40127.949015535916,40113.16065493355
2026-06-17 13:29:50.827177,996.9916403379847,0.0010514706550477663,0.5,1000.0,2.018299444964526,0,956863.4486699085,0.010116353193544455,41085.322647360204,41141.544151050046
2026-06-17 13:34:50.827177,997.8369546537967,0.0010398350963535371,0.5,1000.0,1.9165728656932035,0,919581.9790954592,0.010217363910267818,37449.7666733032,37510.73086655325
2026-06-17 13:39:50.827177,998.6953529670767,0.0010007591471270217,0.5,1000.0,1.8282327851636604,0,912231.275590458,0.010237884728111343,34174.821112400095,34120.613909746135
2026-06-17 13:44:50.827177,997.0255428717729,0.0009512596712038579,0.5,1000.0,2.0236142409879103,0,1060485.9788866448,0.009859621475568724,40255.19927611713,40250.304835822804
2026-06-17 13:49:50.827177,996.6485838416768,0.0010322793856087098,0.5,1000.0,2.09049620414942,0,1009169.663968121,0.009982640424666471,43479.670947045095,43574.91018768164
2026-06-17 13:54:50.827177,998.0683048349761,0.0010009690618849013,0.5,1000.0,1.9774193250923957,0,985844.432607363,0.010041171338847426,39187.015638243276,39185.16471029185
2026-06-17 13:59:50.827177,995.8255081222744,0.0008839842200884789,0.5,1000.0,2.143642951955887,0,1207427.8495890682,0.009544895492444952,43677.65614300796,43738.81329803794
2026-06-17 14:04:50.827177,995.8283497422296,0.001039131491315826,0.5,1000.0,1.9296083674584454,0,924598.4421960498,0.010203476897088243,37833.020762140775,37922.70051040131
2026-06-17 14:09:50.827177,999.358746565913,0.0009987883583065153,0.5,1000.0,1.894529554503408,0,947805.7414139229,0.010140436295061063,36373.14284092621,36458.15718084203
2026-06-17 14:14:50.827177,995.7024119296827,0.0010601225623991537,0.5,1000.0,1.993276969280387,0,936076.0521240057,0.010172054799016388,40241.44323257604,40414.50826274424
2026-06-17 14:19:50.827177,999.3326250018184,0.0009452364740578598,0.5,1000.0,1.991740742464871,0,1052864.3144427864,0.00987741664345412,39157.8694185632,39099.74126835055
2026-06-17 14:24:50.827177,998.925182585708,0.0008411648093402,0.5,1000.0,2.076996873133522,0,1233268.711248316,0.009494498855799352,40914.44775301859,41078.69961366723
2026-06-17 14:29:50.827177,994.5483865424188,0.0010139541929172593,0.5,1000.0,1.9225037175936015,0,942854.7087287124,0.01015372229490963,37323.77605546759,37371.20368407787
2026-06-17 14:34:50.827177,996.6448706953287,0.0010145781838340987,0.5,1000.0,2.13680942368149,0,1049519.9806670747,0.009885275945478703,44984.28413891121,45067.688943758716
2026-06-17 14:39:50.827177,1000.3882188060948,0.0009154664186196774,0.5,1000.0,2.1966916962508254,0,1200232.1704994473,0.009559169424708448,46145.24374028891,46214.93891227111
2026-06-17 14:44:50.827177,996.0376689377206,0.0009510750227066697,0.5,1000.0,1.9960855973031657,0,1045225.8748630789,0.009895413271170562,39270.643881506294,39335.279250022315
2026-06-17 14:49:50.827177,997.0711914753812,0.001137760887185995,0.5,1000.0,2.124971042018432,0,931103.9923143528,0.010185607286639286,45858.424285773406,45794.68718397629
2026-06-17 14:54:50.827177,998.9241217865037,0.0009847194692923099,0.5,1000.0,1.894350292937474,0,960838.2192791029,0.010105874657418898,36226.55087046733,36306.27943638337
2026-06-17 14:59:50.827177,999.5667810185652,0.001036547948818811,0.5,1000.0,2.1075221541181914,0,1016165.7923870289,0.009965413689676949,44243.70051046849,44099.81736863171
2026-06-17 15:04:50.827177,997.496922227911,0.0009674670086315809,0.5,1000.0,2.104727640855946,0,1085028.9080406819,0.009803387006792966,43319.10956895501,43528.636174598774
2026-06-17 15:09:50.827177,996.8049796106167,0.0008954848550573422,0.5,1000.0,2.086343728018988,0,1161202.1161069963,0.009638501519692833,41820.71371593296,41858.89567092741
2026-06-17 15:14:50.827177,1000.844739723397,0.0009914870876602047,0.5,1000.0,0.9985897800193188,1,504007.2336355014,0.011874826758341237,11851.36100372615,32423.07481554774
2026-06-17 15:19:50.827177,1001.4777993275951,0.0009867197719856948,0.5,1000.0,1.7045751058757967,0,865034.9239408189,0.010374760131501714,30189.20482277934,30257.386558609054
2026-06-17 15:24:50.827177,999.9577161015636,0.0009800060880665814,0.5,1000.0,1.9358272856347871,0,987619.0846576337,0.010036657552691779,37610.05394410158,37613.712444998215
2026-06-17 15:29:50.827177,998.1706362851301,0.0009942679582246804,0.5,1000.0,1.9374083982315398,0,972506.534888216,0.010075424262425891,37749.43783921157,37695.362882717745
2026-06-17 15:34:50.827177,996.3834685567182,0.001013213413582282,0.5,1000.0,1.9021745061939523,0,935289.252429433,0.010174193401072718,36679.821687115626,36606.787963714436
2026-06-17 15:39:50.827177,996.3391111868868,0.0009924941524373098,0.5,1000.0,2.0122243004547067,0,1010009.8655998545,0.00998056370026649,40263.82488045381,40341.76153189159
2026-06-17 15:44:50.827177,999.0450282105315,0.0009367996916026318,0.5,1000.0,1.9581036554478766,0,1044104.5931331587,0.009898068915201582,37914.63613695433,37987.33534845921
2026-06-17 15:49:50.827177,998.8367964417773,0.0010243092395780969,0.5,1000.0,1.9175387990234978,0,934926.7960612854,0.010175179351310184,37370.15733503854,37426.00218342583
2026-06-17 15:54:50.827177,1000.8031971858928,0.0009025314122338788,0.5,1000.0,1.894119985175218,0,1050180.254848473,0.009883721799917115,35488.216145839935,35476.439525855305
2026-06-17 15:59:50.827177,999.3009001850722,0.00089748212713579,0.5,1000.0,1.928448701451477,0,1073614.9863347765,0.009829339453271795,36528.91675296699,36570.24034447754
2026-06-17 16:04:50.827177,994.9938393964803,0.0010369590247350784,0.5,1000.0,2.112149921184993,0,1013336.1634022803,0.009972363245159899,44265.76395451589,44223.478614681815
2026-06-17 16:09:50.827177,1000.1038952354459,0.001025351013606768,0.5,1000.0,1.9338974945372507,0,943139.6622262078,0.010152955264673021,37975.586764581174,37907.504496843976
2026-06-17 16:14:50.827177,996.0038787453711,0.0009971302317462983,0.5,1000.0,1.9485061293566728,0,973152.5536035281,0.010073751725686045,38093.93403669622,38066.20156013203
2026-06-17 16:19:50.827177,997.2320574560953,0.0009302275747622464,0.5,1000.0,1.9543302384976753,0,1047550.5228835082,0.009889918901221132,37669.06711064818,37645.734077922614
2026-06-17 16:24:50.827177,998.5004004125034,0.0009646044529662963,0.5,1000.0,2.033899351380942,0,1052685.0205322243,0.00987783719839727,40800.832362729656,40947.252625847905
2026-06-17 16:29:50.827177,1001.9913349795679,0.0009868626626156748,0.5,1000.0,2.0456249488528533,0,1038492.2598732557,0.009911414954467275,41557.71384022524,41421.21083543486
2026-06-17 16:34:50.827177,1004.2198371120107,0.0009202053015712943,0.5,1000.0,1.6955343460756838,0,925168.1238559047,0.01020190581065377,29452.576240757615,29449.273149858942
2026-06-17 16:39:50.827177,999.2134461182724,0.0009630485670988384,0.5,1000.0,1.0028245880312336,1,520241.5779909395,0.011781082852475875,11838.411378477369,32203.50074020749
2026-06-17 16:44:50.827177,997.6336067625592,0.001032616516908834,0.5,1000.0,2.1436368034243753,0,1035507.4128540348,0.009918549652924411,45469.65423829713,45668.20768908057
2026-06-17 16:49:50.827177,999.0690112969611,0.0010713652682144607,0.5,1000.0,1.894981346263833,0,883553.5350110943,0.010319965789809172,37024.02448786267,36963.281065254814
2026-06-17 16:54:50.827177,999.7753108517477,0.0009790282623670726,0.5,1000.0,1.9027701755265165,0,971546.3367303698,0.010077912774808368,36479.23095611044,36367.639185385815
2026-06-17 16:59:50.827177,997.3586647488856,0.001037824417715805,0.5,1000.0,1.9549746612221728,0,939374.1775828897,0.010163114545167015,38740.07445321376,38812.3743190176
2026-06-17 17:04:50.827177,1001.5904227118247,0.0009042969964706267,0.5,1000.0,1.9243995980543396,0,1065722.9949918997,0.0098474864222435,36526.332554998255,36542.818356045515
2026-06-17 17:09:50.827177,998.4601415183828,0.0010329725620556807,0.5,1000.0,2.0223926873946607,0,977411.4836328875,0.010062760017559695,41094.038227942976,41071.95841962965
2026-06-17 17:14:50.827177,998.9954861781828,0.0009598025792636259,0.5,1000.0,0.882965711979772,1,459510.5179831049,0.012152415519902279,9464.8517232264,26376.01446778792
2026-06-17 17:19:50.827177,999.331848504109,0.0010153672808353984,0.5,1000.0,1.888207239196326,0,929193.635800639,0.010190838477623426,36309.390883796295,36395.575304502294
2026-06-17 17:24:50.827177,998.8431732212289,0.0009876123790880146,0.5,1000.0,2.1539197200174907,0,1089206.683492937,0.009793972955233638,45385.30213908332,45459.006136047195
2026-06-17 17:29:50.827177,999.6778810009392,0.0010660207004891918,0.5,1000.0,1.9071780032651982,0,894243.2656893261,0.010288985501745557,37412.35928511747,37442.53195153953
2026-06-17 17:34:50.827177,996.7654936269062,0.0009562782175830041,0.5,1000.0,2.1243428278102927,0,1107142.0369414142,0.009754064871572014,43876.0824815765,44007.76302880492
2026-06-17 17:39:50.827177,996.883396492108,0.0010313803148780916,0.5,1000.0,2.0355338195590136,0,983725.3234547102,0.010046574567328435,41497.22155363198,41516.961077158405
2026-06-17 17:44:50.827177,995.7996915340566,0.0009860246268351735,0.5,1000.0,1.8190732285411741,0,918553.4065580523,0.010220222995464039,33676.947812667895,33681.25990116496
2026-06-17 17:49:50.827177,998.8790024612405,0.0009920847260995167,0.5,1000.0,2.0635329195216205,0,1038832.4958401411,0.009910603313967977,42153.70774796965,42225.09691817896
2026-06-17 17:54:50.827177,999.5578730070242,0.0009908073053420396,0.5,1000.0,1.9882332697807146,0,1002896.4297441022,0.009998214585554072,39506.18300377177,39380.13004147737
2026-06-17 17:59:50.827177,998.9155457323038,0.0009577163447752944,0.5,1000.0,1.954453294375026,0,1019265.1455776278,0.00995782939749843,37996.53959046529,38058.1151194298
2026-06-17 18:04:50.827177,1001.3489848666951,0.0009992950517046665,0.5,1000.0,2.0244957093172005,0,1014328.410779967,0.009969923531573634,40917.680844127,40887.35895094954
2026-06-17 18:09:50.827177,997.9888079623419,0.000996867588893909,0.5,1000.0,2.047463348556679,0,1024883.1085178992,0.00994415513546379,41603.113565965585,41470.11502687178
2026-06-17 18:14:50.827177,999.337483311185,0.0010120620124203364,0.5,1000.0,2.070759182197462,0,1022361.8929890568,0.009950280218573967,42638.967561015575,42681.486009011736
2026-06-17 18:19:50.827177,995.8165982477213,0.0010042252572846431,0.5,1000.0,2.1178252847548,0,1050046.070564903,0.009884037542391677,44146.268993369515,44100.441742640134
2026-06-17 18:24:50.827177,997.2258005950512,0.001039899727480612,0.5,1000.0,1.3900522582364878,1,666504.6347532026,0.011073519668817861,21337.397251922634,39164.334316123946
2026-06-17 18:29:50.827177,999.3910755151315,0.0010461754308023685,0.5,1000.0,1.8624365911213638,0,889574.7563350736,0.010302458226014374,35714.06793035869,35626.953935450416
2026-06-17 18:34:50.827177,999.6982042214863,0.00094746883390861,0.5,1000.0,1.952635454234881,0,1030137.3972613991,0.009931450592553171,37855.060057767216,38024.025189487584
2026-06-17 18:39:50.827177,997.4120661046717,0.0010434386250295386,0.5,1000.0,2.294304833526862,0,1096550.9946582536,0.009777532462500104,51334.12034747572,51278.450800588296
2026-06-17 18:44:50.827177,997.8568014962839,0.0009406831786445073,0.5,1000.0,2.0724491060381727,0,1099205.06880702,0.00977162505113739,41879.62309670635,41911.91993521354
2026-06-17 18:49:50.827177,994.9642525066383,0.0010293927944068867,0.5,1000.0,2.2369287300811496,0,1081056.781205756,0.009812379771469095,48852.424347127184,48744.011490362805
2026-06-17 18:54:50.827177,997.2859415983868,0.0010309869392351434,0.5,1000.0,2.1395434082199185,0,1034802.9064462129,0.009920237389416163,45288.08594644969,45498.17880617487
2026-06-17 18:59:50.827177,999.7807663270396,0.0009044341554168749,0.5,1000.0,2.024180207155575,0,1118785.9428867095,0.009728586049161853,39852.2503627839,39859.184043631154
2026-06-17 19:04:50.827177,999.1504100322131,0.0010046489623264706,0.5,1000.0,2.030140706978112,0,1009514.7637952339,0.009981787180781096,41104.69745645798,41036.29207834786
2026-06-17 19:09:50.827177,999.0013314427624,0.0009765751943319842,0.5,1000.0,1.2325640721555455,1,630434.3773620952,0.01122862306158627,17041.647540577724,56471.76136650388
2026-06-17 19:14:50.827177,998.0995473743619,0.0009620617371032313,0.5,1000.0,1.8262195384153501,0,947313.8907835975,0.010141752281566122,33759.252890671116,33964.272829876114
2026-06-17 19:19:50.827177,998.0141263172563,0.0010675426165349504,0.5,1000.0,2.0018047252468225,0,935714.1171607531,0.01017303829608895,40684.66909367435,40643.84315860102
2026-06-17 19:24:50.827177,996.6793577210531,0.000967316042968129,0.5,1000.0,2.1210674552542197,0,1092726.707239909,0.009786076026100808,43880.6457265475,43810.24125019645
2026-06-17 19:29:50.827177,999.397656840405,0.0009596811535440976,0.5,1000.0,1.9400360005178796,0,1010162.2950202639,0.009980187172246855,37540.200795399556,37769.71686260491
2026-06-17 19:34:50.827177,998.8419458887788,0.0010037847470002546,0.5,1000.0,2.041195299906181,0,1015572.0593435168,0.00996686988833204,41478.65641416311,41466.38860978715
2026-06-17 19:39:50.827177,998.9840376959856,0.0010342794873149208,0.5,1000.0,2.08515910458932,0,1007000.8576448418,0.009988011063015795,43382.6384039064,43358.978163528096
2026-06-17 19:44:50.827177,996.9479303146649,0.0009929175706994936,0.5,1000.0,1.9090319560687525,0,958390.4614390715,0.010112321162854095,36740.894612228105,36526.45659718754
2026-06-17 19:49:50.827177,993.6933141602575,0.0010583185272834627,0.5,1000.0,1.9548697135656334,0,917748.7279801975,0.010222462522362651,38818.92739498169,38815.561020567446
2026-06-17 19:54:50.827177,1000.1943054235074,0.0010265487830982045,0.5,1000.0,1.898208850952284,0,924738.1685539181,0.010203091443263979,36770.890260712484,36635.29567692457
2026-06-17 19:59:50.827177,997.0423250879832,0.0008910894340134285,0.5,1000.0,1.9177834393310593,0,1072906.481874553,0.009830961777086346,36050.28732274814,35994.27801103332
2026-06-17 20:04:50.827177,996.2744484719137,0.0009735266518246497,0.5,1000.0,1.8712394716346938,0,957481.7849452773,0.01011471952706401,35285.118183618986,35083.68802023657
2026-06-17 20:09:50.827177,999.386957823828,0.0009719078950324151,0.5,1000.0,1.9099551538621973,0,981977.9634234892,0.010051040879571605,36643.0029007012,36766.51775023827
2026-06-17 20:14:50.827177,997.2159747201617,0.001023968047671471,0.5,1000.0,2.141945568079784,0,1042992.6706831768,0.009900705915468731,45297.29289702045,45150.63182176622
2026-06-17 20:19:50.827177,1000.1198727680933,0.0008687591471812945,0.5,1000.0,1.9084522970909708,0,1098509.9119493298,0.009773170599499264,35600.01285047776,35405.9377862162
2026-06-17 20:24:50.827177,999.2340118991534,0.001127450485435886,0.5,1000.0,2.012645921906069,0,891881.4107837091,0.010295790497133167,41673.66153580419,41582.839816252424
2026-06-17 20:29:50.827177,999.3671386464009,0.0010265513047447105,0.5,1000.0,1.9497131246329045,0,949041.3277640712,0.010137134145275305,38510.72447171144,38635.4581183517
2026-06-17 20:34:50.827177,995.268088577599,0.0010074438401958847,0.5,1000.0,2.1178865937036937,0,1046145.1337722951,0.009893238753151292,44165.58344254946,44121.08413259604
2026-06-17 20:39:50.827177,1000.4238879707729,0.0010590783858209574,0.5,1000.0,2.131116229660362,0,1006544.7528427148,0.009989142360428168,45386.48280760195,45355.35692610639
2026-06-17 20:44:50.827177,998.5225010624678,0.0011171827026406312,0.5,1000.0,2.086406998213895,0,932400.908627801,0.010182063538438672,44257.993451685456,44305.83833772838
2026-06-17 20:49:50.827177,997.2614457215076,0.0010435373322294202,0.5,1000.0,2.0306134553102755,0,970282.733353648,0.010081192300927405,41454.85951737477,41439.6937012132
2026-06-17 20:54:50.827177,998.2867769346846,0.001047440654823581,0.5,1000.0,1.9768940463159101,0,942061.574920668,0.010155858757997047,39622.21569537931,39746.011577500125
2026-06-17 20:59:50.827177,994.4475295342033,0.001006534501223219,0.5,1000.0,1.880812529580875,0,929113.3941686343,0.01019105850002169,35850.24982271125,35826.28680594819
2026-06-17 21:04:50.827177,998.8173056229614,0.0009929237123316526,0.5,1000.0,2.1943528881122196,0,1103688.8393688237,0.00976168551252144,46948.72598390939,46926.401159419554
2026-06-17 21:09:50.827177,995.9412569836359,0.000976210227799755,0.5,1000.0,1.9240326982247447,0,981460.4935386078,0.010052365457323431,37061.832544037665,37288.251872420755
2026-06-17 21:14:50.827177,995.2946594283129,0.0009586944004142729,0.5,1000.0,2.0663646347032842,0,1072626.315780605,0.009831603667085985,41782.07048795582,41787.587027876216
2026-06-17 21:19:50.827177,994.9552816275642,0.0009656492950150252,0.5,1000.0,2.1059565572623398,0,1084934.5670022801,0.009803600114472809,43260.14454172858,43283.201605905226
2026-06-17 21:24:50.827177,1000.2253767499799,0.0009324722017828509,0.5,1000.0,1.944471950309467,0,1042878.3750118564,0.009900977174647104,37443.74625633718,37422.70368358126
2026-06-17 21:29:50.827177,996.7414732126144,0.000996206427465749,0.5,1000.0,2.1038012527315963,0,1052465.584531842,0.009878352033197221,43578.91837058734,43336.09492245863
2026-06-17 21:34:50.827177,1001.067455419833,0.0009157666211386807,0.5,1000.0,2.0764213203338855,0,1134916.7787648325,0.009693831593286384,41839.81661768027,41927.10365217417
2026-06-17 21:39:50.827177,996.9283970738954,0.0010095458262071855,0.5,1000.0,2.1727963835381767,0,1072820.2522250465,0.009831159315964936,46270.77358235087,46436.826836091655
2026-06-17 21:44:50.827177,994.5852840848141,0.0009981834695978829,0.5,1000.0,1.9530653533573288,0,973012.536506759,0.010074114110883919,38219.27519823584,38344.84672992992
2026-06-17 21:49:50.827177,995.7669511201027,0.0010073467649193344,0.5,1000.0,1.8714135982720286,0,924950.5125403674,0.010202505803376661,35579.85062396358,35524.0424635322
2026-06-17 21:54:50.827177,1000.4716232400139,0.0009738934214990004,0.5,1000.0,1.949451024455549,0,1001326.4222803629,0.010002131402796825,38029.62026178316,38012.29953940105
2026-06-17 21:59:50.827177,997.6882036441267,0.0011538430185090251,0.5,1000.0,2.020885354253433,0,873694.8815884619,0.010348955677598993,42167.195476823144,42202.114199608615
2026-06-17 22:04:50.827177,996.9034254070187,0.0010680057950090156,0.5,1000.0,2.0058212727085056,0,936141.9698572401,0.010171875729889514,40797.974278121335,40829.36781261787
2026-06-17 22:09:50.827177,998.3200364517056,0.0009377728749957639,0.5,1000.0,1.960656210372545,0,1043622.838534983,0.009899210998052486,37990.34761647624,38058.44459217079
2026-06-17 22:14:50.827177,999.0035654723351,0.001011643404371345,0.5,1000.0,1.8090802541022757,0,893238.4752692818,0.010291877762938044,33649.399975509405,33669.70611099904
2026-06-17 22:19:50.827177,1000.2347976318049,0.0009695996928531338,0.5,1000.0,2.0470482996129107,0,1055863.031309763,0.009870396042079555,41370.685569328,41334.552783991625
2026-06-17 22:24:50.827177,1000.8969984597859,0.0009492760136646293,0.5,1000.0,2.19723444790822,0,1158359.282319727,0.009644409763540312,46603.42543828243,46617.119999146205
2026-06-17 22:29:50.827177,997.2804627084219,0.0009329963964438033,0.5,1000.0,2.0464251238123006,0,1093712.581395054,0.009783869984374036,40862.007748311975,40961.88627314111
2026-06-17 22:34:50.827177,995.3479046278359,0.0010216108345379627,0.5,1000.0,2.0609135519053514,0,1003966.4401346341,0.009995549538332857,42257.240432768966,42548.86827918368
2026-06-17 22:39:50.827177,997.1730696777535,0.0009659309882465213,0.5,1000.0,2.05724453061551,0,1061892.0340239045,0.00985635606347691,41596.68850663137,41546.79438348225
2026-06-17 22:44:50.827177,998.5205610131658,0.0010483913012012602,0.5,1000.0,2.03970466698824,0,971339.1584080332,0.010078450114949256,41868.30138942684,41890.92184565924
2026-06-17 22:49:50.827177,996.0724821475787,0.001049689110726522,0.5,1000.0,2.0931665966868094,0,993125.3102488485,0.010022716871121282,43740.52542655677,43704.19730372893
2026-06-17 22:54:50.827177,996.0856981702099,0.0010686957192605725,0.5,1000.0,2.0395373681185665,0,950482.8954832163,0.010133288288568696,41986.57378429016,42017.32894532666
2026-06-17 22:59:50.827177,998.6875757630997,0.0009573806616962948,0.5,1000.0,1.9687322830346723,0,1026837.3645582165,0.009939420376383082,38473.706865592,38571.27212947081
2026-06-17 23:04:50.827177,997.9026952968591,0.0010237682805346005,0.5,1000.0,0.9252552377447423,1,450939.2960977799,0.012209755131243422,10430.815275505973,21750.91015461754
2026-06-17 23:09:50.827177,998.0655939908231,0.001031622710832115,0.5,1000.0,1.9751026344719325,0,955427.7757597142,0.010120151386802,39402.64993110915,39198.04669755741
2026-06-17 23:14:50.827177,996.4830093305999,0.0009762910912448018,0.5,1000.0,2.0314129496450666,0,1036713.5925999595,0.009915663422575667,40774.44965910305,40877.30703143813
2026-06-17 23:19:50.827177,997.5391985715885,0.0009614114021303563,0.5,1000.0,1.9683917038877026,0,1021179.8395671971,0.009953158423828984,38469.269465352874,38482.311376103804
2026-06-17 23:24:50.827177,996.1515337114633,0.0010804760332887987,0.5,1000.0,2.031433868313143,0,936446.4834050877,0.010171048706720835,41811.57425667659,41777.37105393006
2026-06-17 23:29:50.827177,999.7803968222496,0.0010113747937866026,0.5,1000.0,2.0439150133700417,0,1010241.789538419,0.009979990834699104,41683.13999766438,41626.611245102984
2026-06-17 23:34:50.827177,1000.0704986694475,0.001031798387535587,0.5,1000.0,2.0833179431270183,0,1009627.8688932268,0.009981507612812548,43324.92974480648,43356.05022605097
2026-06-17 23:39:50.827177,994.3076242755238,0.0009588961994086037,0.5,1000.0,2.128279496883898,0,1103437.7504291257,0.009762240786740383,43967.07835188249,43897.49104482422
2026-06-17 23:44:50.827177,996.1409782796152,0.0009390357766738903,0.5,1000.0,2.007800741847886,0,1064950.156776333,0.009849272525458207,39551.793455949155,39493.892751962965
2026-06-17 23:49:50.827177,995.0069414898198,0.0009715275112753945,0.5,1000.0,0.9892454519686945,1,506576.5406138192,0.011859741043674661,11548.070896430452,37169.953445059735
2026-06-17 23:54:50.827177,996.6999521311863,0.0009937989306305001,0.5,1000.0,1.965489590318081,0,985613.54827657,0.01004175933439104,38664.79769190484,38596.561379885716
2026-06-17 23:59:50.827177,997.8331240604193,0.0009467889996591325,0.5,1000.0,2.0044062567406598,0,1056234.7881998287,0.009869527420778028,39566.33047707583,39629.416852959585
2026-06-18 00:04:50.827177,995.1007095606029,0.000999507759567481,0.5,1000.0,1.816423124382291,0,904207.0572404955,0.01026052308310329,33687.63957838278,33549.52257248674
2026-06-18 00:09:50.827177,996.1562803737494,0.000915574740596575,0.5,1000.0,2.138866452010248,0,1163556.1547178717,0.00963362280392726,43902.0148724877,44017.2216068209
2026-06-18 00:14:50.827177,995.992085255837,0.0009439976288765064,0.5,1000.0,2.0142377912510465,0,1062590.0089902065,0.009854737098269057,39821.9396635332,39704.044338249194
2026-06-18 00:19:50.827177,998.4145346587978,0.0010335455624138439,0.5,1000.0,1.089554463148921,1,526259.8243707941,0.011747255663798336,13923.396907023502,47786.05112016461
2026-06-18 00:24:50.827177,998.1386886740725,0.0010301895260138947,0.5,1000.0,2.1365526462526265,0,1035040.5448525948,0.009919667935298679,45197.584044124,45246.07892488415
2026-06-18 00:29:50.827177,996.5565248933254,0.0009804061617306567,0.5,1000.0,1.9369857169857654,0,984446.9722017358,0.01004473290088723,37557.196514993295,37639.660710353266
2026-06-18 00:34:50.827177,998.3536417442788,0.0009491117845461523,0.5,1000.0,1.3703793613281903,1,720738.720259073,0.010859054461446256,20359.07472112794,42106.46378286464
2026-06-18 00:39:50.827177,996.9066398308255,0.0009486298224236994,0.5,1000.0,1.9890135876898065,0,1045118.340901193,0.009895667800226507,39027.89213534842,39019.48944965085
2026-06-18 00:44:50.827177,997.4566897793479,0.0009813365877029342,0.5,1000.0,1.981591313298408,0,1007071.1398240833,0.00998783679589401,39119.53322982868,39102.378065923855
2026-06-18 00:49:50.827177,1001.3469041805971,0.0010322259245822646,0.5,1000.0,1.922780761219562,0,932630.4042617442,0.010181437096609337,37692.346772554956,37752.00020570413
2026-06-18 00:54:50.827177,1000.6809221035807,0.0010464122845672162,0.5,1000.0,2.1665603213686526,0,1035937.561205566,0.009917519882301336,46584.374685359595,46612.177415693535
2026-06-18 00:59:50.827177,995.4008375261448,0.0009751734132259016,0.5,1000.0,1.9624499959924429,0,1001577.9466095539,0.010001503389681783,38340.73970401308,38306.15756170598
2026-06-18 01:04:50.827177,999.6594648357584,0.0009423253787007608,0.5,1000.0,2.06994642468957,0,1097944.288626107,0.009774429057165381,41866.02140020252,41903.11865604938
2026-06-18 01:09:50.827177,999.6227931089832,0.0010133921818933167,0.5,1000.0,1.8124992612528064,0,893936.0330649536,0.010289869430956444,33791.0502901527,33774.3375049961
2026-06-18 01:14:50.827177,995.7034734224948,0.0009588232514687075,0.5,1000.0,2.1179988529689786,0,1099732.829473889,0.009770452491868002,43641.145412111524,43581.091871245415
2026-06-18 01:19:50.827177,999.6375552875097,0.0009740873680569399,0.5,1000.0,2.1052211155957057,0,1080220.398264481,0.009814278579632532,43480.68524386253,43442.85119181733
2026-06-18 01:24:50.827177,1001.0758638368251,0.001066263804521852,0.5,1000.0,2.00974341102973,0,943437.0803711,0.010152154991334716,41049.36629212548,41098.00817531041
2026-06-18 01:29:50.827177,995.7549103875111,0.0010413557714282883,0.5,1000.0,1.9773057533862075,0,945359.8699372936,0.010146988872941382,39503.65692656451,39410.84816505838
2026-06-18 01:34:50.827177,996.1649943579715,0.0010078987156125726,0.5,1000.0,2.0400000005613568,0,1008125.3986986014,0.009985224547092149,41395.148715836454,41505.782285184556
2026-06-18 01:39:50.827177,1000.035322933687,0.0009364040499443639,0.5,1000.0,2.228879066088029,0,1190168.8148229974,0.009579312322995508,47590.76479229168,47535.03743365529
2026-06-18 01:44:50.827177,998.5429906216513,0.001010569828373533,0.5,1000.0,1.8236763301096515,0,900986.3373441786,0.01026968028759506,34105.091074302814,33879.10185691222
2026-06-18 01:49:50.827177,999.102952550479,0.0010531328645393763,0.5,1000.0,2.0782027387574127,0,985791.3289977806,0.010041306563122488,43328.76339457778,43384.01762628425
2026-06-18 01:54:50.827177,998.681178432801,0.0009812183167117233,0.5,1000.0,1.9088382697846098,0,971405.0483151497,0.01007827920657405,36673.428913924174,36403.28287524275
2026-06-18 01:59:50.827177,998.7813918418562,0.0010675557044993358,0.5,1000.0,1.9980081603700268,0,934646.0156201636,0.01017594345598208,40573.2356055143,40472.04369913657
2026-06-18 02:04:50.827177,995.3470557433778,0.0010646372644759104,0.5,1000.0,1.9752119880921337,0,923329.2419950863,0.010206981493335605,39636.864227308,39879.10986960012
2026-06-18 02:09:50.827177,1000.0946354132429,0.0010831866416071737,0.5,1000.0,1.9571681742202245,0,903516.2161596466,0.010262483855688282,39314.2391044288,39420.2384163692
2026-06-18 02:14:50.827177,1000.3391799848555,0.0010152621563265676,0.5,1000.0,1.998953487094727,0,984785.7913582117,0.010043868807612611,40147.054537359465,40244.792113214906
2026-06-18 02:19:50.827177,997.5412185118639,0.0010293695849903006,0.5,1000.0,1.8865828854722209,0,914124.6340668402,0.010232579362996815,36330.196944518444,36218.31501611753
2026-06-18 02:24:50.827177,997.9130461003723,0.0010707093644165544,0.5,1000.0,2.1029180436127968,0,979971.5125049839,0.010056181706196703,44378.28421338941,44359.62116378309
2026-06-18 02:29:50.827177,994.9377849948886,0.0010223696968534488,0.5,1000.0,1.82058564888014,0,885868.1250359567,0.010313218191365046,34010.44861002365,34134.591605211375
2026-06-18 02:34:50.827177,999.0285095120357,0.0009749382946104894,0.5,1000.0,2.0539764512828342,0,1052364.567091769,0.009878589082682555,41635.494087597,41699.45784500853
2026-06-18 02:39:50.827177,999.1441148834283,0.000977572858173607,0.5,1000.0,1.967346414746543,0,1005379.0752248663,0.009992036557410324,38640.596792839984,38754.182487337894
2026-06-18 02:44:50.827177,997.8756179660014,0.001011927747688687,0.5,1000.0,1.8829075106192545,0,928380.2623376861,0.010193069846603172,36061.13460251626,36239.288115638024
2026-06-18 02:49:50.827177,1000.248706719741,0.000935471928902689,0.5,1000.0,2.0202383370598693,0,1080064.896378082,0.009814631812213249,40067.03699725929,40133.04798482928
2026-06-18 02:54:50.827177,997.3318455380402,0.0009928370542317904,0.5,1000.0,1.8443048913293523,0,926327.2322302498,0.010198712914324816,34597.959792847105,34474.89140463706
2026-06-18 02:59:50.827177,999.1292118517872,0.0010548273559115127,0.5,1000.0,2.0039713821719634,0,949077.7502223658,0.010137036886473485,40673.89040579683,40733.72859355484
2026-06-18 03:04:50.827177,995.9606713226158,0.0008904373074417359,0.5,1000.0,1.8577123092188446,0,1038932.4341820393,0.00991036497195463,34063.45968989411,34039.90660660802
2026-06-18 03:09:50.827177,997.9528956982515,0.0010767241050897258,0.5,1000.0,2.046127208431783,0,948218.1010758176,0.010139333650804385,42362.80591289996,42233.719929640276
2026-06-18 03:14:50.827177,997.6512914841943,0.001056118710935158,0.5,1000.0,1.9075642666369625,0,900980.133433271,0.010269697966124995,37281.62185025081,37371.07762700846
2026-06-18 03:19:50.827177,998.4506158440819,0.0009770117692084763,0.5,1000.0,1.954900598297069,0,998898.768571118,0.01000820299227353,38188.451946158806,38308.65923065617
2026-06-18 03:24:50.827177,997.2609461423333,0.0010271695413935904,0.5,1000.0,2.0293949387943164,0,985152.029533842,0.010042935205234738,41247.97367576557,41238.58372040805
2026-06-18 03:29:50.827177,997.7370548086567,0.0010001573863453164,0.5,1000.0,1.9227457888157764,0,959046.4194284574,0.010110591590709261,37293.780224415146,37325.82783964119
2026-06-18 03:34:50.827177,999.6520943428831,0.001061499518421934,0.5,1000.0,1.9942036000331698,0,939006.4577150743,0.010164109381363199,40407.05531300691,40199.788417975506
2026-06-18 03:39:50.827177,997.1264715255236,0.001049134157138497,0.5,1000.0,1.8486169498755145,0,878488.6488965545,0.010334808560157508,35216.528575912256,35328.90588674712
2026-06-18 03:44:50.827177,994.7868457985227,0.0009299964638408496,0.5,1000.0,2.0630875603596155,0,1103408.693781618,0.009762305054674361,41334.97975341722,41414.305887390015
2026-06-18 03:49:50.827177,1001.4991678084108,0.0010293631206732088,0.5,1000.0,2.176491380555077,0,1058787.8381258298,0.009863572447593385,46794.92275571763,46819.94514712963
2026-06-18 03:54:50.827177,1000.7629081573809,0.0009897186073178376,0.5,1000.0,2.279220886790996,0,1152327.3919136776,0.009657006048670985,50204.949684151004,50079.70472653263
2026-06-18 03:59:50.827177,995.4154746097888,0.001004141628525905,0.5,1000.0,2.009116814666644,0,995828.6315416466,0.01001590790596973,40244.36575031877,40079.928306195055
2026-06-18 04:04:50.827177,999.3794156104904,0.0009635914049515093,0.5,1000.0,2.078820414079719,0,1078014.1457813722,0.00981929618039928,42407.698712801786,42610.356254162914
2026-06-18 04:09:50.827177,996.9940504588973,0.0010874068534560417,0.5,1000.0,0.9672209863317665,1,443400.53853207565,0.012261325472129596,11436.191251469189,22656.813649380176
2026-06-18 04:14:50.827177,998.5269744306621,0.0010520030909951289,0.5,1000.0,2.150273432630559,0,1020484.6560156959,0.009954853085546885,45960.21321236565,45973.63162659466
2026-06-18 04:19:50.827177,998.588448258027,0.0009630114418013516,0.5,1000.0,2.0776228504724106,0,1077188.747850115,0.009821176653745569,42333.43282749038,42236.563593716426
2026-06-18 04:24:50.827177,997.5311843993674,0.0009332694696544884,0.5,1000.0,1.9516066555048768,0,1042993.7771714535,0.009900703289609495,37616.389421395186,37387.498552529745
2026-06-18 04:29:50.827177,996.4324686688273,0.0009807163684511077,0.5,1000.0,2.123718080028901,0,1078875.4615067472,0.009817335794863161,44119.9737403751,44164.7744403405
2026-06-18 04:34:50.827177,996.6189178953675,0.0010217251323045653,0.5,1000.0,1.9745523923354658,0,963016.4739798523,0.01010015516399397,39245.91833560486,39306.30439548824
2026-06-18 04:39:50.827177,996.1676161690375,0.001012010292197311,0.5,1000.0,0.8503341897483084,1,418511.2489861164,0.012439693813326144,8960.276115619794,30241.36647413906
2026-06-18 04:44:50.827177,996.3363555835391,0.0010626566412384121,0.5,1000.0,2.0475334925427493,0,959873.5747408684,0.010108412727357055,42223.18328835874,42334.011810403186
2026-06-18 04:49:50.827177,997.8656434199013,0.0010394959861090426,0.5,1000.0,1.8936645500169682,0,908912.9827702477,0.010247216173637512,36667.7335171671,36615.073344338256
2026-06-18 04:54:50.827177,996.5684800217784,0.0010484784512876453,0.5,1000.0,2.102162476439995,0,999042.4034617969,0.010007843246619073,44073.769970940426,43965.51093017402
2026-06-18 04:59:50.827177,999.3641041314253,0.001016342770030522,0.5,1000.0,1.8944010188073157,0,931376.9098633808,0.010184861042970443,36527.73062065595,36412.912487621135
2026-06-18 05:04:50.827177,1000.9744923106718,0.0009305350634894505,0.5,1000.0,1.8949945210176813,0,1019220.6898115898,0.009957937979402672,35793.84432084089,35880.96694065061
2026-06-18 05:09:50.827177,996.83989351726,0.000990215073442655,0.5,1000.0,1.9090310211591666,0,960901.4904395189,0.010105708296399597,36712.853340991824,36520.47953397757
2026-06-18 05:14:50.827177,998.4788090010708,0.0010530044869954333,0.5,1000.0,2.075950003751612,0,984227.5664019403,0.010045292651630044,43225.0222709501,43100.80506821086
2026-06-18 05:19:50.827177,998.9993702206059,0.0009974238535737678,0.5,1000.0,1.9383224638480292,0,970692.1053324412,0.010080129242297604,37834.096988112426,37877.25695222724
2026-06-18 05:24:50.827177,998.9440045418386,0.0010251545184311874,0.5,1000.0,1.8652004215632831,0,908756.0679344648,0.010247658491492173,35613.67559976376,35643.543353916204
2026-06-18 05:29:50.827177,998.1519105358321,0.0009840625842376933,0.5,1000.0,1.9394320000064202,0,983599.9189321621,0.010046894775176908,37720.51471258331,37618.316546848546
2026-06-18 05:34:50.827177,999.4853648367194,0.0009485094075729078,0.5,1000.0,1.9967957629319513,0,1052055.006352191,0.009879315681091178,39370.469617912575,39499.10368937652
2026-06-18 05:39:50.827177,998.9644979053613,0.0009938327967976945,0.5,1000.0,1.8819027516335614,0,945810.0212882307,0.010145781311141045,35894.66510054096,35783.35845143668
2026-06-18 05:44:50.827177,995.5246751553454,0.0010154523721516327,0.5,1000.0,1.8848318890965656,0,923921.5474672706,0.010205345232942946,36093.165396685385,36072.31065961962
2026-06-18 05:49:50.827177,999.7383121287786,0.0009672156140269278,0.5,1000.0,2.2111296334099584,0,1142739.517200171,0.009677198809080164,47300.35593970743,47266.263051163914
2026-06-18 05:54:50.827177,999.7745816745335,0.0009882144377571665,0.5,1000.0,1.9139434596186113,0,968166.39616791,0.010086696968198083,36941.053160690455,36907.3466781225
2026-06-18 05:59:50.827177,996.4734277916428,0.0009530268379007009,0.5,1000.0,1.9676957631226992,0,1028699.5412684623,0.009934919175062975,38330.63036206613,38311.09729127973
2026-06-18 06:04:50.827177,998.0758756708952,0.0010559622458782049,0.5,1000.0,1.9632762999200715,0,927826.122513025,0.01019459144671472,39218.97438400435,39196.45453351731
2026-06-18 06:09:50.827177,999.3666579856222,0.0009852772121205983,0.5,1000.0,1.957864319222956,0,992930.8713432668,0.010023207505228829,38396.952877508986,38373.20146073007
2026-06-18 06:14:50.827177,997.5813723608413,0.0010726377772563092,0.5,1000.0,2.06213467399691,0,958919.7684891691,0.010110925417517907,42891.70274519874,42873.5100294432
2026-06-18 06:19:50.827177,1000.145956095532,0.0010764373925270456,0.5,1000.0,2.094814295047205,0,973173.2010182537,0.010073698292601267,44212.327730653175,44320.86344308436
2026-06-18 06:24:50.827177,1002.7277449892388,0.0009959477017639129,0.5,1000.0,1.9694045568468408,0,991405.7669700211,0.010027060021448096,38996.58020597374,38973.33884476203
2026-06-18 06:29:50.827177,996.42802793473,0.0009495775633726326,0.5,1000.0,1.8763521713407652,0,984464.021643296,0.010044689410674525,35237.99226736035,35307.186870144775
2026-06-18 06:34:50.827177,995.2379107936924,0.0008957051061133332,0.5,1000.0,2.1274440227848905,0,1181925.2397446197,0.009595972022095148,43224.71789096716,43239.59015004256
2026-06-18 06:39:50.827177,998.6076371912097,0.0009263981463486604,0.5,1000.0,1.9904658908803317,0,1072807.8677812968,0.009831187688452718,38896.484405446645,38933.107454209145
2026-06-18 06:44:50.827177,999.4431250102523,0.000931308258755067,0.5,1000.0,2.1730321814857168,0,1166006.0209898327,0.009628558570691139,45441.397333067776,45519.18845660904
2026-06-18 06:49:50.827177,997.5382672523104,0.0010689234813730754,0.5,1000.0,1.7754414102434837,0,828436.6368803459,0.010487492194157436,32977.20968833146,32863.18248931163
2026-06-18 06:54:50.827177,1000.9065213266421,0.0010057912293613474,0.5,1000.0,2.019540322128332,0,1004866.1290195758,0.009993311452707938,40795.09973218863,40857.83972488554
2026-06-18 06:59:50.827177,995.3227884005535,0.0010194802262045994,0.5,1000.0,2.1918606333876207,0,1069961.329966464,0.009837719927230468,47041.837265029186,47020.62185710747
2026-06-18 07:04:50.827177,999.3858372460633,0.0008889789495532437,0.5,1000.0,1.9646735864561842,0,1104338.2737591704,0.009760250043660608,37650.86404614302,37554.763446230594
2026-06-18 07:09:50.827177,996.7882783584822,0.0009401016785391369,0.5,1000.0,1.9774506576665365,0,1048343.8555589269,0.00988804732461353,38541.15893217267,38618.73693512491
2026-06-18 07:14:50.827177,1001.4387558124146,0.0010443539888223144,0.5,1000.0,2.029551169159034,0,973075.8054518512,0.010073950353314792,41555.08848082891,41512.548882773095
2026-06-18 07:19:50.827177,1001.9850307063363,0.0010143387056191294,0.5,1000.0,1.9441204181115044,0,960221.4457789366,0.010107497078713798,38278.171226188046,38315.92070269454
2026-06-18 07:24:50.827177,996.4666868244333,0.0009926397360657201,0.5,1000.0,1.9687928067947267,0,988191.5734132115,0.010035203603262231,38760.466953942145,38489.22209438384
2026-06-18 07:29:50.827177,996.9008857281829,0.0010282421179300062,0.5,1000.0,1.9662184905808597,0,953143.6811503076,0.010126208878502452,39026.75259968431,39099.36087291001
2026-06-18 07:34:50.827177,999.7191757739596,0.0010817898903067908,0.5,1000.0,1.9372579265573626,0,895143.2782618504,0.010286398287481907,38593.685340488075,38852.6945582635
2026-06-18 07:39:50.827177,997.225738700421,0.0009889478768231475,0.5,1000.0,2.122885655020056,0,1070327.4991117064,0.009836878425042812,44208.31763494972,44207.55115364397
2026-06-18 07:44:50.827177,997.9091775641356,0.0010034684901329034,0.5,1000.0,2.0461078032296434,0,1017386.0839706215,0.009962424120566587,41621.05329665683,41594.6977977026
2026-06-18 07:49:50.827177,998.0507768410848,0.0010096298459365653,0.5,1000.0,2.0250628232103303,0,1000919.0655324864,0.010003148921139123,40941.74726272041,40895.61816051644
2026-06-18 07:54:50.827177,994.1606536876047,0.0011196054817636998,0.5,1000.0,2.0808571006890118,0,923855.0047971703,0.010205528993537402,43931.55798865554,43987.11760981271
2026-06-18 07:59:50.827177,997.9723245078115,0.0008950321867790487,0.5,1000.0,1.9735644166796533,0,1100274.7708814582,0.009769249158114203,37973.64589900835,37943.23531252602
2026-06-18 08:04:50.827177,996.6205444518716,0.0010341611507394405,0.5,1000.0,1.92257961816471,0,926394.4717113756,0.01019852784876924,37569.54967927995,37634.30552071932
2026-06-18 08:09:50.827177,997.0137543552005,0.0009942598875620468,0.5,1000.0,0.8069399425230593,1,404587.4884919756,0.012545366771660744,8144.547086668477,23803.928393429327
2026-06-18 08:14:50.827177,1000.8872640069376,0.001028338586309209,0.5,1000.0,2.000178304110461,0,973391.9435583604,0.010073132299609907,40335.470327847295,40419.57422390212
2026-06-18 08:19:50.827177,995.4869862114415,0.0009671313723002638,0.5,1000.0,1.8940788291627098,0,974805.9463759613,0.010069477420434925,35961.567949006836,35944.10132013898
2026-06-18 08:24:50.827177,999.6264103734959,0.0009975517484570775,0.5,1000.0,1.9499738983413324,0,977014.6818628077,0.010063781576671782,38252.20902541496,38140.66147517385
2026-06-18 08:29:50.827177,997.4420741393363,0.0010355705289732749,0.5,1000.0,1.9483883358128566,0,938325.5164806931,0.01016595289898071,38493.4484103088,38452.626525773114
2026-06-18 08:34:50.827177,997.4404796630083,0.0011556455100521922,0.5,1000.0,2.2124556229829015,0,954787.9425938843,0.010121846418136408,49419.21808848835,49403.14943192032
2026-06-18 08:39:50.827177,999.5807437921035,0.0010404018094701036,0.5,1000.0,1.7226185060066084,0,827515.0388200124,0.010490410938253607,31116.346516711714,30984.486580665525
2026-06-18 08:44:50.827177,998.6801025891377,0.0009575967200984746,0.5,1000.0,1.9820380278594367,0,1033536.2994949901,0.009923275326087208,38931.88249020368,39040.576011986945
